cve_entidad,desc_entidad,cve_municipio,desc_municipio,id_indicador,indicador,año,valor,unidad_medida
23,Quintana Roo,0,ESTATAL,1001000001,Superficie continental,2020,44705.2388834,Kilómetros cuadrados
23,Quintana Roo,0,ESTATAL,1002000001,Población total,2020,1857985,Personas
23,Quintana Roo,0,ESTATAL,1002000002,Población total hombres,2020,936779,Personas
23,Quintana Roo,0,ESTATAL,1002000003,Población total mujeres,2020,921206,Personas
23,Quintana Roo,0,ESTATAL,1002000004,Porcentaje de población de 15 a 29 años,2020,27.0547093218535,Porcentaje
23,Quintana Roo,0,ESTATAL,1002000005,Porcentaje de hombres de 15 a 29 años,2020,27.0691952092136,Porcentaje
23,Quintana Roo,0,ESTATAL,1002000006,Porcentaje de mujeres de 15 a 29 años,2020,27.0399754031306,Porcentaje
23,Quintana Roo,0,ESTATAL,1002000007,Porcentaje de población de 60 y más años,2020,7.13416655643037,Porcentaje
23,Quintana Roo,0,ESTATAL,1002000008,Porcentaje de hombres de 60 y más años,2020,6.91660602972326,Porcentaje
23,Quintana Roo,0,ESTATAL,1002000009,Porcentaje de mujeres de 60 y más años,2020,7.3554522145418,Porcentaje
23,Quintana Roo,0,ESTATAL,1002000010,Edad mediana,2020,28,Años
23,Quintana Roo,0,ESTATAL,1002000011,Edad mediana hombres,2020,28,Años
23,Quintana Roo,0,ESTATAL,1002000012,Edad mediana mujeres,2020,29,Años
23,Quintana Roo,0,ESTATAL,1002000013,Promedio de hijos nacidos vivos de las mujeres de 12 años y más,2020,1.76085399486835,Promedio
23,Quintana Roo,0,ESTATAL,1002000014,Población en hogares censales,2020,1852928,Personas
23,Quintana Roo,0,ESTATAL,1002000015,Población en hogares familiares,2020,1714733,Personas
23,Quintana Roo,0,ESTATAL,1002000016,Población en hogares no familiares,2020,118326,Personas
23,Quintana Roo,0,ESTATAL,1002000018,Hogares censales,2020,575489,Hogares
23,Quintana Roo,0,ESTATAL,1002000019,Hogares con jefatura masculina,2020,388219,Hogares
23,Quintana Roo,0,ESTATAL,1002000020,Hogares con jefatura femenina,2020,187270,Hogares
23,Quintana Roo,0,ESTATAL,1002000021,Tamaño promedio de los hogares censales,2020,3.21974529487097,Personas
23,Quintana Roo,0,ESTATAL,1002000022,Tamaño promedio de los hogares con jefe hombre,2020,3.26900280511773,Personas
23,Quintana Roo,0,ESTATAL,1002000023,Tamaño promedio de los hogares con jefe mujer,2020,3.11763229561596,Personas
23,Quintana Roo,0,ESTATAL,1002000024,Relación hombres-mujeres,2020,101.690501364516,Hombres por cada 100 mujeres
23,Quintana Roo,0,ESTATAL,1002000041,Porcentaje de personas de 15 años y más alfabetas,2020,96.6464742820734,Porcentaje
23,Quintana Roo,0,ESTATAL,1002000050,Tasa de alfabetización de las personas de 15 a 24 años,2020,98.8459003385188,Tasa
23,Quintana Roo,0,ESTATAL,1002000055,Población de edad no especificada,2020,21022,Personas
23,Quintana Roo,0,ESTATAL,1002000056,Población de edad no especificada. Hombres,2020,10501,Personas
23,Quintana Roo,0,ESTATAL,1002000057,Población de edad no especificada. Mujeres,2020,10521,Personas
23,Quintana Roo,0,ESTATAL,1002000058,Población de 0 a 4 años,2020,147731,Personas
23,Quintana Roo,0,ESTATAL,1002000059,Población de 0 a 4 años. Hombres,2020,75158,Personas
23,Quintana Roo,0,ESTATAL,1002000060,Población de 0 a 4 años. Mujeres,2020,72573,Personas
23,Quintana Roo,0,ESTATAL,1002000061,Población de 10 a 14 años,2020,154281,Personas
23,Quintana Roo,0,ESTATAL,1002000062,Población de 10 a 14 años. Hombres,2020,78464,Personas
23,Quintana Roo,0,ESTATAL,1002000063,Población de 10 a 14 años. Mujeres,2020,75817,Personas
23,Quintana Roo,0,ESTATAL,1002000064,Población de 100 años y más,2020,102,Personas
23,Quintana Roo,0,ESTATAL,1002000065,Población de 100 años y más. Hombres,2020,66,Personas
23,Quintana Roo,0,ESTATAL,1002000066,Población de 100 años y más. Mujeres,2020,36,Personas
23,Quintana Roo,0,ESTATAL,1002000067,Población de 15 a 19 años,2020,147549,Personas
23,Quintana Roo,0,ESTATAL,1002000068,Población de 15 a 19 años. Hombres,2020,74516,Personas
23,Quintana Roo,0,ESTATAL,1002000069,Población de 15 a 19 años. Mujeres,2020,73033,Personas
23,Quintana Roo,0,ESTATAL,1002000070,Población de 20 a 24 años,2020,164989,Personas
23,Quintana Roo,0,ESTATAL,1002000071,Población de 20 a 24 años. Hombres,2020,83186,Personas
23,Quintana Roo,0,ESTATAL,1002000072,Población de 20 a 24 años. Mujeres,2020,81803,Personas
23,Quintana Roo,0,ESTATAL,1002000073,Población de 25 a 29 años,2020,184447,Personas
23,Quintana Roo,0,ESTATAL,1002000074,Población de 25 a 29 años. Hombres,2020,93034,Personas
23,Quintana Roo,0,ESTATAL,1002000075,Población de 25 a 29 años. Mujeres,2020,91413,Personas
23,Quintana Roo,0,ESTATAL,1002000076,Población de 30 a 34 años,2020,175133,Personas
23,Quintana Roo,0,ESTATAL,1002000077,Población de 30 a 34 años. Hombres,2020,88048,Personas
23,Quintana Roo,0,ESTATAL,1002000078,Población de 30 a 34 años. Mujeres,2020,87085,Personas
23,Quintana Roo,0,ESTATAL,1002000079,Población de 35 a 39 años,2020,161472,Personas
23,Quintana Roo,0,ESTATAL,1002000080,Población de 35 a 39 años. Hombres,2020,81665,Personas
23,Quintana Roo,0,ESTATAL,1002000081,Población de 35 a 39 años. Mujeres,2020,79807,Personas
23,Quintana Roo,0,ESTATAL,1002000082,Población de 40 a 44 años,2020,136731,Personas
23,Quintana Roo,0,ESTATAL,1002000083,Población de 40 a 44 años. Hombres,2020,68835,Personas
23,Quintana Roo,0,ESTATAL,1002000084,Población de 40 a 44 años. Mujeres,2020,67896,Personas
23,Quintana Roo,0,ESTATAL,1002000085,Población de 45 a 49 años,2020,117045,Personas
23,Quintana Roo,0,ESTATAL,1002000086,Población de 45 a 49 años. Hombres,2020,59554,Personas
23,Quintana Roo,0,ESTATAL,1002000087,Población de 45 a 49 años. Mujeres,2020,57491,Personas
23,Quintana Roo,0,ESTATAL,1002000088,Población de 5 a 9 años,2020,155388,Personas
23,Quintana Roo,0,ESTATAL,1002000089,Población de 5 a 9 años. Hombres,2020,78621,Personas
23,Quintana Roo,0,ESTATAL,1002000090,Población de 5 a 9 años. Mujeres,2020,76767,Personas
23,Quintana Roo,0,ESTATAL,1002000091,Población de 50 a 54 años,2020,94160,Personas
23,Quintana Roo,0,ESTATAL,1002000092,Población de 50 a 54 años. Hombres,2020,47616,Personas
23,Quintana Roo,0,ESTATAL,1002000093,Población de 50 a 54 años. Mujeres,2020,46544,Personas
23,Quintana Roo,0,ESTATAL,1002000094,Población de 55 a 59 años,2020,66985,Personas
23,Quintana Roo,0,ESTATAL,1002000095,Población de 55 a 59 años. Hombres,2020,33514,Número de personas
23,Quintana Roo,0,ESTATAL,1002000096,Población de 55 a 59 años. Mujeres,2020,33471,Número de personas
23,Quintana Roo,0,ESTATAL,1002000097,Población de 60 a 64 años,2020,49321,Personas
23,Quintana Roo,0,ESTATAL,1002000098,Población de 60 a 64 años. Hombres,2020,24175,Número de personas
23,Quintana Roo,0,ESTATAL,1002000099,Población de 60 a 64 años. Mujeres,2020,25146,Número de personas
23,Quintana Roo,0,ESTATAL,1002000100,Población de 65 a 69 años,2020,34204,Personas
23,Quintana Roo,0,ESTATAL,1002000101,Población de 65 a 69 años. Hombres,2020,16738,Número de personas
23,Quintana Roo,0,ESTATAL,1002000102,Población de 65 a 69 años. Mujeres,2020,17466,Número de personas
23,Quintana Roo,0,ESTATAL,1002000103,Población de 70 a 74 años,2020,21678,Personas
23,Quintana Roo,0,ESTATAL,1002000104,Población de 70 a 74 años. Hombres,2020,10704,Número de personas
23,Quintana Roo,0,ESTATAL,1002000105,Población de 70 a 74 años. Mujeres,2020,10974,Número de personas
23,Quintana Roo,0,ESTATAL,1002000106,Población de 75 a 79 años,2020,12688,Personas
23,Quintana Roo,0,ESTATAL,1002000107,Población de 75 a 79 años. Hombres,2020,6268,Número de personas
23,Quintana Roo,0,ESTATAL,1002000108,Población de 75 a 79 años. Mujeres,2020,6420,Número de personas
23,Quintana Roo,0,ESTATAL,1002000109,Población de 80 a 84 años,2020,7421,Personas
23,Quintana Roo,0,ESTATAL,1002000110,Población de 80 a 84 años. Hombres,2020,3570,Número de personas
23,Quintana Roo,0,ESTATAL,1002000111,Población de 80 a 84 años. Mujeres,2020,3851,Número de personas
23,Quintana Roo,0,ESTATAL,1002000112,Población de 85 a 89 años,2020,3775,Personas
23,Quintana Roo,0,ESTATAL,1002000113,Población de 85 a 89 años. Hombres,2020,1729,Número de personas
23,Quintana Roo,0,ESTATAL,1002000114,Población de 85 a 89 años. Mujeres,2020,2046,Número de personas
23,Quintana Roo,0,ESTATAL,1002000115,Población de 90 a 94 años,2020,1332,Personas
23,Quintana Roo,0,ESTATAL,1002000116,Población de 90 a 94 años. Hombres,2020,564,Número de personas
23,Quintana Roo,0,ESTATAL,1002000117,Población de 90 a 94 años. Mujeres,2020,768,Número de personas
23,Quintana Roo,0,ESTATAL,1002000118,Población de 95 a 99 años,2020,531,Personas
23,Quintana Roo,0,ESTATAL,1002000119,Población de 95 a 99 años. Hombres,2020,253,Número de personas
23,Quintana Roo,0,ESTATAL,1002000120,Población de 95 a 99 años. Mujeres,2020,278,Número de personas
23,Quintana Roo,0,ESTATAL,1002000127,Relación de dependencia,2020,41.5408928120127,Personas dependientes por cada 100 personas en edad de trabajar
23,Quintana Roo,0,ESTATAL,1003000001,Total de viviendas particulares habitadas,2020,575489,Viviendas
23,Quintana Roo,0,ESTATAL,1003000011,Viviendas particulares habitadas,2020,512195,Número de Viviendas
23,Quintana Roo,0,ESTATAL,1003000015,Promedio de ocupantes en viviendas particulares habitadas,2020,3.22078157331866,Promedio
23,Quintana Roo,0,ESTATAL,1003000017,Viviendas particulares habitadas que disponen de energía eléctrica,2020,562025,Viviendas
23,Quintana Roo,0,ESTATAL,1003000018,Viviendas particulares habitadas que disponen de agua de la red pública en el ámbito de la vivienda,2020,558100,Viviendas
23,Quintana Roo,0,ESTATAL,1003000019,Viviendas particulares habitadas que disponen de drenaje,2020,556294,Viviendas
23,Quintana Roo,0,ESTATAL,1003000020,Viviendas particulares habitadas que disponen de excusado o sanitario,2020,560208,Viviendas
23,Quintana Roo,0,ESTATAL,1003000023,Viviendas particulares habitadas que disponen de lavadora,2020,428937,Viviendas
23,Quintana Roo,0,ESTATAL,1003000024,Viviendas particulares habitadas que disponen de computadora,2020,213846,Viviendas
23,Quintana Roo,0,ESTATAL,1004000001,Población derechohabiente a servicios de salud,2020,1365328,Personas
23,Quintana Roo,0,ESTATAL,1005000012,Población de 5 años y más que asiste a la escuela,2020,436080,Personas
23,Quintana Roo,0,ESTATAL,1005000038,Grado promedio de escolaridad de la población de 15 y más años,2020,10.2392894887778,Años de escolaridad
23,Quintana Roo,0,ESTATAL,1005000039,Población de 5 años y más hablante de lengua indígena,2020,203317,Personas
23,Quintana Roo,0,ESTATAL,3104003001,Porcentaje de población inmigrante (migración reciente),2020,11.2589308745808,Porcentaje
23,Quintana Roo,0,ESTATAL,3105001001,Densidad de población,2020,41.5607889904355,Habitantes por kilómetro cuadrado
23,Quintana Roo,0,ESTATAL,3105004001,Porcentaje de población en localidades de menos de 2 500 habitantes,2020,9.72704300626754,Porcentaje
23,Quintana Roo,0,ESTATAL,3108001001,Porcentaje de analfabetas total,2020,3.06067936005822,Porcentaje
23,Quintana Roo,0,ESTATAL,3108001002,Porcentaje de analfabetas hombres,2020,2.47249778469386,Porcentaje
23,Quintana Roo,0,ESTATAL,3108001003,Porcentaje de analfabetas mujeres,2020,3.65615992344587,Porcentaje
23,Quintana Roo,0,ESTATAL,3114004001,Porcentaje de viviendas con piso de tierra,2020,2.23000606140834,Porcentaje
23,Quintana Roo,0,ESTATAL,3114006001,Porcentaje de viviendas con electricidad,2020,97.892615532533,Porcentaje
23,Quintana Roo,0,ESTATAL,6200031290,Porcentaje de viviendas particulares habitadas con disponibilidad de drenaje,2020,96.894399119354,Porcentaje
23,Quintana Roo,0,ESTATAL,6200031291,Porcentaje de viviendas particulares habitadas con disponibilidad de excusado,2020,97.576133378852,Porcentaje
23,Quintana Roo,0,ESTATAL,6200108938,Porcentaje de viviendas con techos de materiales resistentes,2020,91.4889218029541,Porcentaje
23,Quintana Roo,0,ESTATAL,6200205238,Población de 8 a 14 años que sabe leer y escribir,2020,208825,Personas
23,Quintana Roo,0,ESTATAL,6200205243,Viviendas habitadas,2020,575635,Viviendas
23,Quintana Roo,0,ESTATAL,6200205244,Viviendas que son cuarto de azotea,2020,30,Viviendas
23,Quintana Roo,0,ESTATAL,6200205245,Viviendas móviles,2020,22,Viviendas
23,Quintana Roo,0,ESTATAL,6200205246,Viviendas que son departamento en edificio o vivienda en vecindad,2020,87534,Viviendas
23,Quintana Roo,0,ESTATAL,6200205247,Viviendas que son refugio,2020,68,Viviendas
23,Quintana Roo,0,ESTATAL,6200205248,Viviendas colectivas,2020,146,Viviendas
23,Quintana Roo,0,ESTATAL,6200205249,Viviendas que son casa independiente o local no construido para habitación,2020,390339,Viviendas
23,Quintana Roo,0,ESTATAL,6200205251,Promedio de hijos nacidos vivos de las mujeres de 12 años y más casada sólo religiosamente,2020,2.82986068302306,Promedio
23,Quintana Roo,0,ESTATAL,6200205252,Población de 5 años y más inmigrante,2020,187683,Personas
23,Quintana Roo,0,ESTATAL,6200205253,Población total sin limitación en la actividad,2020,1592700,Personas
23,Quintana Roo,0,ESTATAL,6200205254,Población total que no especificó limitación en la actividad,2020,23490,Personas
23,Quintana Roo,0,ESTATAL,6200205255,Porcentaje de la población migrante internacional destino otro país,2020,39.3109957527135,Porcentaje
23,Quintana Roo,0,ESTATAL,6200205256,Población de 5 años y más con religión no especificada,2020,4499,Personas
23,Quintana Roo,0,ESTATAL,6200205257,Población de 5 años y más católica,2020,942844,Personas
23,Quintana Roo,0,ESTATAL,6200205258,Promedio de hijos nacidos vivos de las mujeres de 12 años y más solteras,2020,0.289287801466088,Promedio
23,Quintana Roo,0,ESTATAL,6200205259,Población nacida en otro país residente en México,2020,39586,Personas
23,Quintana Roo,0,ESTATAL,6200205260,Población con limitación en la actividad para escuchar,2020,25762,Personas
23,Quintana Roo,0,ESTATAL,6200205261,Población con limitación en la actividad para hablar o comunicarse,2020,11005,Personas
23,Quintana Roo,0,ESTATAL,6200205263,Población con limitación en la actividad para caminar o moverse,2020,41086,Personas
23,Quintana Roo,0,ESTATAL,6200205264,Porcentaje de la población migrante internacional destino no especificado,2020,16.5644171779141,Porcentaje
23,Quintana Roo,0,ESTATAL,6200205265,Promedio de hijos nacidos vivos de las mujeres de 12 años y más que no especificó estado conyugal,2020,1.29411764705882,Promedio
23,Quintana Roo,0,ESTATAL,6200205266,Promedio de hijos nacidos vivos de las mujeres de 12 años y más casada civil y religiosamente,2020,2.73777123942626,Promedio
23,Quintana Roo,0,ESTATAL,6200205267,Promedio de hijos nacidos vivos de las mujeres de 12 años y más separadas,2020,2.57573034605324,Promedio
23,Quintana Roo,0,ESTATAL,6200205268,Población nacida en otro país residente en México hombres,2020,19107,Personas
23,Quintana Roo,0,ESTATAL,6200205269,Población con limitación en la actividad para atender el cuidado personal,2020,6796,Personas
23,Quintana Roo,0,ESTATAL,6200205270,Población con limitación en la actividad para poner atención o aprender,2020,26388,Personas
23,Quintana Roo,0,ESTATAL,6200205271,Población con limitación en la actividad,2020,164117,Personas
23,Quintana Roo,0,ESTATAL,6200205272,Porcentaje de población nacida en otro país residente en México,2020,2.1305877065746,Porcentaje
23,Quintana Roo,0,ESTATAL,6200205273,Población de 5 años y más con religión distinta de católica,2020,376031,Personas
23,Quintana Roo,0,ESTATAL,6200205274,Porcentaje de población masculina nacida en otro país residente en México,2020,2.03964862576979,Porcentaje
23,Quintana Roo,0,ESTATAL,6200205275,Promedio de hijos nacidos vivos de las mujeres de 12 años y más divorciadas,2020,2.37433810824369,Promedio
23,Quintana Roo,0,ESTATAL,6200205276,Promedio de hijos nacidos vivos de las mujeres de 12 años y más en unión libre,2020,1.82588664674301,Promedio
23,Quintana Roo,0,ESTATAL,6200205277,Población de 5 años y más emigrante,2020,73106,Personas
23,Quintana Roo,0,ESTATAL,6200205279,Promedio de hijos nacidos vivos de las mujeres de 12 años y más casada sólo por lo civil,2020,2.34260468954136,Promedio
23,Quintana Roo,0,ESTATAL,6200205280,Población con limitación en la actividad para ver,2020,110750,Personas
23,Quintana Roo,0,ESTATAL,6200205282,Porcentaje de población femenina nacida en otro país residente en México,2020,2.22306411378128,Porcentaje
23,Quintana Roo,0,ESTATAL,6200205283,Promedio de hijos nacidos vivos de las mujeres de 12 años y más viudas,2020,4.37142144327325,Promedio
23,Quintana Roo,0,ESTATAL,6200205284,Población nacida en otro país residente en México mujeres,2020,20479,Personas
23,Quintana Roo,0,ESTATAL,6200205285,Porcentaje de la población migrante internacional destino Estados Unidos de América,2020,44.1245870693723,Porcentaje
23,Quintana Roo,0,ESTATAL,6200205286,Población con limitación en la actividad mental,2020,19735,Personas
23,Quintana Roo,0,ESTATAL,6200205288,Índice de masculinidad de la población nacida en otro país residente en México,2020,93.3004541237365,Índice
23,Quintana Roo,0,ESTATAL,6200205289,Población de 5 años y más sin religión,2020,365858,Personas
23,Quintana Roo,0,ESTATAL,6200240300,Porcentaje de hombres de 0 a 4 años,2020,4.09142699118055,Porcentaje
23,Quintana Roo,0,ESTATAL,6200240301,Población católica,2020,1016.131,Miles DE personas
23,Quintana Roo,0,ESTATAL,6200240302,Porcentaje de la población de 60 a 84 años con limitación en la actividad,2020,28.6620594994893,Porcentaje
23,Quintana Roo,0,ESTATAL,6200240304,Tasa de monolingüismo de la población de 5 años y más hablante de Tojolabal,2020,0,Porcentaje
23,Quintana Roo,0,ESTATAL,6200240305,Porcentaje de la población que profesa la religión católica,2020,54.6899463666284,Porcentaje
23,Quintana Roo,0,ESTATAL,6200240310,Porcentaje de mujeres de 75 a 79 años,2020,0.34948989173979,Porcentaje
23,Quintana Roo,0,ESTATAL,6200240311,Porcentaje de hombres de 10 a 14 años,2020,4.27139795412319,Porcentaje
23,Quintana Roo,0,ESTATAL,6200240312,Porcentaje de mujeres de 5 a 9 años,2020,4.17901721482686,Porcentaje
23,Quintana Roo,0,ESTATAL,6200240314,Porcentaje de la población de 15 años y más con instrucción media superior,2020,28.7331568040024,Porcentaje
23,Quintana Roo,0,ESTATAL,6200240315,Porcentaje de la población con limitación mental,2020,1.12606058531186,Porcentaje
23,Quintana Roo,0,ESTATAL,6200240316,Tasa de monolingüismo de la población de 5 años y más hablante de Maya,2020,3.90683566494054,Porcentaje
23,Quintana Roo,0,ESTATAL,6200240318,Población de 5 años y más hablante de Tzeltal  (Tseltal),2020,7308,Personas
23,Quintana Roo,0,ESTATAL,6200240319,Tasa de monolingüismo de la población de 5 años y más hablante de Mazateco,2020,0,Porcentaje
23,Quintana Roo,0,ESTATAL,6200240320,Población de 5 años y más hablante de Lenguas chinantecas,2020,132,Personas
23,Quintana Roo,0,ESTATAL,6200240323,Porcentaje de la población derechohabiente en el Seguro popular,2020,28.12408446908,Porcentaje
23,Quintana Roo,0,ESTATAL,6200240325,Tasa de monolingüismo de la población de 5 años y más hablante de Náhuatl,2020,0.72666294019005,Porcentaje
23,Quintana Roo,0,ESTATAL,6200240326,Población de 5 años y más hablante de Lenguas zapotecas,2020,1132,Personas
23,Quintana Roo,0,ESTATAL,6200240328,Porcentaje de mujeres de 55 a 59 años,2020,1.82208351501908,Porcentaje
23,Quintana Roo,0,ESTATAL,6200240330,Porcentaje de hombres de 75 a 79 años,2020,0.341215364707945,Porcentaje
23,Quintana Roo,0,ESTATAL,6200240331,Población de 5 años y más hablante de Maya,2020,173414,Personas
23,Quintana Roo,0,ESTATAL,6200240332,Población de 5 años y más hablante de Otomí,2020,99,Personas
23,Quintana Roo,0,ESTATAL,6200240334,Población de 5 años y más hablante de Tojolabal,2020,260,Personas
23,Quintana Roo,0,ESTATAL,6200240341,Porcentaje de mujeres de 40 a 44 años,2020,3.69610057469857,Porcentaje
23,Quintana Roo,0,ESTATAL,6200240342,Porcentaje de mujeres de 70 a 74 años,2020,0.597399076628108,Porcentaje
23,Quintana Roo,0,ESTATAL,6200240343,Porcentaje de hombres de 15 a 19 años,2020,4.05647800200657,Porcentaje
23,Quintana Roo,0,ESTATAL,6200240344,Porcentaje de mujeres de 85 años y más,2020,0.170281056286926,Porcentaje
23,Quintana Roo,0,ESTATAL,6200240345,Población de 5 años y más hablante de Mixe,2020,522,Personas
23,Quintana Roo,0,ESTATAL,6200240354,Porcentaje de mujeres de 10 a 14 años,2020,4.12730142087783,Porcentaje
23,Quintana Roo,0,ESTATAL,6200240356,Porcentaje de mujeres de 20 a 24 años,2020,4.45316536043459,Porcentaje
23,Quintana Roo,0,ESTATAL,6200240357,Porcentaje de hombres de 35 a 39 años,2020,4.44565296089252,Porcentaje
23,Quintana Roo,0,ESTATAL,6200240358,Porcentaje de la población de 0 a 14 años con limitación en la actividad,2020,3.65544381285527,Porcentaje
23,Quintana Roo,0,ESTATAL,6200240361,Población de 5 años y más hablante de Mazahua,2020,61,Personas
23,Quintana Roo,0,ESTATAL,6200240364,Tasa de monolingüismo de la población de 5 años y más hablante de Chatino,2020,0,Porcentaje
23,Quintana Roo,0,ESTATAL,6200240365,Porcentaje de la población de 15 años y más con instrucción superior,2020,21.5590734167269,Porcentaje
23,Quintana Roo,0,ESTATAL,6200240366,Tasa de monolingüismo de la población de 5 años y más hablante de Lenguas mixtecas,2020,2.8673835125448,Porcentaje
23,Quintana Roo,0,ESTATAL,6200240367,Porcentaje de la población con limitación para hablar o comunicarse,2020,5.89493935488645,Porcentaje
23,Quintana Roo,0,ESTATAL,6200240368,Porcentaje de la población de 15 años y más con instrucción no especificada,2020,0.29023683586759,Porcentaje
23,Quintana Roo,0,ESTATAL,6200240377,Porcentaje de mujeres de 45 a 49 años,2020,3.12967653676204,Porcentaje
23,Quintana Roo,0,ESTATAL,6200240378,Porcentaje de mujeres de 0 a 4 años,2020,3.95070559396134,Porcentaje
23,Quintana Roo,0,ESTATAL,6200240379,Porcentaje de mujeres de 80 a 84 años,2020,0.209639497366033,Porcentaje
23,Quintana Roo,0,ESTATAL,6200240381,Tasa de monolingüismo de la población de 5 años y más hablante de Tzotzil (Tsotsil),2020,1.12781954887218,Porcentaje
23,Quintana Roo,0,ESTATAL,6200240384,Porcentaje de mujeres de 15 a 19 años,2020,3.97574692576824,Porcentaje
23,Quintana Roo,0,ESTATAL,6200240386,Población de 5 años y más hablante de Lenguas mixtecas,2020,279,Personas
23,Quintana Roo,0,ESTATAL,6200240388,Porcentaje de hombres de 65 a 69 años,2020,0.911177851704144,Porcentaje
23,Quintana Roo,0,ESTATAL,6200240389,Tasa de crecimiento promedio anual de las viviendas particulares habitadas,2020,4.65307828594668,Tasa
23,Quintana Roo,0,ESTATAL,6200240390,Porcentaje de la población con discapacidad por accidente,2020,13.4216489454419,Porcentaje
23,Quintana Roo,0,ESTATAL,6200240395,"Viviendas, de cada cien que cuentan con electricidad, agua y drenaje",2020,95.2660052532206,Porcentaje
23,Quintana Roo,0,ESTATAL,6200240396,Porcentaje de la población de 30 a 59 años con limitación en la actividad,2020,11.0504493523843,Porcentaje
23,Quintana Roo,0,ESTATAL,6200240397,Tasa de monolingüismo de la población de 5 años y más hablante de Chol (Ch''ol),2020,0.74433096763025,Porcentaje
23,Quintana Roo,0,ESTATAL,6200240398,Tasa de monolingüismo de la población de 5 años y más hablante de Totonaca (Totonaco),2020,1.32827324478178,Porcentaje
23,Quintana Roo,0,ESTATAL,6200240407,Índice de envejecimiento,2020,28.6515085264539,Porcentaje
23,Quintana Roo,0,ESTATAL,6200240410,Porcentaje de hombres de 60 a 64 años,2020,1.31603086180832,Porcentaje
23,Quintana Roo,0,ESTATAL,6200240411,Porcentaje de hombres de 85 años y más,2020,0.142191214520924,Porcentaje
23,Quintana Roo,0,ESTATAL,6200240413,Tasa de monolingüismo de la población de 5 años y más hablante de Huasteco,2020,0,Porcentaje
23,Quintana Roo,0,ESTATAL,6200240414,"Porcentaje de la población derechohabiente en PEMEX, SDN o SM",2020,0.788381985867132,Porcentaje
23,Quintana Roo,0,ESTATAL,6200240416,Porcentaje de la población usuaria de servicios de salud en instituciones de servicios médicos privados,2020,2.45560041250161,Porcentaje
23,Quintana Roo,0,ESTATAL,6200240421,Porcentaje de la población derechohabiente en el ISSSTE,2020,8.2053543177903,Porcentaje
23,Quintana Roo,0,ESTATAL,6200240423,Porcentaje de hombres de 40 a 44 años,2020,3.74721755419135,Porcentaje
23,Quintana Roo,0,ESTATAL,6200240424,Tasa de monolingüismo de la población de 5 años y más hablante de Mixe,2020,0.57471264367816,Porcentaje
23,Quintana Roo,0,ESTATAL,6200240425,Porcentaje de hombres de 70 a 74 años,2020,0.582700903611014,Porcentaje
23,Quintana Roo,0,ESTATAL,6200240426,Porcentaje de mujeres de 60 a 64 años,2020,1.36888984699202,Porcentaje
23,Quintana Roo,0,ESTATAL,6200240427,Porcentaje de mujeres de 65 a 69 años,2020,0.950808481172457,Porcentaje
23,Quintana Roo,0,ESTATAL,6200240428,Tasa de monolingüismo de la población de 5 años y más hablante de Otomí,2020,0,Porcentaje
23,Quintana Roo,0,ESTATAL,6200240430,Porcentaje de la población con limitación para caminar y moverse,2020,25.0345789893795,Porcentaje
23,Quintana Roo,0,ESTATAL,6200240431,Población de 5 años y más hablante de Purépecha (Tarasco),2020,33,Personas
23,Quintana Roo,0,ESTATAL,6200240432,Tasa de monolingüismo de la población de 5 años y más hablante de Zoque,2020,0.36855036855036,Porcentaje
23,Quintana Roo,0,ESTATAL,6200240433,Tasa de monolingüismo de la población de 5 años y más hablante de Lenguas zapotecas,2020,0.53003533568904,Porcentaje
23,Quintana Roo,0,ESTATAL,6200240434,Población de 5 años y más hablante de Chatino,2020,7,Personas
23,Quintana Roo,0,ESTATAL,6200240435,Porcentaje de la población con limitación para atender el cuidado personal,2020,4.14094822596075,Porcentaje
23,Quintana Roo,0,ESTATAL,6200240443,Porcentaje de mujeres de 35 a 39 años,2020,4.34450775546377,Porcentaje
23,Quintana Roo,0,ESTATAL,6200240444,Porcentaje de hombres de 55 a 59 años,2020,1.82442433516625,Porcentaje
23,Quintana Roo,0,ESTATAL,6200240445,Porcentaje de hombres de 5 a 9 años,2020,4.27994466954424,Porcentaje
23,Quintana Roo,0,ESTATAL,6200240447,Porcentaje de la población de 15 años y más sin instrucción,2020,3.87195075542038,Porcentaje
23,Quintana Roo,0,ESTATAL,6200240449,Tasa de monolingüismo de la población de 5 años y más hablante de lengua indígena,2020,3.48323062016457,Porcentaje
23,Quintana Roo,0,ESTATAL,6200240450,Porcentaje de la población con limitación para ver,2020,67.482344912471,Porcentaje
23,Quintana Roo,0,ESTATAL,6200240451,Población de 5 años y más hablante de Tarahumara,2020,19,Personas
23,Quintana Roo,0,ESTATAL,6200240452,Población de 5 años y más hablante de Chol (Ch''ol),2020,5777,Personas
23,Quintana Roo,0,ESTATAL,6200240453,Población de 5 años y más hablante de Totonaca (Totonaco),2020,527,Personas
23,Quintana Roo,0,ESTATAL,6200240454,Tasa de monolingüismo de la población de 5 años y más hablante de Mazahua,2020,0,Porcentaje
23,Quintana Roo,0,ESTATAL,6200240458,Porcentaje de la población con discapacidad por edad avanzada,2020,19.6269827435942,Porcentaje
23,Quintana Roo,0,ESTATAL,6200240459,Porcentaje de la población con discapacidad por nacimiento,2020,17.7016812714913,Porcentaje
23,Quintana Roo,0,ESTATAL,6200240466,Población de 5 años y más hablante de Tlapaneco,2020,34,Personas
23,Quintana Roo,0,ESTATAL,6200240471,Porcentaje de la población derechohabiente en el IMSS,2020,60.6097582412431,Porcentaje
23,Quintana Roo,0,ESTATAL,6200240475,Porcentaje de hombres de 80 a 84 años,2020,0.194342509892687,Porcentaje
23,Quintana Roo,0,ESTATAL,6200240477,Porcentaje de la población de 85 y más con limitación en la actividad,2020,26.6376306620209,Porcentaje
23,Quintana Roo,0,ESTATAL,6200240478,Porcentaje de la población con limitación para escuchar,2020,15.6973378748088,Porcentaje
23,Quintana Roo,0,ESTATAL,6200240479,Porcentaje de la población con limitación para poner atención o aprender,2020,16.0787730704315,Porcentaje
23,Quintana Roo,0,ESTATAL,6200240480,Población de 5 años y más hablante de Huasteco,2020,27,Personas
23,Quintana Roo,0,ESTATAL,6200240481,Población de 5 años y más hablante de Tzotzil (Tsotsil),2020,4256,Personas
23,Quintana Roo,0,ESTATAL,6200240486,Porcentaje de hombres de 25 a 29 años,2020,5.06455492026786,Porcentaje
23,Quintana Roo,0,ESTATAL,6200240488,Porcentaje de la población de 15 a 29 años con limitación en la actividad,2020,5.41304063502923,Porcentaje
23,Quintana Roo,0,ESTATAL,6200240493,Porcentaje de la población de 5 años y más hablante de lengua indígena,2020,12.0360613580609,Porcentaje
23,Quintana Roo,0,ESTATAL,6200240495,Porcentaje de la población con discapacidad por otra causa,2020,18.449617316621,Porcentaje
23,Quintana Roo,0,ESTATAL,6200240496,Población de 5 años y más hablante de Náhuatl,2020,1789,Personas
23,Quintana Roo,0,ESTATAL,6200240497,Población no católica,2020,388699,Miles DE personas
23,Quintana Roo,0,ESTATAL,6200240499,Porcentaje de la población que profesa la religión protestante y evangélica,2020,20.6786922391731,Porcentaje
23,Quintana Roo,0,ESTATAL,6200240507,Porcentaje de mujeres de 50 a 54 años,2020,2.53374727743564,Porcentaje
23,Quintana Roo,0,ESTATAL,6200240509,Tasa de monolingüismo de la población de 5 años y más hablante de Tarahumara,2020,0,Porcentaje
23,Quintana Roo,0,ESTATAL,6200240518,Porcentaje de hombres de 30 a 34 años,2020,4.79312865855219,Porcentaje
23,Quintana Roo,0,ESTATAL,6200240520,Porcentaje de hombres de 20 a 24 años,2020,4.52845266888881,Porcentaje
23,Quintana Roo,0,ESTATAL,6200240521,Población de 5 años y más hablante de Zoque,2020,1628,Personas
23,Quintana Roo,0,ESTATAL,6200240522,Tasa de monolingüismo de la población de 5 años y más hablante de Purépecha (Tarasco),2020,0,Porcentaje
23,Quintana Roo,0,ESTATAL,6200240532,Porcentaje de hombres de 45 a 49 años,2020,3.2419814661482,Porcentaje
23,Quintana Roo,0,ESTATAL,6200240533,Porcentaje de hombres de 50 a 54 años,2020,2.59210446808128,Porcentaje
23,Quintana Roo,0,ESTATAL,6200240534,Tasa de monolingüismo de la población de 5 años y más hablante de Resto de lenguas,2020,1.7444843509492,Porcentaje
23,Quintana Roo,0,ESTATAL,6200240535,Población de 5 años y más hablante de Mazateco,2020,166,Personas
23,Quintana Roo,0,ESTATAL,6200240536,Tasa de monolingüismo de la población de 5 años y más hablante de Tlapaneco,2020,5.88235294117647,Porcentaje
23,Quintana Roo,0,ESTATAL,6200240537,Tasa de monolingüismo de la población de 5 años y más hablante de Tzeltal (Tseltal),2020,0.93048713738368,Porcentaje
23,Quintana Roo,0,ESTATAL,6200240538,Población de 5 años y más hablante del Resto de lenguas,2020,5847,Personas
23,Quintana Roo,0,ESTATAL,6200240539,Tasa de monolingüismo de la población de 5 años y más hablante de Lenguas chinantecas,2020,0.75757575757575,Porcentaje
23,Quintana Roo,0,ESTATAL,6200240540,Porcentaje de la población con discapacidad por enfermedad,2020,33.0945853867241,Porcentaje
23,Quintana Roo,0,ESTATAL,6200240548,Porcentaje de mujeres de 25 a 29 años,2020,4.97631144448745,Porcentaje
23,Quintana Roo,0,ESTATAL,6200240549,Porcentaje de mujeres de 30 a 34 años,2020,4.74070517479122,Porcentaje
23,Quintana Roo,0,ESTATAL,6205370864,Porcentaje de población que se considera afrodescendiente,2020,2.81299364634268,Porcentaje
23,Quintana Roo,0,ESTATAL,6207019007,Porcentaje de la población de 12 años y más viuda,2020,2.88014711533034,Porcentaje
23,Quintana Roo,0,ESTATAL,6207019009,Porcentaje de la población de 12 años y más casada,2020,30.6891746593299,Porcentaje
23,Quintana Roo,0,ESTATAL,6207019010,Porcentaje de población de 25 años y más alfabeta,2020,96.0022492443945,Porcentaje
23,Quintana Roo,0,ESTATAL,6207019011,Porcentaje de la población de 12 años y más soltera,2020,32.8124585575054,Porcentaje
23,Quintana Roo,0,ESTATAL,6207019012,Porcentaje de la población de 12 años y más separada,2020,5.49023368296347,Porcentaje
23,Quintana Roo,0,ESTATAL,6207019016,Porcentaje de la población de 12 años y más divorciada,2020,1.98359506287698,Porcentaje
23,Quintana Roo,0,ESTATAL,6207019017,Porcentaje de población afiliada a otra institución,2020,0.618532689580819,Porcentaje
23,Quintana Roo,0,ESTATAL,6207019018,Porcentaje de población afiliada a servicios de salud,2020,73.4843392169474,Porcentaje
23,Quintana Roo,0,ESTATAL,6207019019,Porcentaje de la población de 12 años y más en unión libre,2020,26.0076944473348,Porcentaje
23,Quintana Roo,0,ESTATAL,6207019020,Porcentaje de población de 15 años y más sin escolaridad,2020,3.59403666233438,Porcentaje
23,Quintana Roo,0,ESTATAL,6207019022,Porcentaje de viviendas particulares habitadas propias,2020,59.7748535353805,Porcentaje
23,Quintana Roo,0,ESTATAL,6207019023,Porcentaje de hijos fallecidos de las mujeres de 15 a 49 años,2020,3.27924411900598,Porcentaje
23,Quintana Roo,0,ESTATAL,6207019024,Porcentaje de la población de 3 a 5 años que asiste a la escuela,2020,55.6963887837895,Porcentaje
23,Quintana Roo,0,ESTATAL,6207019026,Porcentaje de la población de 6 a 11 años que asiste a la escuela,2020,93.886455876927,Porcentaje
23,Quintana Roo,0,ESTATAL,6207019028,Porcentaje de la población de 12 a 14 años que asiste a la escuela,2020,91.4527562522015,Porcentaje
23,Quintana Roo,0,ESTATAL,6207019029,Porcentaje de la población de 15 a 24 años que asiste a la escuela,2020,40.4091662453846,Porcentaje
23,Quintana Roo,0,ESTATAL,6207019030,Porcentaje de población de 12 años y más económicamente activa,2020,68.471808222327,Porcentaje
23,Quintana Roo,0,ESTATAL,6207019031,Porcentaje de población de 15 años y más con escolaridad básica,2020,45.8234962810687,Porcentaje
23,Quintana Roo,0,ESTATAL,6207019034,Porcentaje de población de 3 años y más hablante de lengua indígena,2020,11.694197664002,Porcentaje
23,Quintana Roo,0,ESTATAL,6207019035,Porcentaje de la población de 12 años y más No Económicamente Activa,2020,31.2410611726925,Porcentaje
23,Quintana Roo,0,ESTATAL,6207019036,Promedio de hijos nacidos vivos de las mujeres de 15 a 49 años EI2015,2020,1.40669934822987,Promedio
23,Quintana Roo,0,ESTATAL,6207019039,Porcentaje de la población de 12 años y más económicamente activa ocupada,2020,98.3601786620607,Porcentaje
23,Quintana Roo,0,ESTATAL,6207019040,Porcentaje de la población femenina de 12 años y más económicamente activa,2020,40.3408961112099,Porcentaje
23,Quintana Roo,0,ESTATAL,6207019042,Porcentaje de viviendas particulares habitadas que disponen de Internet,2020,55.5967003643812,Porcentaje
23,Quintana Roo,0,ESTATAL,6207019043,Porcentaje de la población masculina de 12 años y más económicamente activa,2020,59.6591038887901,Porcentaje
23,Quintana Roo,0,ESTATAL,6207019046,Porcentaje de viviendas particulares habitadas que disponen de computadora,2020,37.2473542300966,Porcentaje
23,Quintana Roo,0,ESTATAL,6207019047,Porcentaje de la población de 12 años y más no económicamente activa que estudia,2020,38.7050146722047,Porcentaje
23,Quintana Roo,0,ESTATAL,6207019050,Porcentaje de viviendas particulares habitadas que disponen de teléfono fijo,2020,27.6489051145745,Porcentaje
23,Quintana Roo,0,ESTATAL,6207019051,Porcentaje de la población de 12 años y más sin especificar su situación conyugal,2020,0.136696474659126,Porcentaje
23,Quintana Roo,0,ESTATAL,6207019054,Porcentaje de la población femenina de 12 años y más económicamente activa ocupada,2020,98.6374794107726,Porcentaje
23,Quintana Roo,0,ESTATAL,6207019055,Porcentaje de viviendas particulares habitadas que disponen de teléfono celular,2020,91.653022691962,Porcentaje
23,Quintana Roo,0,ESTATAL,6207019056,Porcentaje de la población masculina de 12 años y más económicamente activa ocupada,2020,98.1726706378671,Porcentaje
23,Quintana Roo,0,ESTATAL,6207019057,Porcentaje de viviendas particulares habitadas que disponen de televisión de paga,2020,46.6024761201413,Porcentaje
23,Quintana Roo,0,ESTATAL,6207019058,Porcentaje de población de 3 años y más hablante de lengua indígena que no habla español,2020,3.56527721530722,Porcentaje
23,Quintana Roo,0,ESTATAL,6207019059,Porcentaje de población de 12 años con condición de actividad económica no especificada,2020,0.287130604980512,Porcentaje
23,Quintana Roo,0,ESTATAL,6207019060,Porcentaje de la población de 12 años y más no económicamente activa que es pensionada o jubilada,2020,5.86365734089148,Porcentaje
23,Quintana Roo,0,ESTATAL,6207019063,Porcentaje de superficie en el ámbito geográfico de referencia respecto a la unidad geográfica superior,2020,2.28012725637269,Porcentaje
23,Quintana Roo,0,ESTATAL,6207019064,Porcentaje de la población de 12 años y más no económicamente activa que se dedica a los quehaceres del hogar,2020,43.4514946492168,Porcentaje
23,Quintana Roo,0,ESTATAL,6207019065,Porcentaje de la población de 12 años y más no económicamente activa que realiza otras actividades no económicas,2020,9.51842950811107,Porcentaje
23,Quintana Roo,0,ESTATAL,6207019070,Porcentaje de la población de 12 años y más no económicamente activa con alguna limitación física o mental que les impide trabajar,2020,2.46140382957603,Porcentaje
23,Quintana Roo,0,ESTATAL,6207020032,Porcentaje de hombres,2020,50.4190830388835,Porcentaje
23,Quintana Roo,0,ESTATAL,6207020033,Porcentaje de mujeres,2020,49.5809169611165,Porcentaje
23,Quintana Roo,0,ESTATAL,6207020035,Promedio de ocupantes por cuarto (Índice de hacinamiento),2020,1.137584698719,Promedio
23,Quintana Roo,0,ESTATAL,6207049066,Población de 6 a 14 años que sabe leer y escribir,2020,247471,Porcentaje
23,Quintana Roo,0,ESTATAL,6207049067,Población de 6 a 14 años que no sabe leer y escribir,2020,28565,Porcentaje
23,Quintana Roo,0,ESTATAL,6207049068,Porcentaje de la población de 3 años y más que asiste a la escuela,2020,26.3346399858493,Porcentaje
23,Quintana Roo,0,ESTATAL,6207049069,Porcentaje de la población de 3 años y más que no asiste a la escuela,2020,73.4469379254466,Porcentaje
23,Quintana Roo,0,ESTATAL,6207049070,Población de 6 a 14 años que no especificó si sabe o no leer y escribir,2020,1823,Porcentaje
23,Quintana Roo,0,ESTATAL,6207049071,Porcentaje de la población de 3 años y más que no especificó si asiste o no a la escuela,2020,0.218422088704018,Porcentaje
23,Quintana Roo,0,ESTATAL,6207051593,Porcentaje de población de 6 a 14 años que no asiste a la escuela,2020,6.760623,Porcentaje
23,Quintana Roo,0,ESTATAL,6207068394,Porcentaje de viviendas con agua entubada dentro de la vivienda,2020,85.4848429955898,Porcentaje
23,Quintana Roo,0,ESTATAL,6207129629,Porcentaje de la población nacional/estatal que representa,2020,1.47442716375758,Porcentaje
23,Quintana Roo,0,ESTATAL,6207129630,Promedio de ocupantes por dormitorio,2020,1.90390323770005,Promedio
23,Quintana Roo,0,ESTATAL,6207129631,Porcentaje de viviendas particulares habitadas que disponen de tinaco,2020,90.6037720074409,Porcentaje
23,Quintana Roo,0,ESTATAL,6207129632,Porcentaje de viviendas particulares habitadas que disponen de cisterna o aljibe,2020,24.9524492966676,Porcentaje
23,Quintana Roo,0,ESTATAL,6207129635,Porcentaje de viviendas particulares habitadas que disponen de Automóvil o camioneta,2020,38.3781204060447,Porcentaje
23,Quintana Roo,0,ESTATAL,6207129636,Porcentaje de viviendas particulares habitadas que disponen de motocicleta o motoneta,2020,18.6531132647303,Porcentaje
23,Quintana Roo,0,ESTATAL,6207129637,Porcentaje de viviendas particulares habitadas que disponen de bicicleta como medio de transporte,2020,26.183890588096,Porcentaje
23,Quintana Roo,0,ESTATAL,6207129638,Porcentaje de la población con algún tipo de  discapacidad,2020,3.60632620823096,Porcentaje
23,Quintana Roo,0,ESTATAL,6207129639,Porcentaje de la población entre 0 y 17 años con algún tipo de  discapacidad,2020,2.16192655151105,Porcentaje
23,Quintana Roo,0,ESTATAL,6207129640,Porcentaje de la población entre 18 y 29 años con algún tipo de  discapacidad,2020,1.71700470222107,Porcentaje
23,Quintana Roo,0,ESTATAL,6207129641,Porcentaje de la población entre 30 y 59 años con algún tipo de  discapacidad,2020,3.1341563698395,Porcentaje
23,Quintana Roo,0,ESTATAL,6207129642,Porcentaje de la población de 60 años y más con algún tipo de  discapacidad,2020,18.7955925892012,Porcentaje
23,Quintana Roo,0,ESTATAL,6207129643,Porcentaje de la población de 5 y más años migrante según causa: Trabajo,2020,53.1893912567963,Porcentaje
23,Quintana Roo,0,ESTATAL,6207129644,Porcentaje de la población de 5 y más años migrante según causa: Familiar,2020,34.0301839093855,Porcentaje
23,Quintana Roo,0,ESTATAL,6207129645,Porcentaje de la población de 5 y más años migrante según causa: Educativa,2020,3.95205715848121,Porcentaje
23,Quintana Roo,0,ESTATAL,6207129646,Porcentaje de la población de 5 y más años migrante según causa: Inseguridad delictiva o violencia,2020,3.03811312466663,Porcentaje
23,Quintana Roo,0,ESTATAL,6207129647,Porcentaje de la población de 5 y más años migrante según causa: Otra causa,2020,4.32991631517846,Porcentaje
23,Quintana Roo,0,ESTATAL,6207129648,Promedio de hijos nacidos vivos por grupo de edad: 15-19,2020,0.116011097071911,Promedio
23,Quintana Roo,0,ESTATAL,6207129649,Promedio de hijos nacidos vivos por grupo de edad: 20-24,2020,0.619797346141123,Promedio
23,Quintana Roo,0,ESTATAL,6207129650,Promedio de hijos nacidos vivos por grupo de edad: 25-29,2020,1.12897532312347,Promedio
23,Quintana Roo,0,ESTATAL,6207129651,Promedio de hijos nacidos vivos por grupo de edad: 30-34,2020,1.6003729882808,Promedio
23,Quintana Roo,0,ESTATAL,6207129652,Promedio de hijos nacidos vivos por grupo de edad: 35-39,2020,1.97224629217998,Promedio
23,Quintana Roo,0,ESTATAL,6207129653,Promedio de hijos nacidos vivos por grupo de edad: 40-44,2020,2.27697847034692,Promedio
23,Quintana Roo,0,ESTATAL,6207129654,Promedio de hijos nacidos vivos por grupo de edad: 45-49,2020,2.49914628197087,Promedio
23,Quintana Roo,0,ESTATAL,6207129812,Porcentaje de viviendas particulares habitadas que disponen de refrigerador,2020,87.168451414677,Porcentaje
23,Quintana Roo,0,ESTATAL,6207129813,Porcentaje de viviendas particulares habitadas que disponen de lavadora,2020,74.711560568797,Porcentaje
23,Quintana Roo,0,ESTATAL,6207129818,Porcentaje de la población derechohabiente en Instituto de Salud para el Bienestar (IMSS-PROSPERA o IMSS-BIENESTAR),2020,0.544411306294165,Porcentaje
23,Quintana Roo,0,ESTATAL,6207129822,Ubicación geográfica con la mayor cantidad de pobladores. Primer lugar,2020,230050000,No aplica
23,Quintana Roo,0,ESTATAL,6207129825,Población de la ubicación geográfica con la mayor cantidad de pobladores. Primer lugar,2020,911503,Personas
23,Quintana Roo,0,ESTATAL,6207129828,Lengua indígena más frecuente. Descripción. Primer lugar,2020,602,No aplica
23,Quintana Roo,0,ESTATAL,6207129830,Lengua indígena más frecuente. Porcentaje. Primer lugar,2020,85.8233428574234,Porcentaje
23,Quintana Roo,0,ESTATAL,6207129840,Total de áreas geográficas,2020,11,Municipios
23,Quintana Roo,0,ESTATAL,6207133068,Población que se considera afrodescendiente,2020,52265,Absolutos
23,Quintana Roo,001,Cozumel,1001000001,Superficie continental,2020,488.00354594,Kilómetros cuadrados
23,Quintana Roo,001,Cozumel,1002000001,Población total,2020,88626,Personas
23,Quintana Roo,001,Cozumel,1002000002,Población total hombres,2020,44415,Personas
23,Quintana Roo,001,Cozumel,1002000003,Población total mujeres,2020,44211,Personas
23,Quintana Roo,001,Cozumel,1002000004,Porcentaje de población de 15 a 29 años,2020,24.5600966150859,Porcentaje
23,Quintana Roo,001,Cozumel,1002000005,Porcentaje de hombres de 15 a 29 años,2020,24.4662162162162,Porcentaje
23,Quintana Roo,001,Cozumel,1002000006,Porcentaje de mujeres de 15 a 29 años,2020,24.6544039457906,Porcentaje
23,Quintana Roo,001,Cozumel,1002000007,Porcentaje de población de 60 y más años,2020,8.82402735922527,Porcentaje
23,Quintana Roo,001,Cozumel,1002000008,Porcentaje de hombres de 60 y más años,2020,8.69369369369369,Porcentaje
23,Quintana Roo,001,Cozumel,1002000009,Porcentaje de mujeres de 60 y más años,2020,8.95495373198489,Porcentaje
23,Quintana Roo,001,Cozumel,1002000010,Edad mediana,2020,30,Años
23,Quintana Roo,001,Cozumel,1002000011,Edad mediana hombres,2020,30,Años
23,Quintana Roo,001,Cozumel,1002000012,Edad mediana mujeres,2020,30,Años
23,Quintana Roo,001,Cozumel,1002000013,Promedio de hijos nacidos vivos de las mujeres de 12 años y más,2020,1.76850994585192,Promedio
23,Quintana Roo,001,Cozumel,1002000014,Población en hogares censales,2020,88376,Personas
23,Quintana Roo,001,Cozumel,1002000015,Población en hogares familiares,2020,83232,Personas
23,Quintana Roo,001,Cozumel,1002000016,Población en hogares no familiares,2020,5123,Personas
23,Quintana Roo,001,Cozumel,1002000018,Hogares censales,2020,26413,Hogares
23,Quintana Roo,001,Cozumel,1002000019,Hogares con jefatura masculina,2020,17474,Hogares
23,Quintana Roo,001,Cozumel,1002000020,Hogares con jefatura femenina,2020,8939,Hogares
23,Quintana Roo,001,Cozumel,1002000021,Tamaño promedio de los hogares censales,2020,3.3459281414455,Personas
23,Quintana Roo,001,Cozumel,1002000022,Tamaño promedio de los hogares con jefe hombre,2020,3.34376788371294,Personas
23,Quintana Roo,001,Cozumel,1002000023,Tamaño promedio de los hogares con jefe mujer,2020,3.35015102360443,Personas
23,Quintana Roo,001,Cozumel,1002000024,Relación hombres-mujeres,2020,100.461423627604,Hombres por cada 100 mujeres
23,Quintana Roo,001,Cozumel,1002000041,Porcentaje de personas de 15 años y más alfabetas,2020,97.2057261671478,Porcentaje
23,Quintana Roo,001,Cozumel,1002000050,Tasa de alfabetización de las personas de 15 a 24 años,2020,99.1713668964557,Tasa
23,Quintana Roo,001,Cozumel,1002000055,Población de edad no especificada,2020,27,Personas
23,Quintana Roo,001,Cozumel,1002000056,Población de edad no especificada. Hombres,2020,15,Personas
23,Quintana Roo,001,Cozumel,1002000057,Población de edad no especificada. Mujeres,2020,12,Personas
23,Quintana Roo,001,Cozumel,1002000058,Población de 0 a 4 años,2020,6991,Personas
23,Quintana Roo,001,Cozumel,1002000059,Población de 0 a 4 años. Hombres,2020,3564,Personas
23,Quintana Roo,001,Cozumel,1002000060,Población de 0 a 4 años. Mujeres,2020,3427,Personas
23,Quintana Roo,001,Cozumel,1002000061,Población de 10 a 14 años,2020,7479,Personas
23,Quintana Roo,001,Cozumel,1002000062,Población de 10 a 14 años. Hombres,2020,3739,Personas
23,Quintana Roo,001,Cozumel,1002000063,Población de 10 a 14 años. Mujeres,2020,3740,Personas
23,Quintana Roo,001,Cozumel,1002000064,Población de 100 años y más,2020,1,Personas
23,Quintana Roo,001,Cozumel,1002000065,Población de 100 años y más. Hombres,2020,0,Personas
23,Quintana Roo,001,Cozumel,1002000066,Población de 100 años y más. Mujeres,2020,1,Personas
23,Quintana Roo,001,Cozumel,1002000067,Población de 15 a 19 años,2020,7305,Personas
23,Quintana Roo,001,Cozumel,1002000068,Población de 15 a 19 años. Hombres,2020,3669,Personas
23,Quintana Roo,001,Cozumel,1002000069,Población de 15 a 19 años. Mujeres,2020,3636,Personas
23,Quintana Roo,001,Cozumel,1002000070,Población de 20 a 24 años,2020,7056,Personas
23,Quintana Roo,001,Cozumel,1002000071,Población de 20 a 24 años. Hombres,2020,3579,Personas
23,Quintana Roo,001,Cozumel,1002000072,Población de 20 a 24 años. Mujeres,2020,3477,Personas
23,Quintana Roo,001,Cozumel,1002000073,Población de 25 a 29 años,2020,7399,Personas
23,Quintana Roo,001,Cozumel,1002000074,Población de 25 a 29 años. Hombres,2020,3615,Personas
23,Quintana Roo,001,Cozumel,1002000075,Población de 25 a 29 años. Mujeres,2020,3784,Personas
23,Quintana Roo,001,Cozumel,1002000076,Población de 30 a 34 años,2020,7453,Personas
23,Quintana Roo,001,Cozumel,1002000077,Población de 30 a 34 años. Hombres,2020,3711,Personas
23,Quintana Roo,001,Cozumel,1002000078,Población de 30 a 34 años. Mujeres,2020,3742,Personas
23,Quintana Roo,001,Cozumel,1002000079,Población de 35 a 39 años,2020,7565,Personas
23,Quintana Roo,001,Cozumel,1002000080,Población de 35 a 39 años. Hombres,2020,3745,Personas
23,Quintana Roo,001,Cozumel,1002000081,Población de 35 a 39 años. Mujeres,2020,3820,Personas
23,Quintana Roo,001,Cozumel,1002000082,Población de 40 a 44 años,2020,6951,Personas
23,Quintana Roo,001,Cozumel,1002000083,Población de 40 a 44 años. Hombres,2020,3497,Personas
23,Quintana Roo,001,Cozumel,1002000084,Población de 40 a 44 años. Mujeres,2020,3454,Personas
23,Quintana Roo,001,Cozumel,1002000085,Población de 45 a 49 años,2020,6241,Personas
23,Quintana Roo,001,Cozumel,1002000086,Población de 45 a 49 años. Hombres,2020,3202,Personas
23,Quintana Roo,001,Cozumel,1002000087,Población de 45 a 49 años. Mujeres,2020,3039,Personas
23,Quintana Roo,001,Cozumel,1002000088,Población de 5 a 9 años,2020,7278,Personas
23,Quintana Roo,001,Cozumel,1002000089,Población de 5 a 9 años. Hombres,2020,3615,Personas
23,Quintana Roo,001,Cozumel,1002000090,Población de 5 a 9 años. Mujeres,2020,3663,Personas
23,Quintana Roo,001,Cozumel,1002000091,Población de 50 a 54 años,2020,5288,Personas
23,Quintana Roo,001,Cozumel,1002000092,Población de 50 a 54 años. Hombres,2020,2691,Personas
23,Quintana Roo,001,Cozumel,1002000093,Población de 50 a 54 años. Mujeres,2020,2597,Personas
23,Quintana Roo,001,Cozumel,1002000094,Población de 55 a 59 años,2020,3775,Personas
23,Quintana Roo,001,Cozumel,1002000095,Población de 55 a 59 años. Hombres,2020,1913,Número de personas
23,Quintana Roo,001,Cozumel,1002000096,Población de 55 a 59 años. Mujeres,2020,1862,Número de personas
23,Quintana Roo,001,Cozumel,1002000097,Población de 60 a 64 años,2020,2945,Personas
23,Quintana Roo,001,Cozumel,1002000098,Población de 60 a 64 años. Hombres,2020,1410,Número de personas
23,Quintana Roo,001,Cozumel,1002000099,Población de 60 a 64 años. Mujeres,2020,1535,Número de personas
23,Quintana Roo,001,Cozumel,1002000100,Población de 65 a 69 años,2020,2052,Personas
23,Quintana Roo,001,Cozumel,1002000101,Población de 65 a 69 años. Hombres,2020,1071,Número de personas
23,Quintana Roo,001,Cozumel,1002000102,Población de 65 a 69 años. Mujeres,2020,981,Número de personas
23,Quintana Roo,001,Cozumel,1002000103,Población de 70 a 74 años,2020,1338,Personas
23,Quintana Roo,001,Cozumel,1002000104,Población de 70 a 74 años. Hombres,2020,688,Número de personas
23,Quintana Roo,001,Cozumel,1002000105,Población de 70 a 74 años. Mujeres,2020,650,Número de personas
23,Quintana Roo,001,Cozumel,1002000106,Población de 75 a 79 años,2020,743,Personas
23,Quintana Roo,001,Cozumel,1002000107,Población de 75 a 79 años. Hombres,2020,354,Número de personas
23,Quintana Roo,001,Cozumel,1002000108,Población de 75 a 79 años. Mujeres,2020,389,Número de personas
23,Quintana Roo,001,Cozumel,1002000109,Población de 80 a 84 años,2020,443,Personas
23,Quintana Roo,001,Cozumel,1002000110,Población de 80 a 84 años. Hombres,2020,212,Número de personas
23,Quintana Roo,001,Cozumel,1002000111,Población de 80 a 84 años. Mujeres,2020,231,Número de personas
23,Quintana Roo,001,Cozumel,1002000112,Población de 85 a 89 años,2020,210,Personas
23,Quintana Roo,001,Cozumel,1002000113,Población de 85 a 89 años. Hombres,2020,89,Número de personas
23,Quintana Roo,001,Cozumel,1002000114,Población de 85 a 89 años. Mujeres,2020,121,Número de personas
23,Quintana Roo,001,Cozumel,1002000115,Población de 90 a 94 años,2020,64,Personas
23,Quintana Roo,001,Cozumel,1002000116,Población de 90 a 94 años. Hombres,2020,26,Número de personas
23,Quintana Roo,001,Cozumel,1002000117,Población de 90 a 94 años. Mujeres,2020,38,Número de personas
23,Quintana Roo,001,Cozumel,1002000118,Población de 95 a 99 años,2020,22,Personas
23,Quintana Roo,001,Cozumel,1002000119,Población de 95 a 99 años. Hombres,2020,10,Número de personas
23,Quintana Roo,001,Cozumel,1002000120,Población de 95 a 99 años. Mujeres,2020,12,Número de personas
23,Quintana Roo,001,Cozumel,1002000127,Relación de dependencia,2020,42.952337926361,Personas dependientes por cada 100 personas en edad de trabajar
23,Quintana Roo,001,Cozumel,1003000001,Total de viviendas particulares habitadas,2020,26413,Viviendas
23,Quintana Roo,001,Cozumel,1003000011,Viviendas particulares habitadas,2020,25524,Número de Viviendas
23,Quintana Roo,001,Cozumel,1003000015,Promedio de ocupantes en viviendas particulares habitadas,2020,3.34770551587905,Promedio
23,Quintana Roo,001,Cozumel,1003000017,Viviendas particulares habitadas que disponen de energía eléctrica,2020,26189,Viviendas
23,Quintana Roo,001,Cozumel,1003000018,Viviendas particulares habitadas que disponen de agua de la red pública en el ámbito de la vivienda,2020,26188,Viviendas
23,Quintana Roo,001,Cozumel,1003000019,Viviendas particulares habitadas que disponen de drenaje,2020,26205,Viviendas
23,Quintana Roo,001,Cozumel,1003000020,Viviendas particulares habitadas que disponen de excusado o sanitario,2020,26209,Viviendas
23,Quintana Roo,001,Cozumel,1003000023,Viviendas particulares habitadas que disponen de lavadora,2020,20033,Viviendas
23,Quintana Roo,001,Cozumel,1003000024,Viviendas particulares habitadas que disponen de computadora,2020,11117,Viviendas
23,Quintana Roo,001,Cozumel,1004000001,Población derechohabiente a servicios de salud,2020,69237,Personas
23,Quintana Roo,001,Cozumel,1005000012,Población de 5 años y más que asiste a la escuela,2020,20897,Personas
23,Quintana Roo,001,Cozumel,1005000038,Grado promedio de escolaridad de la población de 15 y más años,2020,10.1495876443245,Años de escolaridad
23,Quintana Roo,001,Cozumel,1005000039,Población de 5 años y más hablante de lengua indígena,2020,6483,Personas
23,Quintana Roo,001,Cozumel,3104003001,Porcentaje de población inmigrante (migración reciente),2020,6.33202627314672,Porcentaje
23,Quintana Roo,001,Cozumel,3105001001,Densidad de población,2020,181.609336115145,Habitantes por kilómetro cuadrado
23,Quintana Roo,001,Cozumel,3105004001,Porcentaje de población en localidades de menos de 2 500 habitantes,2020,4.63408029246497,Porcentaje
23,Quintana Roo,001,Cozumel,3108001001,Porcentaje de analfabetas total,2020,2.63421639167701,Porcentaje
23,Quintana Roo,001,Cozumel,3108001002,Porcentaje de analfabetas hombres,2020,2.28480974852159,Porcentaje
23,Quintana Roo,001,Cozumel,3108001003,Porcentaje de analfabetas mujeres,2020,2.98480625730468,Porcentaje
23,Quintana Roo,001,Cozumel,3114004001,Porcentaje de viviendas con piso de tierra,2020,0.839538064123993,Porcentaje
23,Quintana Roo,001,Cozumel,3114006001,Porcentaje de viviendas con electricidad,2020,99.4871600060781,Porcentaje
23,Quintana Roo,001,Cozumel,6200031290,Porcentaje de viviendas particulares habitadas con disponibilidad de drenaje,2020,99.5479410423948,Porcentaje
23,Quintana Roo,001,Cozumel,6200031291,Porcentaje de viviendas particulares habitadas con disponibilidad de excusado,2020,99.5631363014739,Porcentaje
23,Quintana Roo,001,Cozumel,6200108938,Porcentaje de viviendas con techos de materiales resistentes,2020,94.6411985623713,Porcentaje
23,Quintana Roo,001,Cozumel,6200205238,Población de 8 a 14 años que sabe leer y escribir,2020,10072,Personas
23,Quintana Roo,001,Cozumel,6200205244,Viviendas que son cuarto de azotea,2020,3,Viviendas
23,Quintana Roo,001,Cozumel,6200205245,Viviendas móviles,2020,1,Viviendas
23,Quintana Roo,001,Cozumel,6200205246,Viviendas que son departamento en edificio o vivienda en vecindad,2020,2096,Viviendas
23,Quintana Roo,001,Cozumel,6200205247,Viviendas que son refugio,2020,2,Viviendas
23,Quintana Roo,001,Cozumel,6200205248,Viviendas colectivas,2020,11,Viviendas
23,Quintana Roo,001,Cozumel,6200205249,Viviendas que son casa independiente o local no construido para habitación,2020,15330,Viviendas
23,Quintana Roo,001,Cozumel,6200205251,Promedio de hijos nacidos vivos de las mujeres de 12 años y más casada sólo religiosamente,2020,2.57009345794393,Promedio
23,Quintana Roo,001,Cozumel,6200205252,Población de 5 años y más inmigrante,2020,4863,Personas
23,Quintana Roo,001,Cozumel,6200205253,Población total sin limitación en la actividad,2020,76153,Personas
23,Quintana Roo,001,Cozumel,6200205254,Población total que no especificó limitación en la actividad,2020,99,Personas
23,Quintana Roo,001,Cozumel,6200205255,Porcentaje de la población migrante internacional destino otro país,2020,35.4430379746835,Porcentaje
23,Quintana Roo,001,Cozumel,6200205256,Población de 5 años y más con religión no especificada,2020,187,Personas
23,Quintana Roo,001,Cozumel,6200205257,Población de 5 años y más católica,2020,55008,Personas
23,Quintana Roo,001,Cozumel,6200205258,Promedio de hijos nacidos vivos de las mujeres de 12 años y más solteras,2020,0.262175779063258,Promedio
23,Quintana Roo,001,Cozumel,6200205259,Población nacida en otro país residente en México,2020,1678,Personas
23,Quintana Roo,001,Cozumel,6200205260,Población con limitación en la actividad para escuchar,2020,1418,Personas
23,Quintana Roo,001,Cozumel,6200205261,Población con limitación en la actividad para hablar o comunicarse,2020,626,Personas
23,Quintana Roo,001,Cozumel,6200205263,Población con limitación en la actividad para caminar o moverse,2020,2341,Personas
23,Quintana Roo,001,Cozumel,6200205264,Porcentaje de la población migrante internacional destino no especificado,2020,23.2067510548523,Porcentaje
23,Quintana Roo,001,Cozumel,6200205265,Promedio de hijos nacidos vivos de las mujeres de 12 años y más que no especificó estado conyugal,2020,0,Promedio
23,Quintana Roo,001,Cozumel,6200205266,Promedio de hijos nacidos vivos de las mujeres de 12 años y más casada civil y religiosamente,2020,2.62434367541766,Promedio
23,Quintana Roo,001,Cozumel,6200205267,Promedio de hijos nacidos vivos de las mujeres de 12 años y más separadas,2020,2.50400337126001,Promedio
23,Quintana Roo,001,Cozumel,6200205268,Población nacida en otro país residente en México hombres,2020,802,Personas
23,Quintana Roo,001,Cozumel,6200205269,Población con limitación en la actividad para atender el cuidado personal,2020,435,Personas
23,Quintana Roo,001,Cozumel,6200205270,Población con limitación en la actividad para poner atención o aprender,2020,1391,Personas
23,Quintana Roo,001,Cozumel,6200205271,Población con limitación en la actividad,2020,8517,Personas
23,Quintana Roo,001,Cozumel,6200205272,Porcentaje de población nacida en otro país residente en México,2020,1.89334958138695,Porcentaje
23,Quintana Roo,001,Cozumel,6200205273,Población de 5 años y más con religión distinta de católica,2020,13280,Personas
23,Quintana Roo,001,Cozumel,6200205274,Porcentaje de población masculina nacida en otro país residente en México,2020,1.80569627378138,Porcentaje
23,Quintana Roo,001,Cozumel,6200205275,Promedio de hijos nacidos vivos de las mujeres de 12 años y más divorciadas,2020,2.392,Promedio
23,Quintana Roo,001,Cozumel,6200205276,Promedio de hijos nacidos vivos de las mujeres de 12 años y más en unión libre,2020,1.89305764754211,Promedio
23,Quintana Roo,001,Cozumel,6200205277,Población de 5 años y más emigrante,2020,4470,Personas
23,Quintana Roo,001,Cozumel,6200205279,Promedio de hijos nacidos vivos de las mujeres de 12 años y más casada sólo por lo civil,2020,2.29761697686554,Promedio
23,Quintana Roo,001,Cozumel,6200205280,Población con limitación en la actividad para ver,2020,5871,Personas
23,Quintana Roo,001,Cozumel,6200205282,Porcentaje de población femenina nacida en otro país residente en México,2020,1.98140734206419,Porcentaje
23,Quintana Roo,001,Cozumel,6200205283,Promedio de hijos nacidos vivos de las mujeres de 12 años y más viudas,2020,4.09214245336348,Promedio
23,Quintana Roo,001,Cozumel,6200205284,Población nacida en otro país residente en México mujeres,2020,876,Personas
23,Quintana Roo,001,Cozumel,6200205285,Porcentaje de la población migrante internacional destino Estados Unidos de América,2020,41.3502109704641,Porcentaje
23,Quintana Roo,001,Cozumel,6200205286,Población con limitación en la actividad mental,2020,956,Personas
23,Quintana Roo,001,Cozumel,6200205288,Índice de masculinidad de la población nacida en otro país residente en México,2020,91.5525114155251,Índice
23,Quintana Roo,001,Cozumel,6200205289,Población de 5 años y más sin religión,2020,13133,Personas
23,Quintana Roo,001,Cozumel,6200240300,Porcentaje de hombres de 0 a 4 años,2020,4.02261876544882,Porcentaje
23,Quintana Roo,001,Cozumel,6200240301,Población católica,2020,59.31,Miles DE personas
23,Quintana Roo,001,Cozumel,6200240302,Porcentaje de la población de 60 a 84 años con limitación en la actividad,2020,29.1982449142401,Porcentaje
23,Quintana Roo,001,Cozumel,6200240304,Tasa de monolingüismo de la población de 5 años y más hablante de Tojolabal,2020,0,Porcentaje
23,Quintana Roo,001,Cozumel,6200240305,Porcentaje de la población que profesa la religión católica,2020,66.9216708415138,Porcentaje
23,Quintana Roo,001,Cozumel,6200240310,Porcentaje de mujeres de 75 a 79 años,2020,0.439056874231086,Porcentaje
23,Quintana Roo,001,Cozumel,6200240311,Porcentaje de hombres de 10 a 14 años,2020,4.22013792480728,Porcentaje
23,Quintana Roo,001,Cozumel,6200240312,Porcentaje de mujeres de 5 a 9 años,2020,4.13435817560018,Porcentaje
23,Quintana Roo,001,Cozumel,6200240314,Porcentaje de la población de 15 años y más con instrucción media superior,2020,31.1902589340474,Porcentaje
23,Quintana Roo,001,Cozumel,6200240315,Porcentaje de la población con limitación mental,2020,1.12855625073781,Porcentaje
23,Quintana Roo,001,Cozumel,6200240316,Tasa de monolingüismo de la población de 5 años y más hablante de Maya,2020,1.14942528735632,Porcentaje
23,Quintana Roo,001,Cozumel,6200240318,Población de 5 años y más hablante de Tzeltal  (Tseltal),2020,119,Personas
23,Quintana Roo,001,Cozumel,6200240319,Tasa de monolingüismo de la población de 5 años y más hablante de Mazateco,2020,0,Porcentaje
23,Quintana Roo,001,Cozumel,6200240320,Población de 5 años y más hablante de Lenguas chinantecas,2020,3,Personas
23,Quintana Roo,001,Cozumel,6200240323,Porcentaje de la población derechohabiente en el Seguro popular,2020,21.0711036006759,Porcentaje
23,Quintana Roo,001,Cozumel,6200240325,Tasa de monolingüismo de la población de 5 años y más hablante de Náhuatl,2020,0,Porcentaje
23,Quintana Roo,001,Cozumel,6200240326,Población de 5 años y más hablante de Lenguas zapotecas,2020,25,Personas
23,Quintana Roo,001,Cozumel,6200240328,Porcentaje de mujeres de 55 a 59 años,2020,2.10160385557399,Porcentaje
23,Quintana Roo,001,Cozumel,6200240330,Porcentaje de hombres de 75 a 79 años,2020,0.399553042359395,Porcentaje
23,Quintana Roo,001,Cozumel,6200240331,Población de 5 años y más hablante de Maya,2020,6003,Personas
23,Quintana Roo,001,Cozumel,6200240332,Población de 5 años y más hablante de Otomí,2020,1,Personas
23,Quintana Roo,001,Cozumel,6200240334,Población de 5 años y más hablante de Tojolabal,2020,3,Personas
23,Quintana Roo,001,Cozumel,6200240341,Porcentaje de mujeres de 40 a 44 años,2020,3.89846386528065,Porcentaje
23,Quintana Roo,001,Cozumel,6200240342,Porcentaje de mujeres de 70 a 74 años,2020,0.733642591902843,Porcentaje
23,Quintana Roo,001,Cozumel,6200240343,Porcentaje de hombres de 15 a 19 años,2020,4.14113026106389,Porcentaje
23,Quintana Roo,001,Cozumel,6200240344,Porcentaje de mujeres de 85 años y más,2020,0.194133116626599,Porcentaje
23,Quintana Roo,001,Cozumel,6200240345,Población de 5 años y más hablante de Mixe,2020,6,Personas
23,Quintana Roo,001,Cozumel,6200240354,Porcentaje de mujeres de 10 a 14 años,2020,4.2212666057179,Porcentaje
23,Quintana Roo,001,Cozumel,6200240356,Porcentaje de mujeres de 20 a 24 años,2020,3.9244235262249,Porcentaje
23,Quintana Roo,001,Cozumel,6200240357,Porcentaje de hombres de 35 a 39 años,2020,4.226910010271,Porcentaje
23,Quintana Roo,001,Cozumel,6200240358,Porcentaje de la población de 0 a 14 años con limitación en la actividad,2020,3.43939672613574,Porcentaje
23,Quintana Roo,001,Cozumel,6200240361,Población de 5 años y más hablante de Mazahua,2020,0,Personas
23,Quintana Roo,001,Cozumel,6200240364,Tasa de monolingüismo de la población de 5 años y más hablante de Chatino,2020,0,Porcentaje
23,Quintana Roo,001,Cozumel,6200240365,Porcentaje de la población de 15 años y más con instrucción superior,2020,18.4694320204634,Porcentaje
23,Quintana Roo,001,Cozumel,6200240366,Tasa de monolingüismo de la población de 5 años y más hablante de Lenguas mixtecas,2020,0,Porcentaje
23,Quintana Roo,001,Cozumel,6200240367,Porcentaje de la población con limitación para hablar o comunicarse,2020,6.95806261075015,Porcentaje
23,Quintana Roo,001,Cozumel,6200240368,Porcentaje de la población de 15 años y más con instrucción no especificada,2020,0.158561577238934,Porcentaje
23,Quintana Roo,001,Cozumel,6200240377,Porcentaje de mujeres de 45 a 49 años,2020,3.43006128737345,Porcentaje
23,Quintana Roo,001,Cozumel,6200240378,Porcentaje de mujeres de 0 a 4 años,2020,3.86798948069391,Porcentaje
23,Quintana Roo,001,Cozumel,6200240379,Porcentaje de mujeres de 80 a 84 años,2020,0.260725290353164,Porcentaje
23,Quintana Roo,001,Cozumel,6200240381,Tasa de monolingüismo de la población de 5 años y más hablante de Tzotzil (Tsotsil),2020,0,Porcentaje
23,Quintana Roo,001,Cozumel,6200240384,Porcentaje de mujeres de 15 a 19 años,2020,4.10388379101344,Porcentaje
23,Quintana Roo,001,Cozumel,6200240386,Población de 5 años y más hablante de Lenguas mixtecas,2020,7,Personas
23,Quintana Roo,001,Cozumel,6200240388,Porcentaje de hombres de 65 a 69 años,2020,1.20881725527376,Porcentaje
23,Quintana Roo,001,Cozumel,6200240389,Tasa de crecimiento promedio anual de las viviendas particulares habitadas,2020,1.80238014512442,Tasa
23,Quintana Roo,001,Cozumel,6200240390,Porcentaje de la población con discapacidad por accidente,2020,15.6562683931725,Porcentaje
23,Quintana Roo,001,Cozumel,6200240395,"Viviendas, de cada cien que cuentan con electricidad, agua y drenaje",2020,98.9629235678468,Porcentaje
23,Quintana Roo,001,Cozumel,6200240396,Porcentaje de la población de 30 a 59 años con limitación en la actividad,2020,11.0991870791189,Porcentaje
23,Quintana Roo,001,Cozumel,6200240397,Tasa de monolingüismo de la población de 5 años y más hablante de Chol (Ch''ol),2020,0,Porcentaje
23,Quintana Roo,001,Cozumel,6200240398,Tasa de monolingüismo de la población de 5 años y más hablante de Totonaca (Totonaco),2020,0,Porcentaje
23,Quintana Roo,001,Cozumel,6200240407,Índice de envejecimiento,2020,35.94813316167,Porcentaje
23,Quintana Roo,001,Cozumel,6200240410,Porcentaje de hombres de 60 a 64 años,2020,1.59144008397386,Porcentaje
23,Quintana Roo,001,Cozumel,6200240411,Porcentaje de hombres de 85 años y más,2020,0.14108511382747,Porcentaje
23,Quintana Roo,001,Cozumel,6200240413,Tasa de monolingüismo de la población de 5 años y más hablante de Huasteco,2020,0,Porcentaje
23,Quintana Roo,001,Cozumel,6200240414,"Porcentaje de la población derechohabiente en PEMEX, SDN o SM",2020,1.93104842786371,Porcentaje
23,Quintana Roo,001,Cozumel,6200240416,Porcentaje de la población usuaria de servicios de salud en instituciones de servicios médicos privados,2020,2.77308375579531,Porcentaje
23,Quintana Roo,001,Cozumel,6200240421,Porcentaje de la población derechohabiente en el ISSSTE,2020,10.0842035327932,Porcentaje
23,Quintana Roo,001,Cozumel,6200240423,Porcentaje de hombres de 40 a 44 años,2020,3.9469971444373,Porcentaje
23,Quintana Roo,001,Cozumel,6200240424,Tasa de monolingüismo de la población de 5 años y más hablante de Mixe,2020,0,Porcentaje
23,Quintana Roo,001,Cozumel,6200240425,Porcentaje de hombres de 70 a 74 años,2020,0.776532466506394,Porcentaje
23,Quintana Roo,001,Cozumel,6200240426,Porcentaje de mujeres de 60 a 64 años,2020,1.73252519780133,Porcentaje
23,Quintana Roo,001,Cozumel,6200240427,Porcentaje de mujeres de 65 a 69 años,2020,1.10723597331798,Porcentaje
23,Quintana Roo,001,Cozumel,6200240428,Tasa de monolingüismo de la población de 5 años y más hablante de Otomí,2020,0,Porcentaje
23,Quintana Roo,001,Cozumel,6200240430,Porcentaje de la población con limitación para caminar y moverse,2020,27.4862040624633,Porcentaje
23,Quintana Roo,001,Cozumel,6200240431,Población de 5 años y más hablante de Purépecha (Tarasco),2020,1,Personas
23,Quintana Roo,001,Cozumel,6200240432,Tasa de monolingüismo de la población de 5 años y más hablante de Zoque,2020,0,Porcentaje
23,Quintana Roo,001,Cozumel,6200240433,Tasa de monolingüismo de la población de 5 años y más hablante de Lenguas zapotecas,2020,0,Porcentaje
23,Quintana Roo,001,Cozumel,6200240434,Población de 5 años y más hablante de Chatino,2020,0,Personas
23,Quintana Roo,001,Cozumel,6200240435,Porcentaje de la población con limitación para atender el cuidado personal,2020,5.10743219443466,Porcentaje
23,Quintana Roo,001,Cozumel,6200240443,Porcentaje de mujeres de 35 a 39 años,2020,4.31156107856748,Porcentaje
23,Quintana Roo,001,Cozumel,6200240444,Porcentaje de hombres de 55 a 59 años,2020,2.1591665820156,Porcentaje
23,Quintana Roo,001,Cozumel,6200240445,Porcentaje de hombres de 5 a 9 años,2020,4.08018149189043,Porcentaje
23,Quintana Roo,001,Cozumel,6200240447,Porcentaje de la población de 15 años y más sin instrucción,2020,3.33428071382627,Porcentaje
23,Quintana Roo,001,Cozumel,6200240449,Tasa de monolingüismo de la población de 5 años y más hablante de lengua indígena,2020,1.07974703069566,Porcentaje
23,Quintana Roo,001,Cozumel,6200240450,Porcentaje de la población con limitación para ver,2020,68.9327227897147,Porcentaje
23,Quintana Roo,001,Cozumel,6200240451,Población de 5 años y más hablante de Tarahumara,2020,0,Personas
23,Quintana Roo,001,Cozumel,6200240452,Población de 5 años y más hablante de Chol (Ch''ol),2020,51,Personas
23,Quintana Roo,001,Cozumel,6200240453,Población de 5 años y más hablante de Totonaca (Totonaco),2020,2,Personas
23,Quintana Roo,001,Cozumel,6200240454,Tasa de monolingüismo de la población de 5 años y más hablante de Mazahua,2020,0,Porcentaje
23,Quintana Roo,001,Cozumel,6200240458,Porcentaje de la población con discapacidad por edad avanzada,2020,25.956444967628,Porcentaje
23,Quintana Roo,001,Cozumel,6200240459,Porcentaje de la población con discapacidad por nacimiento,2020,19.0406121247793,Porcentaje
23,Quintana Roo,001,Cozumel,6200240466,Población de 5 años y más hablante de Tlapaneco,2020,0,Personas
23,Quintana Roo,001,Cozumel,6200240471,Porcentaje de la población derechohabiente en el IMSS,2020,64.6576252581712,Porcentaje
23,Quintana Roo,001,Cozumel,6200240475,Porcentaje de hombres de 80 a 84 años,2020,0.239280353051389,Porcentaje
23,Quintana Roo,001,Cozumel,6200240477,Porcentaje de la población de 85 y más con limitación en la actividad,2020,31.3131313131313,Porcentaje
23,Quintana Roo,001,Cozumel,6200240478,Porcentaje de la población con limitación para escuchar,2020,16.6490548315134,Porcentaje
23,Quintana Roo,001,Cozumel,6200240479,Porcentaje de la población con limitación para poner atención o aprender,2020,16.3320417987554,Porcentaje
23,Quintana Roo,001,Cozumel,6200240480,Población de 5 años y más hablante de Huasteco,2020,0,Personas
23,Quintana Roo,001,Cozumel,6200240481,Población de 5 años y más hablante de Tzotzil (Tsotsil),2020,78,Personas
23,Quintana Roo,001,Cozumel,6200240486,Porcentaje de hombres de 25 a 29 años,2020,4.08018149189043,Porcentaje
23,Quintana Roo,001,Cozumel,6200240488,Porcentaje de la población de 15 a 29 años con limitación en la actividad,2020,6.171875,Porcentaje
23,Quintana Roo,001,Cozumel,6200240493,Porcentaje de la población de 5 años y más hablante de lengua indígena,2020,7.94407411038134,Porcentaje
23,Quintana Roo,001,Cozumel,6200240495,Porcentaje de la población con discapacidad por otra causa,2020,16.0977045320777,Porcentaje
23,Quintana Roo,001,Cozumel,6200240496,Población de 5 años y más hablante de Náhuatl,2020,102,Personas
23,Quintana Roo,001,Cozumel,6200240497,Población no católica,2020,13902,Miles DE personas
23,Quintana Roo,001,Cozumel,6200240499,Porcentaje de la población que profesa la religión protestante y evangélica,2020,15.4311375894207,Porcentaje
23,Quintana Roo,001,Cozumel,6200240507,Porcentaje de mujeres de 50 a 54 años,2020,2.93118432487951,Porcentaje
23,Quintana Roo,001,Cozumel,6200240509,Tasa de monolingüismo de la población de 5 años y más hablante de Tarahumara,2020,0,Porcentaje
23,Quintana Roo,001,Cozumel,6200240518,Porcentaje de hombres de 30 a 34 años,2020,4.18853485930992,Porcentaje
23,Quintana Roo,001,Cozumel,6200240520,Porcentaje de hombres de 20 a 24 años,2020,4.03954897910812,Porcentaje
23,Quintana Roo,001,Cozumel,6200240521,Población de 5 años y más hablante de Zoque,2020,2,Personas
23,Quintana Roo,001,Cozumel,6200240522,Tasa de monolingüismo de la población de 5 años y más hablante de Purépecha (Tarasco),2020,0,Porcentaje
23,Quintana Roo,001,Cozumel,6200240532,Porcentaje de hombres de 45 a 49 años,2020,3.61403627580447,Porcentaje
23,Quintana Roo,001,Cozumel,6200240533,Porcentaje de hombres de 50 a 54 años,2020,3.03728033047777,Porcentaje
23,Quintana Roo,001,Cozumel,6200240534,Tasa de monolingüismo de la población de 5 años y más hablante de Resto de lenguas,2020,0,Porcentaje
23,Quintana Roo,001,Cozumel,6200240535,Población de 5 años y más hablante de Mazateco,2020,1,Personas
23,Quintana Roo,001,Cozumel,6200240536,Tasa de monolingüismo de la población de 5 años y más hablante de Tlapaneco,2020,0,Porcentaje
23,Quintana Roo,001,Cozumel,6200240537,Tasa de monolingüismo de la población de 5 años y más hablante de Tzeltal (Tseltal),2020,0.84033613445378,Porcentaje
23,Quintana Roo,001,Cozumel,6200240538,Población de 5 años y más hablante del Resto de lenguas,2020,79,Personas
23,Quintana Roo,001,Cozumel,6200240539,Tasa de monolingüismo de la población de 5 años y más hablante de Lenguas chinantecas,2020,0,Porcentaje
23,Quintana Roo,001,Cozumel,6200240540,Porcentaje de la población con discapacidad por enfermedad,2020,27.692760447322,Porcentaje
23,Quintana Roo,001,Cozumel,6200240548,Porcentaje de mujeres de 25 a 29 años,2020,4.27092856578517,Porcentaje
23,Quintana Roo,001,Cozumel,6200240549,Porcentaje de mujeres de 30 a 34 años,2020,4.22352396753914,Porcentaje
23,Quintana Roo,001,Cozumel,6205370864,Porcentaje de población que se considera afrodescendiente,2020,1.59546859837971,Porcentaje
23,Quintana Roo,001,Cozumel,6207019007,Porcentaje de la población de 12 años y más viuda,2020,3.34533432329826,Porcentaje
23,Quintana Roo,001,Cozumel,6207019009,Porcentaje de la población de 12 años y más casada,2020,35.0741773251334,Porcentaje
23,Quintana Roo,001,Cozumel,6207019010,Porcentaje de población de 25 años y más alfabeta,2020,96.6679367498571,Porcentaje
23,Quintana Roo,001,Cozumel,6207019011,Porcentaje de la población de 12 años y más soltera,2020,32.9041928750543,Porcentaje
23,Quintana Roo,001,Cozumel,6207019012,Porcentaje de la población de 12 años y más separada,2020,5.46768838518975,Porcentaje
23,Quintana Roo,001,Cozumel,6207019016,Porcentaje de la población de 12 años y más divorciada,2020,2.59865794376812,Porcentaje
23,Quintana Roo,001,Cozumel,6207019017,Porcentaje de población afiliada a otra institución,2020,0.56617126680821,Porcentaje
23,Quintana Roo,001,Cozumel,6207019018,Porcentaje de población afiliada a servicios de salud,2020,78.1226728048203,Porcentaje
23,Quintana Roo,001,Cozumel,6207019019,Porcentaje de la población de 12 años y más en unión libre,2020,20.5441071403555,Porcentaje
23,Quintana Roo,001,Cozumel,6207019020,Porcentaje de población de 15 años y más sin escolaridad,2020,3.1173804430749,Porcentaje
23,Quintana Roo,001,Cozumel,6207019022,Porcentaje de viviendas particulares habitadas propias,2020,56.2250131244195,Porcentaje
23,Quintana Roo,001,Cozumel,6207019023,Porcentaje de hijos fallecidos de las mujeres de 15 a 49 años,2020,3.4071935931177,Porcentaje
23,Quintana Roo,001,Cozumel,6207019024,Porcentaje de la población de 3 a 5 años que asiste a la escuela,2020,57.9506065857886,Porcentaje
23,Quintana Roo,001,Cozumel,6207019026,Porcentaje de la población de 6 a 11 años que asiste a la escuela,2020,94.317529560326,Porcentaje
23,Quintana Roo,001,Cozumel,6207019028,Porcentaje de la población de 12 a 14 años que asiste a la escuela,2020,92.9832303618711,Porcentaje
23,Quintana Roo,001,Cozumel,6207019029,Porcentaje de la población de 15 a 24 años que asiste a la escuela,2020,44.0428939488894,Porcentaje
23,Quintana Roo,001,Cozumel,6207019030,Porcentaje de población de 12 años y más económicamente activa,2020,67.8691004861101,Porcentaje
23,Quintana Roo,001,Cozumel,6207019031,Porcentaje de población de 15 años y más con escolaridad básica,2020,47.0643670251754,Porcentaje
23,Quintana Roo,001,Cozumel,6207019034,Porcentaje de población de 3 años y más hablante de lengua indígena,2020,7.66497461928934,Porcentaje
23,Quintana Roo,001,Cozumel,6207019035,Porcentaje de la población de 12 años y más No Económicamente Activa,2020,31.9529860050712,Porcentaje
23,Quintana Roo,001,Cozumel,6207019036,Promedio de hijos nacidos vivos de las mujeres de 15 a 49 años EI2015,2020,1.41751233404196,Promedio
23,Quintana Roo,001,Cozumel,6207019039,Porcentaje de la población de 12 años y más económicamente activa ocupada,2020,98.437467748261,Porcentaje
23,Quintana Roo,001,Cozumel,6207019040,Porcentaje de la población femenina de 12 años y más económicamente activa,2020,41.205853819638,Porcentaje
23,Quintana Roo,001,Cozumel,6207019042,Porcentaje de viviendas particulares habitadas que disponen de Internet,2020,70.4072329433217,Porcentaje
23,Quintana Roo,001,Cozumel,6207019043,Porcentaje de la población masculina de 12 años y más económicamente activa,2020,58.794146180362,Porcentaje
23,Quintana Roo,001,Cozumel,6207019046,Porcentaje de viviendas particulares habitadas que disponen de computadora,2020,42.2314237957757,Porcentaje
23,Quintana Roo,001,Cozumel,6207019047,Porcentaje de la población de 12 años y más no económicamente activa que estudia,2020,40.7339208207287,Porcentaje
23,Quintana Roo,001,Cozumel,6207019050,Porcentaje de viviendas particulares habitadas que disponen de teléfono fijo,2020,38.9758395380641,Porcentaje
23,Quintana Roo,001,Cozumel,6207019051,Porcentaje de la población de 12 años y más sin especificar su situación conyugal,2020,0.065842007200594,Porcentaje
23,Quintana Roo,001,Cozumel,6207019054,Porcentaje de la población femenina de 12 años y más económicamente activa ocupada,2020,98.8428592896859,Porcentaje
23,Quintana Roo,001,Cozumel,6207019055,Porcentaje de viviendas particulares habitadas que disponen de teléfono celular,2020,93.5913994833612,Porcentaje
23,Quintana Roo,001,Cozumel,6207019056,Porcentaje de la población masculina de 12 años y más económicamente activa ocupada,2020,98.153349248701,Porcentaje
23,Quintana Roo,001,Cozumel,6207019057,Porcentaje de viviendas particulares habitadas que disponen de televisión de paga,2020,56.5491566631211,Porcentaje
23,Quintana Roo,001,Cozumel,6207019058,Porcentaje de población de 3 años y más hablante de lengua indígena que no habla español,2020,1.09348529185276,Porcentaje
23,Quintana Roo,001,Cozumel,6207019059,Porcentaje de población de 12 años con condición de actividad económica no especificada,2020,0.177913508818626,Porcentaje
23,Quintana Roo,001,Cozumel,6207019060,Porcentaje de la población de 12 años y más no económicamente activa que es pensionada o jubilada,2020,7.85216361962383,Porcentaje
23,Quintana Roo,001,Cozumel,6207019063,Porcentaje de superficie en el ámbito geográfico de referencia respecto a la unidad geográfica superior,2020,1.09160259094646,Porcentaje
23,Quintana Roo,001,Cozumel,6207019064,Porcentaje de la población de 12 años y más no económicamente activa que se dedica a los quehaceres del hogar,2020,39.3748081897497,Porcentaje
23,Quintana Roo,001,Cozumel,6207019065,Porcentaje de la población de 12 años y más no económicamente activa que realiza otras actividades no económicas,2020,9.83383752027708,Porcentaje
23,Quintana Roo,001,Cozumel,6207019070,Porcentaje de la población de 12 años y más no económicamente activa con alguna limitación física o mental que les impide trabajar,2020,2.20526984962076,Porcentaje
23,Quintana Roo,001,Cozumel,6207020032,Porcentaje de hombres,2020,50.1150903797983,Porcentaje
23,Quintana Roo,001,Cozumel,6207020033,Porcentaje de mujeres,2020,49.8849096202017,Porcentaje
23,Quintana Roo,001,Cozumel,6207020035,Promedio de ocupantes por cuarto (Índice de hacinamiento),2020,1.24461123125415,Promedio
23,Quintana Roo,001,Cozumel,6207049066,Población de 6 a 14 años que sabe leer y escribir,2020,11889,Porcentaje
23,Quintana Roo,001,Cozumel,6207049067,Población de 6 a 14 años que no sabe leer y escribir,2020,1281,Porcentaje
23,Quintana Roo,001,Cozumel,6207049068,Porcentaje de la población de 3 años y más que asiste a la escuela,2020,26.2094203753984,Porcentaje
23,Quintana Roo,001,Cozumel,6207049069,Porcentaje de la población de 3 años y más que no asiste a la escuela,2020,73.7008617636643,Porcentaje
23,Quintana Roo,001,Cozumel,6207049070,Población de 6 a 14 años que no especificó si sabe o no leer y escribir,2020,73,Porcentaje
23,Quintana Roo,001,Cozumel,6207049071,Porcentaje de la población de 3 años y más que no especificó si asiste o no a la escuela,2020,0.0897178609373155,Porcentaje
23,Quintana Roo,001,Cozumel,6207051593,Porcentaje de población de 6 a 14 años que no asiste a la escuela,2020,6.048478,Porcentaje
23,Quintana Roo,001,Cozumel,6207068394,Porcentaje de viviendas con agua entubada dentro de la vivienda,2020,94.4613280656435,Porcentaje
23,Quintana Roo,001,Cozumel,6207129629,Porcentaje de la población nacional/estatal que representa,2020,4.77000621641187,Porcentaje
23,Quintana Roo,001,Cozumel,6207129630,Promedio de ocupantes por dormitorio,2020,2.04593294765456,Promedio
23,Quintana Roo,001,Cozumel,6207129631,Porcentaje de viviendas particulares habitadas que disponen de tinaco,2020,93.5268196322747,Porcentaje
23,Quintana Roo,001,Cozumel,6207129632,Porcentaje de viviendas particulares habitadas que disponen de cisterna o aljibe,2020,36.5749886035557,Porcentaje
23,Quintana Roo,001,Cozumel,6207129635,Porcentaje de viviendas particulares habitadas que disponen de Automóvil o camioneta,2020,41.0803829205288,Porcentaje
23,Quintana Roo,001,Cozumel,6207129636,Porcentaje de viviendas particulares habitadas que disponen de motocicleta o motoneta,2020,57.2329433216836,Porcentaje
23,Quintana Roo,001,Cozumel,6207129637,Porcentaje de viviendas particulares habitadas que disponen de bicicleta como medio de transporte,2020,35.3327761738338,Porcentaje
23,Quintana Roo,001,Cozumel,6207129638,Porcentaje de la población con algún tipo de  discapacidad,2020,3.79346918511498,Porcentaje
23,Quintana Roo,001,Cozumel,6207129639,Porcentaje de la población entre 0 y 17 años con algún tipo de  discapacidad,2020,2.08174470032027,Porcentaje
23,Quintana Roo,001,Cozumel,6207129640,Porcentaje de la población entre 18 y 29 años con algún tipo de  discapacidad,2020,2.04861111111111,Porcentaje
23,Quintana Roo,001,Cozumel,6207129641,Porcentaje de la población entre 30 y 59 años con algún tipo de  discapacidad,2020,2.92168593888337,Porcentaje
23,Quintana Roo,001,Cozumel,6207129642,Porcentaje de la población de 60 años y más con algún tipo de  discapacidad,2020,17.5620363264262,Porcentaje
23,Quintana Roo,001,Cozumel,6207129643,Porcentaje de la población de 5 y más años migrante según causa: Trabajo,2020,47.3634945397816,Porcentaje
23,Quintana Roo,001,Cozumel,6207129644,Porcentaje de la población de 5 y más años migrante según causa: Familiar,2020,35.3666146645866,Porcentaje
23,Quintana Roo,001,Cozumel,6207129645,Porcentaje de la población de 5 y más años migrante según causa: Educativa,2020,3.93135725429017,Porcentaje
23,Quintana Roo,001,Cozumel,6207129646,Porcentaje de la población de 5 y más años migrante según causa: Inseguridad delictiva o violencia,2020,4.25897035881435,Porcentaje
23,Quintana Roo,001,Cozumel,6207129647,Porcentaje de la población de 5 y más años migrante según causa: Otra causa,2020,6.81747269890796,Porcentaje
23,Quintana Roo,001,Cozumel,6207129648,Promedio de hijos nacidos vivos por grupo de edad: 15-19,2020,0.091334250343879,Promedio
23,Quintana Roo,001,Cozumel,6207129649,Promedio de hijos nacidos vivos por grupo de edad: 20-24,2020,0.608232584916523,Promedio
23,Quintana Roo,001,Cozumel,6207129650,Promedio de hijos nacidos vivos por grupo de edad: 25-29,2020,1.11478444855858,Promedio
23,Quintana Roo,001,Cozumel,6207129651,Promedio de hijos nacidos vivos por grupo de edad: 30-34,2020,1.65222043873729,Promedio
23,Quintana Roo,001,Cozumel,6207129652,Promedio de hijos nacidos vivos por grupo de edad: 35-39,2020,1.98637316561845,Promedio
23,Quintana Roo,001,Cozumel,6207129653,Promedio de hijos nacidos vivos por grupo de edad: 40-44,2020,2.23232908458864,Promedio
23,Quintana Roo,001,Cozumel,6207129654,Promedio de hijos nacidos vivos por grupo de edad: 45-49,2020,2.37825370675453,Promedio
23,Quintana Roo,001,Cozumel,6207129812,Porcentaje de viviendas particulares habitadas que disponen de refrigerador,2020,91.5134478042851,Porcentaje
23,Quintana Roo,001,Cozumel,6207129813,Porcentaje de viviendas particulares habitadas que disponen de lavadora,2020,76.1016562832396,Porcentaje
23,Quintana Roo,001,Cozumel,6207129818,Porcentaje de la población derechohabiente en Instituto de Salud para el Bienestar (IMSS-PROSPERA o IMSS-BIENESTAR),2020,0.241200514175946,Porcentaje
23,Quintana Roo,001,Cozumel,6207129822,Ubicación geográfica con la mayor cantidad de pobladores. Primer lugar,2020,230010001,No aplica
23,Quintana Roo,001,Cozumel,6207129825,Población de la ubicación geográfica con la mayor cantidad de pobladores. Primer lugar,2020,84519,Personas
23,Quintana Roo,001,Cozumel,6207129828,Lengua indígena más frecuente. Descripción. Primer lugar,2020,602,No aplica
23,Quintana Roo,001,Cozumel,6207129830,Lengua indígena más frecuente. Porcentaje. Primer lugar,2020,93.0740625968392,Porcentaje
23,Quintana Roo,001,Cozumel,6207129840,Total de áreas geográficas,2020,144,Municipios
23,Quintana Roo,002,Felipe Carrillo Puerto,1001000001,Superficie continental,2020,12938.32924107,Kilómetros cuadrados
23,Quintana Roo,002,Felipe Carrillo Puerto,1002000001,Población total,2020,83990,Personas
23,Quintana Roo,002,Felipe Carrillo Puerto,1002000002,Población total hombres,2020,41954,Personas
23,Quintana Roo,002,Felipe Carrillo Puerto,1002000003,Población total mujeres,2020,42036,Personas
23,Quintana Roo,002,Felipe Carrillo Puerto,1002000004,Porcentaje de población de 15 a 29 años,2020,26.2056306467377,Porcentaje
23,Quintana Roo,002,Felipe Carrillo Puerto,1002000005,Porcentaje de hombres de 15 a 29 años,2020,26.2074067003913,Porcentaje
23,Quintana Roo,002,Felipe Carrillo Puerto,1002000006,Porcentaje de mujeres de 15 a 29 años,2020,26.2038580614432,Porcentaje
23,Quintana Roo,002,Felipe Carrillo Puerto,1002000007,Porcentaje de población de 60 y más años,2020,9.4710243390784,Porcentaje
23,Quintana Roo,002,Felipe Carrillo Puerto,1002000008,Porcentaje de hombres de 60 y más años,2020,9.98138780185167,Porcentaje
23,Quintana Roo,002,Felipe Carrillo Puerto,1002000009,Porcentaje de mujeres de 60 y más años,2020,8.96165753750893,Porcentaje
23,Quintana Roo,002,Felipe Carrillo Puerto,1002000010,Edad mediana,2020,25,Años
23,Quintana Roo,002,Felipe Carrillo Puerto,1002000011,Edad mediana hombres,2020,25,Años
23,Quintana Roo,002,Felipe Carrillo Puerto,1002000012,Edad mediana mujeres,2020,25,Años
23,Quintana Roo,002,Felipe Carrillo Puerto,1002000013,Promedio de hijos nacidos vivos de las mujeres de 12 años y más,2020,2.49990613853952,Promedio
23,Quintana Roo,002,Felipe Carrillo Puerto,1002000014,Población en hogares censales,2020,83864,Personas
23,Quintana Roo,002,Felipe Carrillo Puerto,1002000015,Población en hogares familiares,2020,81532,Personas
23,Quintana Roo,002,Felipe Carrillo Puerto,1002000016,Población en hogares no familiares,2020,2243,Personas
23,Quintana Roo,002,Felipe Carrillo Puerto,1002000018,Hogares censales,2020,21462,Hogares
23,Quintana Roo,002,Felipe Carrillo Puerto,1002000019,Hogares con jefatura masculina,2020,15781,Hogares
23,Quintana Roo,002,Felipe Carrillo Puerto,1002000020,Hogares con jefatura femenina,2020,5681,Hogares
23,Quintana Roo,002,Felipe Carrillo Puerto,1002000021,Tamaño promedio de los hogares censales,2020,3.90755754356537,Personas
23,Quintana Roo,002,Felipe Carrillo Puerto,1002000022,Tamaño promedio de los hogares con jefe hombre,2020,4.01628540650149,Personas
23,Quintana Roo,002,Felipe Carrillo Puerto,1002000023,Tamaño promedio de los hogares con jefe mujer,2020,3.60552719591621,Personas
23,Quintana Roo,002,Felipe Carrillo Puerto,1002000024,Relación hombres-mujeres,2020,99.8049291083833,Hombres por cada 100 mujeres
23,Quintana Roo,002,Felipe Carrillo Puerto,1002000041,Porcentaje de personas de 15 años y más alfabetas,2020,90.00599880024,Porcentaje
23,Quintana Roo,002,Felipe Carrillo Puerto,1002000050,Tasa de alfabetización de las personas de 15 a 24 años,2020,98.6610825559997,Tasa
23,Quintana Roo,002,Felipe Carrillo Puerto,1002000055,Población de edad no especificada,2020,92,Personas
23,Quintana Roo,002,Felipe Carrillo Puerto,1002000056,Población de edad no especificada. Hombres,2020,46,Personas
23,Quintana Roo,002,Felipe Carrillo Puerto,1002000057,Población de edad no especificada. Mujeres,2020,46,Personas
23,Quintana Roo,002,Felipe Carrillo Puerto,1002000058,Población de 0 a 4 años,2020,7980,Personas
23,Quintana Roo,002,Felipe Carrillo Puerto,1002000059,Población de 0 a 4 años. Hombres,2020,4074,Personas
23,Quintana Roo,002,Felipe Carrillo Puerto,1002000060,Población de 0 a 4 años. Mujeres,2020,3906,Personas
23,Quintana Roo,002,Felipe Carrillo Puerto,1002000061,Población de 10 a 14 años,2020,8954,Personas
23,Quintana Roo,002,Felipe Carrillo Puerto,1002000062,Población de 10 a 14 años. Hombres,2020,4445,Personas
23,Quintana Roo,002,Felipe Carrillo Puerto,1002000063,Población de 10 a 14 años. Mujeres,2020,4509,Personas
23,Quintana Roo,002,Felipe Carrillo Puerto,1002000064,Población de 100 años y más,2020,19,Personas
23,Quintana Roo,002,Felipe Carrillo Puerto,1002000065,Población de 100 años y más. Hombres,2020,11,Personas
23,Quintana Roo,002,Felipe Carrillo Puerto,1002000066,Población de 100 años y más. Mujeres,2020,8,Personas
23,Quintana Roo,002,Felipe Carrillo Puerto,1002000067,Población de 15 a 19 años,2020,8576,Personas
23,Quintana Roo,002,Felipe Carrillo Puerto,1002000068,Población de 15 a 19 años. Hombres,2020,4369,Personas
23,Quintana Roo,002,Felipe Carrillo Puerto,1002000069,Población de 15 a 19 años. Mujeres,2020,4207,Personas
23,Quintana Roo,002,Felipe Carrillo Puerto,1002000070,Población de 20 a 24 años,2020,7183,Personas
23,Quintana Roo,002,Felipe Carrillo Puerto,1002000071,Población de 20 a 24 años. Hombres,2020,3632,Personas
23,Quintana Roo,002,Felipe Carrillo Puerto,1002000072,Población de 20 a 24 años. Mujeres,2020,3551,Personas
23,Quintana Roo,002,Felipe Carrillo Puerto,1002000073,Población de 25 a 29 años,2020,6227,Personas
23,Quintana Roo,002,Felipe Carrillo Puerto,1002000074,Población de 25 a 29 años. Hombres,2020,2982,Personas
23,Quintana Roo,002,Felipe Carrillo Puerto,1002000075,Población de 25 a 29 años. Mujeres,2020,3245,Personas
23,Quintana Roo,002,Felipe Carrillo Puerto,1002000076,Población de 30 a 34 años,2020,6045,Personas
23,Quintana Roo,002,Felipe Carrillo Puerto,1002000077,Población de 30 a 34 años. Hombres,2020,2948,Personas
23,Quintana Roo,002,Felipe Carrillo Puerto,1002000078,Población de 30 a 34 años. Mujeres,2020,3097,Personas
23,Quintana Roo,002,Felipe Carrillo Puerto,1002000079,Población de 35 a 39 años,2020,5623,Personas
23,Quintana Roo,002,Felipe Carrillo Puerto,1002000080,Población de 35 a 39 años. Hombres,2020,2709,Personas
23,Quintana Roo,002,Felipe Carrillo Puerto,1002000081,Población de 35 a 39 años. Mujeres,2020,2914,Personas
23,Quintana Roo,002,Felipe Carrillo Puerto,1002000082,Población de 40 a 44 años,2020,5023,Personas
23,Quintana Roo,002,Felipe Carrillo Puerto,1002000083,Población de 40 a 44 años. Hombres,2020,2464,Personas
23,Quintana Roo,002,Felipe Carrillo Puerto,1002000084,Población de 40 a 44 años. Mujeres,2020,2559,Personas
23,Quintana Roo,002,Felipe Carrillo Puerto,1002000085,Población de 45 a 49 años,2020,4596,Personas
23,Quintana Roo,002,Felipe Carrillo Puerto,1002000086,Población de 45 a 49 años. Hombres,2020,2298,Personas
23,Quintana Roo,002,Felipe Carrillo Puerto,1002000087,Población de 45 a 49 años. Mujeres,2020,2298,Personas
23,Quintana Roo,002,Felipe Carrillo Puerto,1002000088,Población de 5 a 9 años,2020,8619,Personas
23,Quintana Roo,002,Felipe Carrillo Puerto,1002000089,Población de 5 a 9 años. Hombres,2020,4311,Personas
23,Quintana Roo,002,Felipe Carrillo Puerto,1002000090,Población de 5 a 9 años. Mujeres,2020,4308,Personas
23,Quintana Roo,002,Felipe Carrillo Puerto,1002000091,Población de 50 a 54 años,2020,3895,Personas
23,Quintana Roo,002,Felipe Carrillo Puerto,1002000092,Población de 50 a 54 años. Hombres,2020,1911,Personas
23,Quintana Roo,002,Felipe Carrillo Puerto,1002000093,Población de 50 a 54 años. Mujeres,2020,1984,Personas
23,Quintana Roo,002,Felipe Carrillo Puerto,1002000094,Población de 55 a 59 años,2020,3231,Personas
23,Quintana Roo,002,Felipe Carrillo Puerto,1002000095,Población de 55 a 59 años. Hombres,2020,1582,Número de personas
23,Quintana Roo,002,Felipe Carrillo Puerto,1002000096,Población de 55 a 59 años. Mujeres,2020,1649,Número de personas
23,Quintana Roo,002,Felipe Carrillo Puerto,1002000097,Población de 60 a 64 años,2020,2430,Personas
23,Quintana Roo,002,Felipe Carrillo Puerto,1002000098,Población de 60 a 64 años. Hombres,2020,1236,Número de personas
23,Quintana Roo,002,Felipe Carrillo Puerto,1002000099,Población de 60 a 64 años. Mujeres,2020,1194,Número de personas
23,Quintana Roo,002,Felipe Carrillo Puerto,1002000100,Población de 65 a 69 años,2020,2151,Personas
23,Quintana Roo,002,Felipe Carrillo Puerto,1002000101,Población de 65 a 69 años. Hombres,2020,1076,Número de personas
23,Quintana Roo,002,Felipe Carrillo Puerto,1002000102,Población de 65 a 69 años. Mujeres,2020,1075,Número de personas
23,Quintana Roo,002,Felipe Carrillo Puerto,1002000103,Población de 70 a 74 años,2020,1376,Personas
23,Quintana Roo,002,Felipe Carrillo Puerto,1002000104,Población de 70 a 74 años. Hombres,2020,749,Número de personas
23,Quintana Roo,002,Felipe Carrillo Puerto,1002000105,Población de 70 a 74 años. Mujeres,2020,627,Número de personas
23,Quintana Roo,002,Felipe Carrillo Puerto,1002000106,Población de 75 a 79 años,2020,910,Personas
23,Quintana Roo,002,Felipe Carrillo Puerto,1002000107,Población de 75 a 79 años. Hombres,2020,506,Número de personas
23,Quintana Roo,002,Felipe Carrillo Puerto,1002000108,Población de 75 a 79 años. Mujeres,2020,404,Número de personas
23,Quintana Roo,002,Felipe Carrillo Puerto,1002000109,Población de 80 a 84 años,2020,559,Personas
23,Quintana Roo,002,Felipe Carrillo Puerto,1002000110,Población de 80 a 84 años. Hombres,2020,332,Número de personas
23,Quintana Roo,002,Felipe Carrillo Puerto,1002000111,Población de 80 a 84 años. Mujeres,2020,227,Número de personas
23,Quintana Roo,002,Felipe Carrillo Puerto,1002000112,Población de 85 a 89 años,2020,324,Personas
23,Quintana Roo,002,Felipe Carrillo Puerto,1002000113,Población de 85 a 89 años. Hombres,2020,174,Número de personas
23,Quintana Roo,002,Felipe Carrillo Puerto,1002000114,Población de 85 a 89 años. Mujeres,2020,150,Número de personas
23,Quintana Roo,002,Felipe Carrillo Puerto,1002000115,Población de 90 a 94 años,2020,112,Personas
23,Quintana Roo,002,Felipe Carrillo Puerto,1002000116,Población de 90 a 94 años. Hombres,2020,57,Número de personas
23,Quintana Roo,002,Felipe Carrillo Puerto,1002000117,Población de 90 a 94 años. Mujeres,2020,55,Número de personas
23,Quintana Roo,002,Felipe Carrillo Puerto,1002000118,Población de 95 a 99 años,2020,65,Personas
23,Quintana Roo,002,Felipe Carrillo Puerto,1002000119,Población de 95 a 99 años. Hombres,2020,42,Número de personas
23,Quintana Roo,002,Felipe Carrillo Puerto,1002000120,Población de 95 a 99 años. Mujeres,2020,23,Número de personas
23,Quintana Roo,002,Felipe Carrillo Puerto,1002000127,Relación de dependencia,2020,58.8105018077192,Personas dependientes por cada 100 personas en edad de trabajar
23,Quintana Roo,002,Felipe Carrillo Puerto,1003000001,Total de viviendas particulares habitadas,2020,21462,Viviendas
23,Quintana Roo,002,Felipe Carrillo Puerto,1003000011,Viviendas particulares habitadas,2020,20828,Número de Viviendas
23,Quintana Roo,002,Felipe Carrillo Puerto,1003000015,Promedio de ocupantes en viviendas particulares habitadas,2020,3.91094480823199,Promedio
23,Quintana Roo,002,Felipe Carrillo Puerto,1003000017,Viviendas particulares habitadas que disponen de energía eléctrica,2020,20724,Viviendas
23,Quintana Roo,002,Felipe Carrillo Puerto,1003000018,Viviendas particulares habitadas que disponen de agua de la red pública en el ámbito de la vivienda,2020,20778,Viviendas
23,Quintana Roo,002,Felipe Carrillo Puerto,1003000019,Viviendas particulares habitadas que disponen de drenaje,2020,18628,Viviendas
23,Quintana Roo,002,Felipe Carrillo Puerto,1003000020,Viviendas particulares habitadas que disponen de excusado o sanitario,2020,19039,Viviendas
23,Quintana Roo,002,Felipe Carrillo Puerto,1003000023,Viviendas particulares habitadas que disponen de lavadora,2020,14412,Viviendas
23,Quintana Roo,002,Felipe Carrillo Puerto,1003000024,Viviendas particulares habitadas que disponen de computadora,2020,4125,Viviendas
23,Quintana Roo,002,Felipe Carrillo Puerto,1004000001,Población derechohabiente a servicios de salud,2020,70213,Personas
23,Quintana Roo,002,Felipe Carrillo Puerto,1005000012,Población de 5 años y más que asiste a la escuela,2020,24654,Personas
23,Quintana Roo,002,Felipe Carrillo Puerto,1005000038,Grado promedio de escolaridad de la población de 15 y más años,2020,8.5210581393354,Años de escolaridad
23,Quintana Roo,002,Felipe Carrillo Puerto,1005000039,Población de 5 años y más hablante de lengua indígena,2020,46239,Personas
23,Quintana Roo,002,Felipe Carrillo Puerto,3104003001,Porcentaje de población inmigrante (migración reciente),2020,1.28024260003955,Porcentaje
23,Quintana Roo,002,Felipe Carrillo Puerto,3105001001,Densidad de población,2020,6.49156459347096,Habitantes por kilómetro cuadrado
23,Quintana Roo,002,Felipe Carrillo Puerto,3105004001,Porcentaje de población en localidades de menos de 2 500 habitantes,2020,43.175378021193,Porcentaje
23,Quintana Roo,002,Felipe Carrillo Puerto,3108001001,Porcentaje de analfabetas total,2020,9.91858771102922,Porcentaje
23,Quintana Roo,002,Felipe Carrillo Puerto,3108001002,Porcentaje de analfabetas hombres,2020,8.20207717174496,Porcentaje
23,Quintana Roo,002,Felipe Carrillo Puerto,3108001003,Porcentaje de analfabetas mujeres,2020,11.6240133939249,Porcentaje
23,Quintana Roo,002,Felipe Carrillo Puerto,3114004001,Porcentaje de viviendas con piso de tierra,2020,9.49017773620206,Porcentaje
23,Quintana Roo,002,Felipe Carrillo Puerto,3114006001,Porcentaje de viviendas con electricidad,2020,96.9317118802619,Porcentaje
23,Quintana Roo,002,Felipe Carrillo Puerto,6200031290,Porcentaje de viviendas particulares habitadas con disponibilidad de drenaje,2020,87.1281571562208,Porcentaje
23,Quintana Roo,002,Felipe Carrillo Puerto,6200031291,Porcentaje de viviendas particulares habitadas con disponibilidad de excusado,2020,89.0505144995323,Porcentaje
23,Quintana Roo,002,Felipe Carrillo Puerto,6200108938,Porcentaje de viviendas con techos de materiales resistentes,2020,58.6940158073015,Porcentaje
23,Quintana Roo,002,Felipe Carrillo Puerto,6200205238,Población de 8 a 14 años que sabe leer y escribir,2020,11897,Personas
23,Quintana Roo,002,Felipe Carrillo Puerto,6200205244,Viviendas que son cuarto de azotea,2020,0,Viviendas
23,Quintana Roo,002,Felipe Carrillo Puerto,6200205245,Viviendas móviles,2020,1,Viviendas
23,Quintana Roo,002,Felipe Carrillo Puerto,6200205246,Viviendas que son departamento en edificio o vivienda en vecindad,2020,346,Viviendas
23,Quintana Roo,002,Felipe Carrillo Puerto,6200205247,Viviendas que son refugio,2020,1,Viviendas
23,Quintana Roo,002,Felipe Carrillo Puerto,6200205248,Viviendas colectivas,2020,4,Viviendas
23,Quintana Roo,002,Felipe Carrillo Puerto,6200205249,Viviendas que son casa independiente o local no construido para habitación,2020,17913,Viviendas
23,Quintana Roo,002,Felipe Carrillo Puerto,6200205251,Promedio de hijos nacidos vivos de las mujeres de 12 años y más casada sólo religiosamente,2020,3.89233469865418,Promedio
23,Quintana Roo,002,Felipe Carrillo Puerto,6200205252,Población de 5 años y más inmigrante,2020,2123,Personas
23,Quintana Roo,002,Felipe Carrillo Puerto,6200205253,Población total sin limitación en la actividad,2020,71297,Personas
23,Quintana Roo,002,Felipe Carrillo Puerto,6200205254,Población total que no especificó limitación en la actividad,2020,112,Personas
23,Quintana Roo,002,Felipe Carrillo Puerto,6200205255,Porcentaje de la población migrante internacional destino otro país,2020,12.5,Porcentaje
23,Quintana Roo,002,Felipe Carrillo Puerto,6200205256,Población de 5 años y más con religión no especificada,2020,76,Personas
23,Quintana Roo,002,Felipe Carrillo Puerto,6200205257,Población de 5 años y más católica,2020,52081,Personas
23,Quintana Roo,002,Felipe Carrillo Puerto,6200205258,Promedio de hijos nacidos vivos de las mujeres de 12 años y más solteras,2020,0.161293688054251,Promedio
23,Quintana Roo,002,Felipe Carrillo Puerto,6200205259,Población nacida en otro país residente en México,2020,137,Personas
23,Quintana Roo,002,Felipe Carrillo Puerto,6200205260,Población con limitación en la actividad para escuchar,2020,1656,Personas
23,Quintana Roo,002,Felipe Carrillo Puerto,6200205261,Población con limitación en la actividad para hablar o comunicarse,2020,683,Personas
23,Quintana Roo,002,Felipe Carrillo Puerto,6200205263,Población con limitación en la actividad para caminar o moverse,2020,2648,Personas
23,Quintana Roo,002,Felipe Carrillo Puerto,6200205264,Porcentaje de la población migrante internacional destino no especificado,2020,25,Porcentaje
23,Quintana Roo,002,Felipe Carrillo Puerto,6200205265,Promedio de hijos nacidos vivos de las mujeres de 12 años y más que no especificó estado conyugal,2020,0,Promedio
23,Quintana Roo,002,Felipe Carrillo Puerto,6200205266,Promedio de hijos nacidos vivos de las mujeres de 12 años y más casada civil y religiosamente,2020,3.99027091752732,Promedio
23,Quintana Roo,002,Felipe Carrillo Puerto,6200205267,Promedio de hijos nacidos vivos de las mujeres de 12 años y más separadas,2020,2.99420849420849,Promedio
23,Quintana Roo,002,Felipe Carrillo Puerto,6200205268,Población nacida en otro país residente en México hombres,2020,85,Personas
23,Quintana Roo,002,Felipe Carrillo Puerto,6200205269,Población con limitación en la actividad para atender el cuidado personal,2020,436,Personas
23,Quintana Roo,002,Felipe Carrillo Puerto,6200205270,Población con limitación en la actividad para poner atención o aprender,2020,1458,Personas
23,Quintana Roo,002,Felipe Carrillo Puerto,6200205271,Población con limitación en la actividad,2020,8223,Personas
23,Quintana Roo,002,Felipe Carrillo Puerto,6200205272,Porcentaje de población nacida en otro país residente en México,2020,0.163114656506727,Porcentaje
23,Quintana Roo,002,Felipe Carrillo Puerto,6200205273,Población de 5 años y más con religión distinta de católica,2020,17309,Personas
23,Quintana Roo,002,Felipe Carrillo Puerto,6200205274,Porcentaje de población masculina nacida en otro país residente en México,2020,0.202602850741288,Porcentaje
23,Quintana Roo,002,Felipe Carrillo Puerto,6200205275,Promedio de hijos nacidos vivos de las mujeres de 12 años y más divorciadas,2020,3.06353591160221,Promedio
23,Quintana Roo,002,Felipe Carrillo Puerto,6200205276,Promedio de hijos nacidos vivos de las mujeres de 12 años y más en unión libre,2020,2.41680801850424,Promedio
23,Quintana Roo,002,Felipe Carrillo Puerto,6200205277,Población de 5 años y más emigrante,2020,2050,Personas
23,Quintana Roo,002,Felipe Carrillo Puerto,6200205279,Promedio de hijos nacidos vivos de las mujeres de 12 años y más casada sólo por lo civil,2020,3.37799791449426,Promedio
23,Quintana Roo,002,Felipe Carrillo Puerto,6200205280,Población con limitación en la actividad para ver,2020,5047,Personas
23,Quintana Roo,002,Felipe Carrillo Puerto,6200205282,Porcentaje de población femenina nacida en otro país residente en México,2020,0.123703492244743,Porcentaje
23,Quintana Roo,002,Felipe Carrillo Puerto,6200205283,Promedio de hijos nacidos vivos de las mujeres de 12 años y más viudas,2020,6.08685714285714,Promedio
23,Quintana Roo,002,Felipe Carrillo Puerto,6200205284,Población nacida en otro país residente en México mujeres,2020,52,Personas
23,Quintana Roo,002,Felipe Carrillo Puerto,6200205285,Porcentaje de la población migrante internacional destino Estados Unidos de América,2020,62.5,Porcentaje
23,Quintana Roo,002,Felipe Carrillo Puerto,6200205286,Población con limitación en la actividad mental,2020,929,Personas
23,Quintana Roo,002,Felipe Carrillo Puerto,6200205288,Índice de masculinidad de la población nacida en otro país residente en México,2020,163.461538461538,Índice
23,Quintana Roo,002,Felipe Carrillo Puerto,6200205289,Población de 5 años y más sin religión,2020,6452,Personas
23,Quintana Roo,002,Felipe Carrillo Puerto,6200240300,Porcentaje de hombres de 0 a 4 años,2020,4.85589644568404,Porcentaje
23,Quintana Roo,002,Felipe Carrillo Puerto,6200240301,Población católica,2020,57.488,Miles DE personas
23,Quintana Roo,002,Felipe Carrillo Puerto,6200240302,Porcentaje de la población de 60 a 84 años con limitación en la actividad,2020,32.736331807164,Porcentaje
23,Quintana Roo,002,Felipe Carrillo Puerto,6200240304,Tasa de monolingüismo de la población de 5 años y más hablante de Tojolabal,2020,0,Porcentaje
23,Quintana Roo,002,Felipe Carrillo Puerto,6200240305,Porcentaje de la población que profesa la religión católica,2020,68.4462436004286,Porcentaje
23,Quintana Roo,002,Felipe Carrillo Puerto,6200240310,Porcentaje de mujeres de 75 a 79 años,2020,0.48153710457937,Porcentaje
23,Quintana Roo,002,Felipe Carrillo Puerto,6200240311,Porcentaje de hombres de 10 a 14 años,2020,5.29810007389926,Porcentaje
23,Quintana Roo,002,Felipe Carrillo Puerto,6200240312,Porcentaje de mujeres de 5 a 9 años,2020,5.1348065508117,Porcentaje
23,Quintana Roo,002,Felipe Carrillo Puerto,6200240314,Porcentaje de la población de 15 años y más con instrucción media superior,2020,22.9051332590625,Porcentaje
23,Quintana Roo,002,Felipe Carrillo Puerto,6200240315,Porcentaje de la población con limitación mental,2020,1.17210663773199,Porcentaje
23,Quintana Roo,002,Felipe Carrillo Puerto,6200240316,Tasa de monolingüismo de la población de 5 años y más hablante de Maya,2020,8.85392767398667,Porcentaje
23,Quintana Roo,002,Felipe Carrillo Puerto,6200240318,Población de 5 años y más hablante de Tzeltal  (Tseltal),2020,107,Personas
23,Quintana Roo,002,Felipe Carrillo Puerto,6200240319,Tasa de monolingüismo de la población de 5 años y más hablante de Mazateco,2020,0,Porcentaje
23,Quintana Roo,002,Felipe Carrillo Puerto,6200240320,Población de 5 años y más hablante de Lenguas chinantecas,2020,1,Personas
23,Quintana Roo,002,Felipe Carrillo Puerto,6200240323,Porcentaje de la población derechohabiente en el Seguro popular,2020,77.1466822383319,Porcentaje
23,Quintana Roo,002,Felipe Carrillo Puerto,6200240325,Tasa de monolingüismo de la población de 5 años y más hablante de Náhuatl,2020,0,Porcentaje
23,Quintana Roo,002,Felipe Carrillo Puerto,6200240326,Población de 5 años y más hablante de Lenguas zapotecas,2020,6,Personas
23,Quintana Roo,002,Felipe Carrillo Puerto,6200240328,Porcentaje de mujeres de 55 a 59 años,2020,1.96548189468164,Porcentaje
23,Quintana Roo,002,Felipe Carrillo Puerto,6200240330,Porcentaje de hombres de 75 a 79 años,2020,0.603113304250399,Porcentaje
23,Quintana Roo,002,Felipe Carrillo Puerto,6200240331,Población de 5 años y más hablante de Maya,2020,45765,Personas
23,Quintana Roo,002,Felipe Carrillo Puerto,6200240332,Población de 5 años y más hablante de Otomí,2020,4,Personas
23,Quintana Roo,002,Felipe Carrillo Puerto,6200240334,Población de 5 años y más hablante de Tojolabal,2020,3,Personas
23,Quintana Roo,002,Felipe Carrillo Puerto,6200240341,Porcentaje de mujeres de 40 a 44 años,2020,3.05013230351141,Porcentaje
23,Quintana Roo,002,Felipe Carrillo Puerto,6200240342,Porcentaje de mujeres de 70 a 74 años,2020,0.747336050918973,Porcentaje
23,Quintana Roo,002,Felipe Carrillo Puerto,6200240343,Porcentaje de hombres de 15 a 19 años,2020,5.20751388590908,Porcentaje
23,Quintana Roo,002,Felipe Carrillo Puerto,6200240344,Porcentaje de mujeres de 85 años y más,2020,0.281293952180028,Porcentaje
23,Quintana Roo,002,Felipe Carrillo Puerto,6200240345,Población de 5 años y más hablante de Mixe,2020,0,Personas
23,Quintana Roo,002,Felipe Carrillo Puerto,6200240354,Porcentaje de mujeres de 10 a 14 años,2020,5.3743831795752,Porcentaje
23,Quintana Roo,002,Felipe Carrillo Puerto,6200240356,Porcentaje de mujeres de 20 a 24 años,2020,4.23252044148847,Porcentaje
23,Quintana Roo,002,Felipe Carrillo Puerto,6200240357,Porcentaje de hombres de 35 a 39 años,2020,3.22892083243939,Porcentaje
23,Quintana Roo,002,Felipe Carrillo Puerto,6200240358,Porcentaje de la población de 0 a 14 años con limitación en la actividad,2020,3.21292998865104,Porcentaje
23,Quintana Roo,002,Felipe Carrillo Puerto,6200240361,Población de 5 años y más hablante de Mazahua,2020,0,Personas
23,Quintana Roo,002,Felipe Carrillo Puerto,6200240364,Tasa de monolingüismo de la población de 5 años y más hablante de Chatino,2020,0,Porcentaje
23,Quintana Roo,002,Felipe Carrillo Puerto,6200240365,Porcentaje de la población de 15 años y más con instrucción superior,2020,11.5982517782158,Porcentaje
23,Quintana Roo,002,Felipe Carrillo Puerto,6200240366,Tasa de monolingüismo de la población de 5 años y más hablante de Lenguas mixtecas,2020,0,Porcentaje
23,Quintana Roo,002,Felipe Carrillo Puerto,6200240367,Porcentaje de la población con limitación para hablar o comunicarse,2020,7.68569674647023,Porcentaje
23,Quintana Roo,002,Felipe Carrillo Puerto,6200240368,Porcentaje de la población de 15 años y más con instrucción no especificada,2020,0.0754134887308253,Porcentaje
23,Quintana Roo,002,Felipe Carrillo Puerto,6200240377,Porcentaje de mujeres de 45 a 49 años,2020,2.73904026317671,Porcentaje
23,Quintana Roo,002,Felipe Carrillo Puerto,6200240378,Porcentaje de mujeres de 0 a 4 años,2020,4.6556532932847,Porcentaje
23,Quintana Roo,002,Felipe Carrillo Puerto,6200240379,Porcentaje de mujeres de 80 a 84 años,2020,0.270566640444349,Porcentaje
23,Quintana Roo,002,Felipe Carrillo Puerto,6200240381,Tasa de monolingüismo de la población de 5 años y más hablante de Tzotzil (Tsotsil),2020,4.3103448275862,Porcentaje
23,Quintana Roo,002,Felipe Carrillo Puerto,6200240384,Porcentaje de mujeres de 15 a 19 años,2020,5.01442227466686,Porcentaje
23,Quintana Roo,002,Felipe Carrillo Puerto,6200240386,Población de 5 años y más hablante de Lenguas mixtecas,2020,3,Personas
23,Quintana Roo,002,Felipe Carrillo Puerto,6200240388,Porcentaje de hombres de 65 a 69 años,2020,1.28250971417674,Porcentaje
23,Quintana Roo,002,Felipe Carrillo Puerto,6200240389,Tasa de crecimiento promedio anual de las viviendas particulares habitadas,2020,2.32761784485465,Tasa
23,Quintana Roo,002,Felipe Carrillo Puerto,6200240390,Porcentaje de la población con discapacidad por accidente,2020,9.05797101449275,Porcentaje
23,Quintana Roo,002,Felipe Carrillo Puerto,6200240395,"Viviendas, de cada cien que cuentan con electricidad, agua y drenaje",2020,85.3461178671656,Porcentaje
23,Quintana Roo,002,Felipe Carrillo Puerto,6200240396,Porcentaje de la población de 30 a 59 años con limitación en la actividad,2020,13.2756132756133,Porcentaje
23,Quintana Roo,002,Felipe Carrillo Puerto,6200240397,Tasa de monolingüismo de la población de 5 años y más hablante de Chol (Ch''ol),2020,0,Porcentaje
23,Quintana Roo,002,Felipe Carrillo Puerto,6200240398,Tasa de monolingüismo de la población de 5 años y más hablante de Totonaca (Totonaco),2020,0,Porcentaje
23,Quintana Roo,002,Felipe Carrillo Puerto,6200240407,Índice de envejecimiento,2020,31.0961530935702,Porcentaje
23,Quintana Roo,002,Felipe Carrillo Puerto,6200240410,Porcentaje de hombres de 60 a 64 años,2020,1.47321747836659,Porcentaje
23,Quintana Roo,002,Felipe Carrillo Puerto,6200240411,Porcentaje de hombres de 85 años y más,2020,0.338506281436983,Porcentaje
23,Quintana Roo,002,Felipe Carrillo Puerto,6200240413,Tasa de monolingüismo de la población de 5 años y más hablante de Huasteco,2020,0,Porcentaje
23,Quintana Roo,002,Felipe Carrillo Puerto,6200240414,"Porcentaje de la población derechohabiente en PEMEX, SDN o SM",2020,0.105393588081979,Porcentaje
23,Quintana Roo,002,Felipe Carrillo Puerto,6200240416,Porcentaje de la población usuaria de servicios de salud en instituciones de servicios médicos privados,2020,0.232150741315711,Porcentaje
23,Quintana Roo,002,Felipe Carrillo Puerto,6200240421,Porcentaje de la población derechohabiente en el ISSSTE,2020,10.0109666301112,Porcentaje
23,Quintana Roo,002,Felipe Carrillo Puerto,6200240423,Porcentaje de hombres de 40 a 44 años,2020,2.93689956852368,Porcentaje
23,Quintana Roo,002,Felipe Carrillo Puerto,6200240424,Tasa de monolingüismo de la población de 5 años y más hablante de Mixe,2020,0,Porcentaje
23,Quintana Roo,002,Felipe Carrillo Puerto,6200240425,Porcentaje de hombres de 70 a 74 años,2020,0.892750721113733,Porcentaje
23,Quintana Roo,002,Felipe Carrillo Puerto,6200240426,Porcentaje de mujeres de 60 a 64 años,2020,1.42315669026675,Porcentaje
23,Quintana Roo,002,Felipe Carrillo Puerto,6200240427,Porcentaje de mujeres de 65 a 69 años,2020,1.28131779065055,Porcentaje
23,Quintana Roo,002,Felipe Carrillo Puerto,6200240428,Tasa de monolingüismo de la población de 5 años y más hablante de Otomí,2020,0,Porcentaje
23,Quintana Roo,002,Felipe Carrillo Puerto,6200240430,Porcentaje de la población con limitación para caminar y moverse,2020,32.2023592362885,Porcentaje
23,Quintana Roo,002,Felipe Carrillo Puerto,6200240431,Población de 5 años y más hablante de Purépecha (Tarasco),2020,2,Personas
23,Quintana Roo,002,Felipe Carrillo Puerto,6200240432,Tasa de monolingüismo de la población de 5 años y más hablante de Zoque,2020,0,Porcentaje
23,Quintana Roo,002,Felipe Carrillo Puerto,6200240433,Tasa de monolingüismo de la población de 5 años y más hablante de Lenguas zapotecas,2020,0,Porcentaje
23,Quintana Roo,002,Felipe Carrillo Puerto,6200240434,Población de 5 años y más hablante de Chatino,2020,0,Personas
23,Quintana Roo,002,Felipe Carrillo Puerto,6200240435,Porcentaje de la población con limitación para atender el cuidado personal,2020,5.30220114313511,Porcentaje
23,Quintana Roo,002,Felipe Carrillo Puerto,6200240443,Porcentaje de mujeres de 35 a 39 años,2020,3.47326515530764,Porcentaje
23,Quintana Roo,002,Felipe Carrillo Puerto,6200240444,Porcentaje de hombres de 55 a 59 años,2020,1.88562301842714,Porcentaje
23,Quintana Roo,002,Felipe Carrillo Puerto,6200240445,Porcentaje de hombres de 5 a 9 años,2020,5.13838232139026,Porcentaje
23,Quintana Roo,002,Felipe Carrillo Puerto,6200240447,Porcentaje de la población de 15 años y más sin instrucción,2020,9.30842402947982,Porcentaje
23,Quintana Roo,002,Felipe Carrillo Puerto,6200240449,Tasa de monolingüismo de la población de 5 años y más hablante de lengua indígena,2020,8.7912800882372,Porcentaje
23,Quintana Roo,002,Felipe Carrillo Puerto,6200240450,Porcentaje de la población con limitación para ver,2020,61.3766265353277,Porcentaje
23,Quintana Roo,002,Felipe Carrillo Puerto,6200240451,Población de 5 años y más hablante de Tarahumara,2020,0,Personas
23,Quintana Roo,002,Felipe Carrillo Puerto,6200240452,Población de 5 años y más hablante de Chol (Ch''ol),2020,39,Personas
23,Quintana Roo,002,Felipe Carrillo Puerto,6200240453,Población de 5 años y más hablante de Totonaca (Totonaco),2020,6,Personas
23,Quintana Roo,002,Felipe Carrillo Puerto,6200240454,Tasa de monolingüismo de la población de 5 años y más hablante de Mazahua,2020,0,Porcentaje
23,Quintana Roo,002,Felipe Carrillo Puerto,6200240458,Porcentaje de la población con discapacidad por edad avanzada,2020,28.804347826087,Porcentaje
23,Quintana Roo,002,Felipe Carrillo Puerto,6200240459,Porcentaje de la población con discapacidad por nacimiento,2020,18.9182194616977,Porcentaje
23,Quintana Roo,002,Felipe Carrillo Puerto,6200240466,Población de 5 años y más hablante de Tlapaneco,2020,0,Personas
23,Quintana Roo,002,Felipe Carrillo Puerto,6200240471,Porcentaje de la población derechohabiente en el IMSS,2020,12.5233218919573,Porcentaje
23,Quintana Roo,002,Felipe Carrillo Puerto,6200240475,Porcentaje de hombres de 80 a 84 años,2020,0.395718610693938,Porcentaje
23,Quintana Roo,002,Felipe Carrillo Puerto,6200240477,Porcentaje de la población de 85 y más con limitación en la actividad,2020,28.4615384615385,Porcentaje
23,Quintana Roo,002,Felipe Carrillo Puerto,6200240478,Porcentaje de la población con limitación para escuchar,2020,20.1386355344765,Porcentaje
23,Quintana Roo,002,Felipe Carrillo Puerto,6200240479,Porcentaje de la población con limitación para poner atención o aprender,2020,17.7307551988325,Porcentaje
23,Quintana Roo,002,Felipe Carrillo Puerto,6200240480,Población de 5 años y más hablante de Huasteco,2020,1,Personas
23,Quintana Roo,002,Felipe Carrillo Puerto,6200240481,Población de 5 años y más hablante de Tzotzil (Tsotsil),2020,232,Personas
23,Quintana Roo,002,Felipe Carrillo Puerto,6200240486,Porcentaje de hombres de 25 a 29 años,2020,3.55431595508832,Porcentaje
23,Quintana Roo,002,Felipe Carrillo Puerto,6200240488,Porcentaje de la población de 15 a 29 años con limitación en la actividad,2020,4.78031474574729,Porcentaje
23,Quintana Roo,002,Felipe Carrillo Puerto,6200240493,Porcentaje de la población de 5 años y más hablante de lengua indígena,2020,60.9065043863115,Porcentaje
23,Quintana Roo,002,Felipe Carrillo Puerto,6200240495,Porcentaje de la población con discapacidad por otra causa,2020,11.8788819875776,Porcentaje
23,Quintana Roo,002,Felipe Carrillo Puerto,6200240496,Población de 5 años y más hablante de Náhuatl,2020,7,Personas
23,Quintana Roo,002,Felipe Carrillo Puerto,6200240497,Población no católica,2020,18512,Miles DE personas
23,Quintana Roo,002,Felipe Carrillo Puerto,6200240499,Porcentaje de la población que profesa la religión protestante y evangélica,2020,21.8275985236338,Porcentaje
23,Quintana Roo,002,Felipe Carrillo Puerto,6200240507,Porcentaje de mujeres de 50 a 54 años,2020,2.36477627595414,Porcentaje
23,Quintana Roo,002,Felipe Carrillo Puerto,6200240509,Tasa de monolingüismo de la población de 5 años y más hablante de Tarahumara,2020,0,Porcentaje
23,Quintana Roo,002,Felipe Carrillo Puerto,6200240518,Porcentaje de hombres de 30 a 34 años,2020,3.51379055519798,Porcentaje
23,Quintana Roo,002,Felipe Carrillo Puerto,6200240520,Porcentaje de hombres de 20 a 24 años,2020,4.32906624710959,Porcentaje
23,Quintana Roo,002,Felipe Carrillo Puerto,6200240521,Población de 5 años y más hablante de Zoque,2020,12,Personas
23,Quintana Roo,002,Felipe Carrillo Puerto,6200240522,Tasa de monolingüismo de la población de 5 años y más hablante de Purépecha (Tarasco),2020,0,Porcentaje
23,Quintana Roo,002,Felipe Carrillo Puerto,6200240532,Porcentaje de hombres de 45 a 49 años,2020,2.73904026317671,Porcentaje
23,Quintana Roo,002,Felipe Carrillo Puerto,6200240533,Porcentaje de hombres de 50 a 54 años,2020,2.27776585854252,Porcentaje
23,Quintana Roo,002,Felipe Carrillo Puerto,6200240534,Tasa de monolingüismo de la población de 5 años y más hablante de Resto de lenguas,2020,2.08333333333333,Porcentaje
23,Quintana Roo,002,Felipe Carrillo Puerto,6200240535,Población de 5 años y más hablante de Mazateco,2020,3,Personas
23,Quintana Roo,002,Felipe Carrillo Puerto,6200240536,Tasa de monolingüismo de la población de 5 años y más hablante de Tlapaneco,2020,0,Porcentaje
23,Quintana Roo,002,Felipe Carrillo Puerto,6200240537,Tasa de monolingüismo de la población de 5 años y más hablante de Tzeltal (Tseltal),2020,1.86915887850467,Porcentaje
23,Quintana Roo,002,Felipe Carrillo Puerto,6200240538,Población de 5 años y más hablante del Resto de lenguas,2020,48,Personas
23,Quintana Roo,002,Felipe Carrillo Puerto,6200240539,Tasa de monolingüismo de la población de 5 años y más hablante de Lenguas chinantecas,2020,0,Porcentaje
23,Quintana Roo,002,Felipe Carrillo Puerto,6200240540,Porcentaje de la población con discapacidad por enfermedad,2020,38.1469979296066,Porcentaje
23,Quintana Roo,002,Felipe Carrillo Puerto,6200240548,Porcentaje de mujeres de 25 a 29 años,2020,3.86779184247539,Porcentaje
23,Quintana Roo,002,Felipe Carrillo Puerto,6200240549,Porcentaje de mujeres de 30 a 34 años,2020,3.69138716059978,Porcentaje
23,Quintana Roo,002,Felipe Carrillo Puerto,6205370864,Porcentaje de población que se considera afrodescendiente,2020,3.02536016192404,Porcentaje
23,Quintana Roo,002,Felipe Carrillo Puerto,6207019007,Porcentaje de la población de 12 años y más viuda,2020,3.96583665651396,Porcentaje
23,Quintana Roo,002,Felipe Carrillo Puerto,6207019009,Porcentaje de la población de 12 años y más casada,2020,38.3379910195623,Porcentaje
23,Quintana Roo,002,Felipe Carrillo Puerto,6207019010,Porcentaje de población de 25 años y más alfabeta,2020,86.803174752266,Porcentaje
23,Quintana Roo,002,Felipe Carrillo Puerto,6207019011,Porcentaje de la población de 12 años y más soltera,2020,33.2511696549126,Porcentaje
23,Quintana Roo,002,Felipe Carrillo Puerto,6207019012,Porcentaje de la población de 12 años y más separada,2020,3.62357521901592,Porcentaje
23,Quintana Roo,002,Felipe Carrillo Puerto,6207019016,Porcentaje de la población de 12 años y más divorciada,2020,0.821113448676484,Porcentaje
23,Quintana Roo,002,Felipe Carrillo Puerto,6207019017,Porcentaje de población afiliada a otra institución,2020,0.152393431415835,Porcentaje
23,Quintana Roo,002,Felipe Carrillo Puerto,6207019018,Porcentaje de población afiliada a servicios de salud,2020,83.5968567686629,Porcentaje
23,Quintana Roo,002,Felipe Carrillo Puerto,6207019019,Porcentaje de la población de 12 años y más en unión libre,2020,19.9924639683487,Porcentaje
23,Quintana Roo,002,Felipe Carrillo Puerto,6207019020,Porcentaje de población de 15 años y más sin escolaridad,2020,8.47201988173794,Porcentaje
23,Quintana Roo,002,Felipe Carrillo Puerto,6207019022,Porcentaje de viviendas particulares habitadas propias,2020,86.0509973654498,Porcentaje
23,Quintana Roo,002,Felipe Carrillo Puerto,6207019023,Porcentaje de hijos fallecidos de las mujeres de 15 a 49 años,2020,3.6012604411544,Porcentaje
23,Quintana Roo,002,Felipe Carrillo Puerto,6207019024,Porcentaje de la población de 3 a 5 años que asiste a la escuela,2020,82.2539620426531,Porcentaje
23,Quintana Roo,002,Felipe Carrillo Puerto,6207019026,Porcentaje de la población de 6 a 11 años que asiste a la escuela,2020,97.7520566290415,Porcentaje
23,Quintana Roo,002,Felipe Carrillo Puerto,6207019028,Porcentaje de la población de 12 a 14 años que asiste a la escuela,2020,94.8962422882782,Porcentaje
23,Quintana Roo,002,Felipe Carrillo Puerto,6207019029,Porcentaje de la población de 15 a 24 años que asiste a la escuela,2020,44.6284662732407,Porcentaje
23,Quintana Roo,002,Felipe Carrillo Puerto,6207019030,Porcentaje de población de 12 años y más económicamente activa,2020,60.7671052218419,Porcentaje
23,Quintana Roo,002,Felipe Carrillo Puerto,6207019031,Porcentaje de población de 15 años y más con escolaridad básica,2020,56.949181592253,Porcentaje
23,Quintana Roo,002,Felipe Carrillo Puerto,6207019034,Porcentaje de población de 3 años y más hablante de lengua indígena,2020,59.4771571682711,Porcentaje
23,Quintana Roo,002,Felipe Carrillo Puerto,6207019035,Porcentaje de la población de 12 años y más No Económicamente Activa,2020,39.0287939209345,Porcentaje
23,Quintana Roo,002,Felipe Carrillo Puerto,6207019036,Promedio de hijos nacidos vivos de las mujeres de 15 a 49 años EI2015,2020,1.82882100064026,Promedio
23,Quintana Roo,002,Felipe Carrillo Puerto,6207019039,Porcentaje de la población de 12 años y más económicamente activa ocupada,2020,99.2481591525643,Porcentaje
23,Quintana Roo,002,Felipe Carrillo Puerto,6207019040,Porcentaje de la población femenina de 12 años y más económicamente activa,2020,35.6568918744348,Porcentaje
23,Quintana Roo,002,Felipe Carrillo Puerto,6207019042,Porcentaje de viviendas particulares habitadas que disponen de Internet,2020,28.0869971936389,Porcentaje
23,Quintana Roo,002,Felipe Carrillo Puerto,6207019043,Porcentaje de la población masculina de 12 años y más económicamente activa,2020,64.3431081255652,Porcentaje
23,Quintana Roo,002,Felipe Carrillo Puerto,6207019046,Porcentaje de viviendas particulares habitadas que disponen de computadora,2020,19.2937324602432,Porcentaje
23,Quintana Roo,002,Felipe Carrillo Puerto,6207019047,Porcentaje de la población de 12 años y más no económicamente activa que estudia,2020,37.3466350215214,Porcentaje
23,Quintana Roo,002,Felipe Carrillo Puerto,6207019050,Porcentaje de viviendas particulares habitadas que disponen de teléfono fijo,2020,8.11038353601497,Porcentaje
23,Quintana Roo,002,Felipe Carrillo Puerto,6207019051,Porcentaje de la población de 12 años y más sin especificar su situación conyugal,2020,0.00785003297013847,Porcentaje
23,Quintana Roo,002,Felipe Carrillo Puerto,6207019054,Porcentaje de la población femenina de 12 años y más económicamente activa ocupada,2020,99.5942323020071,Porcentaje
23,Quintana Roo,002,Felipe Carrillo Puerto,6207019055,Porcentaje de viviendas particulares habitadas que disponen de teléfono celular,2020,72.9653882132834,Porcentaje
23,Quintana Roo,002,Felipe Carrillo Puerto,6207019056,Porcentaje de la población masculina de 12 años y más económicamente activa ocupada,2020,99.0563764857051,Porcentaje
23,Quintana Roo,002,Felipe Carrillo Puerto,6207019057,Porcentaje de viviendas particulares habitadas que disponen de televisión de paga,2020,52.0065481758653,Porcentaje
23,Quintana Roo,002,Felipe Carrillo Puerto,6207019058,Porcentaje de población de 3 años y más hablante de lengua indígena que no habla español,2020,8.99853630597569,Porcentaje
23,Quintana Roo,002,Felipe Carrillo Puerto,6207019059,Porcentaje de población de 12 años con condición de actividad económica no especificada,2020,0.2041008572236,Porcentaje
23,Quintana Roo,002,Felipe Carrillo Puerto,6207019060,Porcentaje de la población de 12 años y más no económicamente activa que es pensionada o jubilada,2020,2.66301942958285,Porcentaje
23,Quintana Roo,002,Felipe Carrillo Puerto,6207019063,Porcentaje de superficie en el ámbito geográfico de referencia respecto a la unidad geográfica superior,2020,28.941416183494,Porcentaje
23,Quintana Roo,002,Felipe Carrillo Puerto,6207019064,Porcentaje de la población de 12 años y más no económicamente activa que se dedica a los quehaceres del hogar,2020,49.1612695603202,Porcentaje
23,Quintana Roo,002,Felipe Carrillo Puerto,6207019065,Porcentaje de la población de 12 años y más no económicamente activa que realiza otras actividades no económicas,2020,5.82485216621747,Porcentaje
23,Quintana Roo,002,Felipe Carrillo Puerto,6207019070,Porcentaje de la población de 12 años y más no económicamente activa con alguna limitación física o mental que les impide trabajar,2020,5.0042238223581,Porcentaje
23,Quintana Roo,002,Felipe Carrillo Puerto,6207020032,Porcentaje de hombres,2020,49.9511846648411,Porcentaje
23,Quintana Roo,002,Felipe Carrillo Puerto,6207020033,Porcentaje de mujeres,2020,50.0488153351589,Porcentaje
23,Quintana Roo,002,Felipe Carrillo Puerto,6207020035,Promedio de ocupantes por cuarto (Índice de hacinamiento),2020,1.51410391211341,Promedio
23,Quintana Roo,002,Felipe Carrillo Puerto,6207049066,Población de 6 a 14 años que sabe leer y escribir,2020,13674,Porcentaje
23,Quintana Roo,002,Felipe Carrillo Puerto,6207049067,Población de 6 a 14 años que no sabe leer y escribir,2020,2070,Porcentaje
23,Quintana Roo,002,Felipe Carrillo Puerto,6207049068,Porcentaje de la población de 3 años y más que asiste a la escuela,2020,34.2648784365182,Porcentaje
23,Quintana Roo,002,Felipe Carrillo Puerto,6207049069,Porcentaje de la población de 3 años y más que no asiste a la escuela,2020,65.7023177178617,Porcentaje
23,Quintana Roo,002,Felipe Carrillo Puerto,6207049070,Población de 6 a 14 años que no especificó si sabe o no leer y escribir,2020,59,Porcentaje
23,Quintana Roo,002,Felipe Carrillo Puerto,6207049071,Porcentaje de la población de 3 años y más que no especificó si asiste o no a la escuela,2020,0.0328038456200558,Porcentaje
23,Quintana Roo,002,Felipe Carrillo Puerto,6207051593,Porcentaje de población de 6 a 14 años que no asiste a la escuela,2020,3.170284,Porcentaje
23,Quintana Roo,002,Felipe Carrillo Puerto,6207068394,Porcentaje de viviendas con agua entubada dentro de la vivienda,2020,42.6379794200187,Porcentaje
23,Quintana Roo,002,Felipe Carrillo Puerto,6207129629,Porcentaje de la población nacional/estatal que representa,2020,4.52048859382611,Porcentaje
23,Quintana Roo,002,Felipe Carrillo Puerto,6207129630,Promedio de ocupantes por dormitorio,2020,2.54940325386893,Promedio
23,Quintana Roo,002,Felipe Carrillo Puerto,6207129631,Porcentaje de viviendas particulares habitadas que disponen de tinaco,2020,79.0411599625819,Porcentaje
23,Quintana Roo,002,Felipe Carrillo Puerto,6207129632,Porcentaje de viviendas particulares habitadas que disponen de cisterna o aljibe,2020,11.6417212347989,Porcentaje
23,Quintana Roo,002,Felipe Carrillo Puerto,6207129635,Porcentaje de viviendas particulares habitadas que disponen de Automóvil o camioneta,2020,21.8942937324602,Porcentaje
23,Quintana Roo,002,Felipe Carrillo Puerto,6207129636,Porcentaje de viviendas particulares habitadas que disponen de motocicleta o motoneta,2020,25.2057998129093,Porcentaje
23,Quintana Roo,002,Felipe Carrillo Puerto,6207129637,Porcentaje de viviendas particulares habitadas que disponen de bicicleta como medio de transporte,2020,58.6623012160898,Porcentaje
23,Quintana Roo,002,Felipe Carrillo Puerto,6207129638,Porcentaje de la población con algún tipo de  discapacidad,2020,4.76009048696273,Porcentaje
23,Quintana Roo,002,Felipe Carrillo Puerto,6207129639,Porcentaje de la población entre 0 y 17 años con algún tipo de  discapacidad,2020,2.13110506542298,Porcentaje
23,Quintana Roo,002,Felipe Carrillo Puerto,6207129640,Porcentaje de la población entre 18 y 29 años con algún tipo de  discapacidad,2020,2.01644361759587,Porcentaje
23,Quintana Roo,002,Felipe Carrillo Puerto,6207129641,Porcentaje de la población entre 30 y 59 años con algún tipo de  discapacidad,2020,4.31140675043114,Porcentaje
23,Quintana Roo,002,Felipe Carrillo Puerto,6207129642,Porcentaje de la población de 60 años y más con algún tipo de  discapacidad,2020,22.3886232066449,Porcentaje
23,Quintana Roo,002,Felipe Carrillo Puerto,6207129643,Porcentaje de la población de 5 y más años migrante según causa: Trabajo,2020,25.6146624944122,Porcentaje
23,Quintana Roo,002,Felipe Carrillo Puerto,6207129644,Porcentaje de la población de 5 y más años migrante según causa: Familiar,2020,48.278945015646,Porcentaje
23,Quintana Roo,002,Felipe Carrillo Puerto,6207129645,Porcentaje de la población de 5 y más años migrante según causa: Educativa,2020,7.91238265534198,Porcentaje
23,Quintana Roo,002,Felipe Carrillo Puerto,6207129646,Porcentaje de la población de 5 y más años migrante según causa: Inseguridad delictiva o violencia,2020,9.74519445686187,Porcentaje
23,Quintana Roo,002,Felipe Carrillo Puerto,6207129647,Porcentaje de la población de 5 y más años migrante según causa: Otra causa,2020,7.91238265534198,Porcentaje
23,Quintana Roo,002,Felipe Carrillo Puerto,6207129648,Promedio de hijos nacidos vivos por grupo de edad: 15-19,2020,0.131034482758621,Promedio
23,Quintana Roo,002,Felipe Carrillo Puerto,6207129649,Promedio de hijos nacidos vivos por grupo de edad: 20-24,2020,0.760067586595325,Promedio
23,Quintana Roo,002,Felipe Carrillo Puerto,6207129650,Promedio de hijos nacidos vivos por grupo de edad: 25-29,2020,1.53390875462392,Promedio
23,Quintana Roo,002,Felipe Carrillo Puerto,6207129651,Promedio de hijos nacidos vivos por grupo de edad: 30-34,2020,2.22100161550889,Promedio
23,Quintana Roo,002,Felipe Carrillo Puerto,6207129652,Promedio de hijos nacidos vivos por grupo de edad: 35-39,2020,2.74845573095401,Promedio
23,Quintana Roo,002,Felipe Carrillo Puerto,6207129653,Promedio de hijos nacidos vivos por grupo de edad: 40-44,2020,3.23329425556858,Promedio
23,Quintana Roo,002,Felipe Carrillo Puerto,6207129654,Promedio de hijos nacidos vivos por grupo de edad: 45-49,2020,3.7449956483899,Promedio
23,Quintana Roo,002,Felipe Carrillo Puerto,6207129812,Porcentaje de viviendas particulares habitadas que disponen de refrigerador,2020,63.7418147801684,Porcentaje
23,Quintana Roo,002,Felipe Carrillo Puerto,6207129813,Porcentaje de viviendas particulares habitadas que disponen de lavadora,2020,67.4087932647334,Porcentaje
23,Quintana Roo,002,Felipe Carrillo Puerto,6207129818,Porcentaje de la población derechohabiente en Instituto de Salud para el Bienestar (IMSS-PROSPERA o IMSS-BIENESTAR),2020,0.350362468488741,Porcentaje
23,Quintana Roo,002,Felipe Carrillo Puerto,6207129822,Ubicación geográfica con la mayor cantidad de pobladores. Primer lugar,2020,230020001,No aplica
23,Quintana Roo,002,Felipe Carrillo Puerto,6207129825,Población de la ubicación geográfica con la mayor cantidad de pobladores. Primer lugar,2020,30754,Personas
23,Quintana Roo,002,Felipe Carrillo Puerto,6207129828,Lengua indígena más frecuente. Descripción. Primer lugar,2020,602,No aplica
23,Quintana Roo,002,Felipe Carrillo Puerto,6207129830,Lengua indígena más frecuente. Porcentaje. Primer lugar,2020,99.0638532733294,Porcentaje
23,Quintana Roo,002,Felipe Carrillo Puerto,6207129840,Total de áreas geográficas,2020,178,Municipios
23,Quintana Roo,003,Isla Mujeres,1001000001,Superficie continental,2020,862.54819097,Kilómetros cuadrados
23,Quintana Roo,003,Isla Mujeres,1002000001,Población total,2020,22686,Personas
23,Quintana Roo,003,Isla Mujeres,1002000002,Población total hombres,2020,11542,Personas
23,Quintana Roo,003,Isla Mujeres,1002000003,Población total mujeres,2020,11144,Personas
23,Quintana Roo,003,Isla Mujeres,1002000004,Porcentaje de población de 15 a 29 años,2020,25.6491785903551,Porcentaje
23,Quintana Roo,003,Isla Mujeres,1002000005,Porcentaje de hombres de 15 a 29 años,2020,25.3515014754383,Porcentaje
23,Quintana Roo,003,Isla Mujeres,1002000006,Porcentaje de mujeres de 15 a 29 años,2020,25.9575615896422,Porcentaje
23,Quintana Roo,003,Isla Mujeres,1002000007,Porcentaje de población de 60 y más años,2020,7.37502208090443,Porcentaje
23,Quintana Roo,003,Isla Mujeres,1002000008,Porcentaje de hombres de 60 y más años,2020,7.54209338656483,Porcentaje
23,Quintana Roo,003,Isla Mujeres,1002000009,Porcentaje de mujeres de 60 y más años,2020,7.20194209674519,Porcentaje
23,Quintana Roo,003,Isla Mujeres,1002000010,Edad mediana,2020,28,Años
23,Quintana Roo,003,Isla Mujeres,1002000011,Edad mediana hombres,2020,28,Años
23,Quintana Roo,003,Isla Mujeres,1002000012,Edad mediana mujeres,2020,28,Años
23,Quintana Roo,003,Isla Mujeres,1002000013,Promedio de hijos nacidos vivos de las mujeres de 12 años y más,2020,1.8099532016893,Promedio
23,Quintana Roo,003,Isla Mujeres,1002000014,Población en hogares censales,2020,22639,Personas
23,Quintana Roo,003,Isla Mujeres,1002000015,Población en hogares familiares,2020,21245,Personas
23,Quintana Roo,003,Isla Mujeres,1002000016,Población en hogares no familiares,2020,1343,Personas
23,Quintana Roo,003,Isla Mujeres,1002000018,Hogares censales,2020,6767,Hogares
23,Quintana Roo,003,Isla Mujeres,1002000019,Hogares con jefatura masculina,2020,4457,Hogares
23,Quintana Roo,003,Isla Mujeres,1002000020,Hogares con jefatura femenina,2020,2310,Hogares
23,Quintana Roo,003,Isla Mujeres,1002000021,Tamaño promedio de los hogares censales,2020,3.34550022166396,Personas
23,Quintana Roo,003,Isla Mujeres,1002000022,Tamaño promedio de los hogares con jefe hombre,2020,3.33497868521427,Personas
23,Quintana Roo,003,Isla Mujeres,1002000023,Tamaño promedio de los hogares con jefe mujer,2020,3.36580086580087,Personas
23,Quintana Roo,003,Isla Mujeres,1002000024,Relación hombres-mujeres,2020,103.571428571429,Hombres por cada 100 mujeres
23,Quintana Roo,003,Isla Mujeres,1002000041,Porcentaje de personas de 15 años y más alfabetas,2020,96.5848388452074,Porcentaje
23,Quintana Roo,003,Isla Mujeres,1002000050,Tasa de alfabetización de las personas de 15 a 24 años,2020,98.5294117647059,Tasa
23,Quintana Roo,003,Isla Mujeres,1002000055,Población de edad no especificada,2020,42,Personas
23,Quintana Roo,003,Isla Mujeres,1002000056,Población de edad no especificada. Hombres,2020,20,Personas
23,Quintana Roo,003,Isla Mujeres,1002000057,Población de edad no especificada. Mujeres,2020,22,Personas
23,Quintana Roo,003,Isla Mujeres,1002000058,Población de 0 a 4 años,2020,1848,Personas
23,Quintana Roo,003,Isla Mujeres,1002000059,Población de 0 a 4 años. Hombres,2020,935,Personas
23,Quintana Roo,003,Isla Mujeres,1002000060,Población de 0 a 4 años. Mujeres,2020,913,Personas
23,Quintana Roo,003,Isla Mujeres,1002000061,Población de 10 a 14 años,2020,2100,Personas
23,Quintana Roo,003,Isla Mujeres,1002000062,Población de 10 a 14 años. Hombres,2020,1084,Personas
23,Quintana Roo,003,Isla Mujeres,1002000063,Población de 10 a 14 años. Mujeres,2020,1016,Personas
23,Quintana Roo,003,Isla Mujeres,1002000064,Población de 100 años y más,2020,2,Personas
23,Quintana Roo,003,Isla Mujeres,1002000065,Población de 100 años y más. Hombres,2020,0,Personas
23,Quintana Roo,003,Isla Mujeres,1002000066,Población de 100 años y más. Mujeres,2020,2,Personas
23,Quintana Roo,003,Isla Mujeres,1002000067,Población de 15 a 19 años,2020,1864,Personas
23,Quintana Roo,003,Isla Mujeres,1002000068,Población de 15 a 19 años. Hombres,2020,924,Personas
23,Quintana Roo,003,Isla Mujeres,1002000069,Población de 15 a 19 años. Mujeres,2020,940,Personas
23,Quintana Roo,003,Isla Mujeres,1002000070,Población de 20 a 24 años,2020,1876,Personas
23,Quintana Roo,003,Isla Mujeres,1002000071,Población de 20 a 24 años. Hombres,2020,968,Personas
23,Quintana Roo,003,Isla Mujeres,1002000072,Población de 20 a 24 años. Mujeres,2020,908,Personas
23,Quintana Roo,003,Isla Mujeres,1002000073,Población de 25 a 29 años,2020,2068,Personas
23,Quintana Roo,003,Isla Mujeres,1002000074,Población de 25 a 29 años. Hombres,2020,1029,Personas
23,Quintana Roo,003,Isla Mujeres,1002000075,Población de 25 a 29 años. Mujeres,2020,1039,Personas
23,Quintana Roo,003,Isla Mujeres,1002000076,Población de 30 a 34 años,2020,2060,Personas
23,Quintana Roo,003,Isla Mujeres,1002000077,Población de 30 a 34 años. Hombres,2020,1042,Personas
23,Quintana Roo,003,Isla Mujeres,1002000078,Población de 30 a 34 años. Mujeres,2020,1018,Personas
23,Quintana Roo,003,Isla Mujeres,1002000079,Población de 35 a 39 años,2020,2028,Personas
23,Quintana Roo,003,Isla Mujeres,1002000080,Población de 35 a 39 años. Hombres,2020,976,Personas
23,Quintana Roo,003,Isla Mujeres,1002000081,Población de 35 a 39 años. Mujeres,2020,1052,Personas
23,Quintana Roo,003,Isla Mujeres,1002000082,Población de 40 a 44 años,2020,1652,Personas
23,Quintana Roo,003,Isla Mujeres,1002000083,Población de 40 a 44 años. Hombres,2020,873,Personas
23,Quintana Roo,003,Isla Mujeres,1002000084,Población de 40 a 44 años. Mujeres,2020,779,Personas
23,Quintana Roo,003,Isla Mujeres,1002000085,Población de 45 a 49 años,2020,1435,Personas
23,Quintana Roo,003,Isla Mujeres,1002000086,Población de 45 a 49 años. Hombres,2020,774,Personas
23,Quintana Roo,003,Isla Mujeres,1002000087,Población de 45 a 49 años. Mujeres,2020,661,Personas
23,Quintana Roo,003,Isla Mujeres,1002000088,Población de 5 a 9 años,2020,2035,Personas
23,Quintana Roo,003,Isla Mujeres,1002000089,Población de 5 a 9 años. Hombres,2020,1013,Personas
23,Quintana Roo,003,Isla Mujeres,1002000090,Población de 5 a 9 años. Mujeres,2020,1022,Personas
23,Quintana Roo,003,Isla Mujeres,1002000091,Población de 50 a 54 años,2020,1136,Personas
23,Quintana Roo,003,Isla Mujeres,1002000092,Población de 50 a 54 años. Hombres,2020,572,Personas
23,Quintana Roo,003,Isla Mujeres,1002000093,Población de 50 a 54 años. Mujeres,2020,564,Personas
23,Quintana Roo,003,Isla Mujeres,1002000094,Población de 55 a 59 años,2020,872,Personas
23,Quintana Roo,003,Isla Mujeres,1002000095,Población de 55 a 59 años. Hombres,2020,463,Número de personas
23,Quintana Roo,003,Isla Mujeres,1002000096,Población de 55 a 59 años. Mujeres,2020,409,Número de personas
23,Quintana Roo,003,Isla Mujeres,1002000097,Población de 60 a 64 años,2020,656,Personas
23,Quintana Roo,003,Isla Mujeres,1002000098,Población de 60 a 64 años. Hombres,2020,344,Número de personas
23,Quintana Roo,003,Isla Mujeres,1002000099,Población de 60 a 64 años. Mujeres,2020,312,Número de personas
23,Quintana Roo,003,Isla Mujeres,1002000100,Población de 65 a 69 años,2020,458,Personas
23,Quintana Roo,003,Isla Mujeres,1002000101,Población de 65 a 69 años. Hombres,2020,241,Número de personas
23,Quintana Roo,003,Isla Mujeres,1002000102,Población de 65 a 69 años. Mujeres,2020,217,Número de personas
23,Quintana Roo,003,Isla Mujeres,1002000103,Población de 70 a 74 años,2020,266,Personas
23,Quintana Roo,003,Isla Mujeres,1002000104,Población de 70 a 74 años. Hombres,2020,127,Número de personas
23,Quintana Roo,003,Isla Mujeres,1002000105,Población de 70 a 74 años. Mujeres,2020,139,Número de personas
23,Quintana Roo,003,Isla Mujeres,1002000106,Población de 75 a 79 años,2020,146,Personas
23,Quintana Roo,003,Isla Mujeres,1002000107,Población de 75 a 79 años. Hombres,2020,83,Número de personas
23,Quintana Roo,003,Isla Mujeres,1002000108,Población de 75 a 79 años. Mujeres,2020,63,Número de personas
23,Quintana Roo,003,Isla Mujeres,1002000109,Población de 80 a 84 años,2020,95,Personas
23,Quintana Roo,003,Isla Mujeres,1002000110,Población de 80 a 84 años. Hombres,2020,48,Número de personas
23,Quintana Roo,003,Isla Mujeres,1002000111,Población de 80 a 84 años. Mujeres,2020,47,Número de personas
23,Quintana Roo,003,Isla Mujeres,1002000112,Población de 85 a 89 años,2020,31,Personas
23,Quintana Roo,003,Isla Mujeres,1002000113,Población de 85 a 89 años. Hombres,2020,21,Número de personas
23,Quintana Roo,003,Isla Mujeres,1002000114,Población de 85 a 89 años. Mujeres,2020,10,Número de personas
23,Quintana Roo,003,Isla Mujeres,1002000115,Población de 90 a 94 años,2020,12,Personas
23,Quintana Roo,003,Isla Mujeres,1002000116,Población de 90 a 94 años. Hombres,2020,4,Número de personas
23,Quintana Roo,003,Isla Mujeres,1002000117,Población de 90 a 94 años. Mujeres,2020,8,Número de personas
23,Quintana Roo,003,Isla Mujeres,1002000118,Población de 95 a 99 años,2020,4,Personas
23,Quintana Roo,003,Isla Mujeres,1002000119,Población de 95 a 99 años. Hombres,2020,1,Número de personas
23,Quintana Roo,003,Isla Mujeres,1002000120,Población de 95 a 99 años. Mujeres,2020,3,Número de personas
23,Quintana Roo,003,Isla Mujeres,1002000127,Relación de dependencia,2020,44.7178372851026,Personas dependientes por cada 100 personas en edad de trabajar
23,Quintana Roo,003,Isla Mujeres,1003000001,Total de viviendas particulares habitadas,2020,6767,Viviendas
23,Quintana Roo,003,Isla Mujeres,1003000011,Viviendas particulares habitadas,2020,6216,Número de Viviendas
23,Quintana Roo,003,Isla Mujeres,1003000015,Promedio de ocupantes en viviendas particulares habitadas,2020,3.34864704133214,Promedio
23,Quintana Roo,003,Isla Mujeres,1003000017,Viviendas particulares habitadas que disponen de energía eléctrica,2020,6526,Viviendas
23,Quintana Roo,003,Isla Mujeres,1003000018,Viviendas particulares habitadas que disponen de agua de la red pública en el ámbito de la vivienda,2020,6338,Viviendas
23,Quintana Roo,003,Isla Mujeres,1003000019,Viviendas particulares habitadas que disponen de drenaje,2020,6539,Viviendas
23,Quintana Roo,003,Isla Mujeres,1003000020,Viviendas particulares habitadas que disponen de excusado o sanitario,2020,6674,Viviendas
23,Quintana Roo,003,Isla Mujeres,1003000023,Viviendas particulares habitadas que disponen de lavadora,2020,5076,Viviendas
23,Quintana Roo,003,Isla Mujeres,1003000024,Viviendas particulares habitadas que disponen de computadora,2020,2128,Viviendas
23,Quintana Roo,003,Isla Mujeres,1004000001,Población derechohabiente a servicios de salud,2020,16778,Personas
23,Quintana Roo,003,Isla Mujeres,1005000012,Población de 5 años y más que asiste a la escuela,2020,4979,Personas
23,Quintana Roo,003,Isla Mujeres,1005000038,Grado promedio de escolaridad de la población de 15 y más años,2020,8.92250300842359,Años de escolaridad
23,Quintana Roo,003,Isla Mujeres,1005000039,Población de 5 años y más hablante de lengua indígena,2020,1642,Personas
23,Quintana Roo,003,Isla Mujeres,3104003001,Porcentaje de población inmigrante (migración reciente),2020,9.94050210419388,Porcentaje
23,Quintana Roo,003,Isla Mujeres,3105001001,Densidad de población,2020,26.3011391566283,Habitantes por kilómetro cuadrado
23,Quintana Roo,003,Isla Mujeres,3105004001,Porcentaje de población en localidades de menos de 2 500 habitantes,2020,12.53636604073,Porcentaje
23,Quintana Roo,003,Isla Mujeres,3108001001,Porcentaje de analfabetas total,2020,3.25310605605906,Porcentaje
23,Quintana Roo,003,Isla Mujeres,3108001002,Porcentaje de analfabetas hombres,2020,2.75618374558304,Porcentaje
23,Quintana Roo,003,Isla Mujeres,3108001003,Porcentaje de analfabetas mujeres,2020,3.76942846652796,Porcentaje
23,Quintana Roo,003,Isla Mujeres,3114004001,Porcentaje de viviendas con piso de tierra,2020,2.98840321141838,Porcentaje
23,Quintana Roo,003,Isla Mujeres,3114006001,Porcentaje de viviendas con electricidad,2020,97.0264644662504,Porcentaje
23,Quintana Roo,003,Isla Mujeres,6200031290,Porcentaje de viviendas particulares habitadas con disponibilidad de drenaje,2020,97.2197442759441,Porcentaje
23,Quintana Roo,003,Isla Mujeres,6200031291,Porcentaje de viviendas particulares habitadas con disponibilidad de excusado,2020,99.2268807612251,Porcentaje
23,Quintana Roo,003,Isla Mujeres,6200108938,Porcentaje de viviendas con techos de materiales resistentes,2020,91.2237708684331,Porcentaje
23,Quintana Roo,003,Isla Mujeres,6200205238,Población de 8 a 14 años que sabe leer y escribir,2020,2846,Personas
23,Quintana Roo,003,Isla Mujeres,6200205244,Viviendas que son cuarto de azotea,2020,1,Viviendas
23,Quintana Roo,003,Isla Mujeres,6200205245,Viviendas móviles,2020,0,Viviendas
23,Quintana Roo,003,Isla Mujeres,6200205246,Viviendas que son departamento en edificio o vivienda en vecindad,2020,879,Viviendas
23,Quintana Roo,003,Isla Mujeres,6200205247,Viviendas que son refugio,2020,1,Viviendas
23,Quintana Roo,003,Isla Mujeres,6200205248,Viviendas colectivas,2020,6,Viviendas
23,Quintana Roo,003,Isla Mujeres,6200205249,Viviendas que son casa independiente o local no construido para habitación,2020,3223,Viviendas
23,Quintana Roo,003,Isla Mujeres,6200205251,Promedio de hijos nacidos vivos de las mujeres de 12 años y más casada sólo religiosamente,2020,2.17796610169492,Promedio
23,Quintana Roo,003,Isla Mujeres,6200205252,Población de 5 años y más inmigrante,2020,2748,Personas
23,Quintana Roo,003,Isla Mujeres,6200205253,Población total sin limitación en la actividad,2020,20248,Personas
23,Quintana Roo,003,Isla Mujeres,6200205254,Población total que no especificó limitación en la actividad,2020,61,Personas
23,Quintana Roo,003,Isla Mujeres,6200205255,Porcentaje de la población migrante internacional destino otro país,2020,4.76190476190476,Porcentaje
23,Quintana Roo,003,Isla Mujeres,6200205256,Población de 5 años y más con religión no especificada,2020,48,Personas
23,Quintana Roo,003,Isla Mujeres,6200205257,Población de 5 años y más católica,2020,12402,Personas
23,Quintana Roo,003,Isla Mujeres,6200205258,Promedio de hijos nacidos vivos de las mujeres de 12 años y más solteras,2020,0.294861660079051,Promedio
23,Quintana Roo,003,Isla Mujeres,6200205259,Población nacida en otro país residente en México,2020,351,Personas
23,Quintana Roo,003,Isla Mujeres,6200205260,Población con limitación en la actividad para escuchar,2020,195,Personas
23,Quintana Roo,003,Isla Mujeres,6200205261,Población con limitación en la actividad para hablar o comunicarse,2020,95,Personas
23,Quintana Roo,003,Isla Mujeres,6200205263,Población con limitación en la actividad para caminar o moverse,2020,406,Personas
23,Quintana Roo,003,Isla Mujeres,6200205264,Porcentaje de la población migrante internacional destino no especificado,2020,15.8730158730159,Porcentaje
23,Quintana Roo,003,Isla Mujeres,6200205265,Promedio de hijos nacidos vivos de las mujeres de 12 años y más que no especificó estado conyugal,2020,0,Promedio
23,Quintana Roo,003,Isla Mujeres,6200205266,Promedio de hijos nacidos vivos de las mujeres de 12 años y más casada civil y religiosamente,2020,2.71461361897475,Promedio
23,Quintana Roo,003,Isla Mujeres,6200205267,Promedio de hijos nacidos vivos de las mujeres de 12 años y más separadas,2020,2.63358778625954,Promedio
23,Quintana Roo,003,Isla Mujeres,6200205268,Población nacida en otro país residente en México hombres,2020,149,Personas
23,Quintana Roo,003,Isla Mujeres,6200205269,Población con limitación en la actividad para atender el cuidado personal,2020,63,Personas
23,Quintana Roo,003,Isla Mujeres,6200205270,Población con limitación en la actividad para poner atención o aprender,2020,181,Personas
23,Quintana Roo,003,Isla Mujeres,6200205271,Población con limitación en la actividad,2020,1582,Personas
23,Quintana Roo,003,Isla Mujeres,6200205272,Porcentaje de población nacida en otro país residente en México,2020,1.5472097328749,Porcentaje
23,Quintana Roo,003,Isla Mujeres,6200205273,Población de 5 años y más con religión distinta de católica,2020,4876,Personas
23,Quintana Roo,003,Isla Mujeres,6200205274,Porcentaje de población masculina nacida en otro país residente en México,2020,1.29093744584994,Porcentaje
23,Quintana Roo,003,Isla Mujeres,6200205275,Promedio de hijos nacidos vivos de las mujeres de 12 años y más divorciadas,2020,2.35,Promedio
23,Quintana Roo,003,Isla Mujeres,6200205276,Promedio de hijos nacidos vivos de las mujeres de 12 años y más en unión libre,2020,1.96686241610738,Promedio
23,Quintana Roo,003,Isla Mujeres,6200205277,Población de 5 años y más emigrante,2020,1066,Personas
23,Quintana Roo,003,Isla Mujeres,6200205279,Promedio de hijos nacidos vivos de las mujeres de 12 años y más casada sólo por lo civil,2020,2.4122359796067,Promedio
23,Quintana Roo,003,Isla Mujeres,6200205280,Población con limitación en la actividad para ver,2020,1160,Personas
23,Quintana Roo,003,Isla Mujeres,6200205282,Porcentaje de población femenina nacida en otro país residente en México,2020,1.81263460157933,Porcentaje
23,Quintana Roo,003,Isla Mujeres,6200205283,Promedio de hijos nacidos vivos de las mujeres de 12 años y más viudas,2020,4.24383561643836,Promedio
23,Quintana Roo,003,Isla Mujeres,6200205284,Población nacida en otro país residente en México mujeres,2020,202,Personas
23,Quintana Roo,003,Isla Mujeres,6200205285,Porcentaje de la población migrante internacional destino Estados Unidos de América,2020,79.3650793650794,Porcentaje
23,Quintana Roo,003,Isla Mujeres,6200205286,Población con limitación en la actividad mental,2020,158,Personas
23,Quintana Roo,003,Isla Mujeres,6200205288,Índice de masculinidad de la población nacida en otro país residente en México,2020,73.7623762376238,Índice
23,Quintana Roo,003,Isla Mujeres,6200205289,Población de 5 años y más sin religión,2020,3470,Personas
23,Quintana Roo,003,Isla Mujeres,6200240300,Porcentaje de hombres de 0 a 4 años,2020,4.12912912912913,Porcentaje
23,Quintana Roo,003,Isla Mujeres,6200240301,Población católica,2020,13.407,Miles DE personas
23,Quintana Roo,003,Isla Mujeres,6200240302,Porcentaje de la población de 60 a 84 años con limitación en la actividad,2020,23.9975323874152,Porcentaje
23,Quintana Roo,003,Isla Mujeres,6200240304,Tasa de monolingüismo de la población de 5 años y más hablante de Tojolabal,2020,0,Porcentaje
23,Quintana Roo,003,Isla Mujeres,6200240305,Porcentaje de la población que profesa la religión católica,2020,59.0981221898968,Porcentaje
23,Quintana Roo,003,Isla Mujeres,6200240310,Porcentaje de mujeres de 75 a 79 años,2020,0.278219395866455,Porcentaje
23,Quintana Roo,003,Isla Mujeres,6200240311,Porcentaje de hombres de 10 a 14 años,2020,4.78714008125773,Porcentaje
23,Quintana Roo,003,Isla Mujeres,6200240312,Porcentaje de mujeres de 5 a 9 años,2020,4.51333686627804,Porcentaje
23,Quintana Roo,003,Isla Mujeres,6200240314,Porcentaje de la población de 15 años y más con instrucción media superior,2020,24.7644199027669,Porcentaje
23,Quintana Roo,003,Isla Mujeres,6200240315,Porcentaje de la población con limitación mental,2020,0.731854185001621,Porcentaje
23,Quintana Roo,003,Isla Mujeres,6200240316,Tasa de monolingüismo de la población de 5 años y más hablante de Maya,2020,2.67281105990783,Porcentaje
23,Quintana Roo,003,Isla Mujeres,6200240318,Población de 5 años y más hablante de Tzeltal  (Tseltal),2020,280,Personas
23,Quintana Roo,003,Isla Mujeres,6200240319,Tasa de monolingüismo de la población de 5 años y más hablante de Mazateco,2020,0,Porcentaje
23,Quintana Roo,003,Isla Mujeres,6200240320,Población de 5 años y más hablante de Lenguas chinantecas,2020,3,Personas
23,Quintana Roo,003,Isla Mujeres,6200240323,Porcentaje de la población derechohabiente en el Seguro popular,2020,48.3967099773513,Porcentaje
23,Quintana Roo,003,Isla Mujeres,6200240325,Tasa de monolingüismo de la población de 5 años y más hablante de Náhuatl,2020,0,Porcentaje
23,Quintana Roo,003,Isla Mujeres,6200240326,Población de 5 años y más hablante de Lenguas zapotecas,2020,12,Personas
23,Quintana Roo,003,Isla Mujeres,6200240328,Porcentaje de mujeres de 55 a 59 años,2020,1.80621798268857,Porcentaje
23,Quintana Roo,003,Isla Mujeres,6200240330,Porcentaje de hombres de 75 a 79 años,2020,0.366543013601837,Porcentaje
23,Quintana Roo,003,Isla Mujeres,6200240331,Población de 5 años y más hablante de Maya,2020,1085,Personas
23,Quintana Roo,003,Isla Mujeres,6200240332,Población de 5 años y más hablante de Otomí,2020,0,Personas
23,Quintana Roo,003,Isla Mujeres,6200240334,Población de 5 años y más hablante de Tojolabal,2020,6,Personas
23,Quintana Roo,003,Isla Mujeres,6200240341,Porcentaje de mujeres de 40 a 44 años,2020,3.44020491079315,Porcentaje
23,Quintana Roo,003,Isla Mujeres,6200240342,Porcentaje de mujeres de 70 a 74 años,2020,0.613849143260908,Porcentaje
23,Quintana Roo,003,Isla Mujeres,6200240343,Porcentaje de hombres de 15 a 19 años,2020,4.08055113937467,Porcentaje
23,Quintana Roo,003,Isla Mujeres,6200240344,Porcentaje de mujeres de 85 años y más,2020,0.10157216039569,Porcentaje
23,Quintana Roo,003,Isla Mujeres,6200240345,Población de 5 años y más hablante de Mixe,2020,7,Personas
23,Quintana Roo,003,Isla Mujeres,6200240354,Porcentaje de mujeres de 10 a 14 años,2020,4.48683978095743,Porcentaje
23,Quintana Roo,003,Isla Mujeres,6200240356,Porcentaje de mujeres de 20 a 24 años,2020,4.00989224518636,Porcentaje
23,Quintana Roo,003,Isla Mujeres,6200240357,Porcentaje de hombres de 35 a 39 años,2020,4.31019254548666,Porcentaje
23,Quintana Roo,003,Isla Mujeres,6200240358,Porcentaje de la población de 0 a 14 años con limitación en la actividad,2020,2.47367541367207,Porcentaje
23,Quintana Roo,003,Isla Mujeres,6200240361,Población de 5 años y más hablante de Mazahua,2020,0,Personas
23,Quintana Roo,003,Isla Mujeres,6200240364,Tasa de monolingüismo de la población de 5 años y más hablante de Chatino,2020,0,Porcentaje
23,Quintana Roo,003,Isla Mujeres,6200240365,Porcentaje de la población de 15 años y más con instrucción superior,2020,9.75331612748334,Porcentaje
23,Quintana Roo,003,Isla Mujeres,6200240366,Tasa de monolingüismo de la población de 5 años y más hablante de Lenguas mixtecas,2020,0,Porcentaje
23,Quintana Roo,003,Isla Mujeres,6200240367,Porcentaje de la población con limitación para hablar o comunicarse,2020,4.86555697823303,Porcentaje
23,Quintana Roo,003,Isla Mujeres,6200240368,Porcentaje de la población de 15 años y más con instrucción no especificada,2020,0.144048976652062,Porcentaje
23,Quintana Roo,003,Isla Mujeres,6200240377,Porcentaje de mujeres de 45 a 49 años,2020,2.91909556615439,Porcentaje
23,Quintana Roo,003,Isla Mujeres,6200240378,Porcentaje de mujeres de 0 a 4 años,2020,4.03197314962021,Porcentaje
23,Quintana Roo,003,Isla Mujeres,6200240379,Porcentaje de mujeres de 80 a 84 años,2020,0.207560501678149,Porcentaje
23,Quintana Roo,003,Isla Mujeres,6200240381,Tasa de monolingüismo de la población de 5 años y más hablante de Tzotzil (Tsotsil),2020,1.42857142857142,Porcentaje
23,Quintana Roo,003,Isla Mujeres,6200240384,Porcentaje de mujeres de 15 a 19 años,2020,4.15121003356298,Porcentaje
23,Quintana Roo,003,Isla Mujeres,6200240386,Población de 5 años y más hablante de Lenguas mixtecas,2020,2,Personas
23,Quintana Roo,003,Isla Mujeres,6200240388,Porcentaje de hombres de 65 a 69 años,2020,1.06429959371136,Porcentaje
23,Quintana Roo,003,Isla Mujeres,6200240389,Tasa de crecimiento promedio anual de las viviendas particulares habitadas,2020,4.22946737758774,Tasa
23,Quintana Roo,003,Isla Mujeres,6200240390,Porcentaje de la población con discapacidad por accidente,2020,14.7859922178988,Porcentaje
23,Quintana Roo,003,Isla Mujeres,6200240395,"Viviendas, de cada cien que cuentan con electricidad, agua y drenaje",2020,90.6482307463574,Porcentaje
23,Quintana Roo,003,Isla Mujeres,6200240396,Porcentaje de la población de 30 a 59 años con limitación en la actividad,2020,8.45039747359251,Porcentaje
23,Quintana Roo,003,Isla Mujeres,6200240397,Tasa de monolingüismo de la población de 5 años y más hablante de Chol (Ch''ol),2020,0,Porcentaje
23,Quintana Roo,003,Isla Mujeres,6200240398,Tasa de monolingüismo de la población de 5 años y más hablante de Totonaca (Totonaco),2020,0,Porcentaje
23,Quintana Roo,003,Isla Mujeres,6200240407,Índice de envejecimiento,2020,27.9124185191376,Porcentaje
23,Quintana Roo,003,Isla Mujeres,6200240410,Porcentaje de hombres de 60 a 64 años,2020,1.51916622504858,Porcentaje
23,Quintana Roo,003,Isla Mujeres,6200240411,Porcentaje de hombres de 85 años y más,2020,0.114820703055997,Porcentaje
23,Quintana Roo,003,Isla Mujeres,6200240413,Tasa de monolingüismo de la población de 5 años y más hablante de Huasteco,2020,0,Porcentaje
23,Quintana Roo,003,Isla Mujeres,6200240414,"Porcentaje de la población derechohabiente en PEMEX, SDN o SM",2020,5.16748122541423,Porcentaje
23,Quintana Roo,003,Isla Mujeres,6200240416,Porcentaje de la población usuaria de servicios de salud en instituciones de servicios médicos privados,2020,2.77148647037788,Porcentaje
23,Quintana Roo,003,Isla Mujeres,6200240421,Porcentaje de la población derechohabiente en el ISSSTE,2020,8.41578257241626,Porcentaje
23,Quintana Roo,003,Isla Mujeres,6200240423,Porcentaje de hombres de 40 a 44 años,2020,3.85532591414944,Porcentaje
23,Quintana Roo,003,Isla Mujeres,6200240424,Tasa de monolingüismo de la población de 5 años y más hablante de Mixe,2020,0,Porcentaje
23,Quintana Roo,003,Isla Mujeres,6200240425,Porcentaje de hombres de 70 a 74 años,2020,0.560854972619679,Porcentaje
23,Quintana Roo,003,Isla Mujeres,6200240426,Porcentaje de mujeres de 60 a 64 años,2020,1.37784843667197,Porcentaje
23,Quintana Roo,003,Isla Mujeres,6200240427,Porcentaje de mujeres de 65 a 69 años,2020,0.9583112524289,Porcentaje
23,Quintana Roo,003,Isla Mujeres,6200240428,Tasa de monolingüismo de la población de 5 años y más hablante de Otomí,2020,0,Porcentaje
23,Quintana Roo,003,Isla Mujeres,6200240430,Porcentaje de la población con limitación para caminar y moverse,2020,25.6637168141593,Porcentaje
23,Quintana Roo,003,Isla Mujeres,6200240431,Población de 5 años y más hablante de Purépecha (Tarasco),2020,0,Personas
23,Quintana Roo,003,Isla Mujeres,6200240432,Tasa de monolingüismo de la población de 5 años y más hablante de Zoque,2020,0,Porcentaje
23,Quintana Roo,003,Isla Mujeres,6200240433,Tasa de monolingüismo de la población de 5 años y más hablante de Lenguas zapotecas,2020,0,Porcentaje
23,Quintana Roo,003,Isla Mujeres,6200240434,Población de 5 años y más hablante de Chatino,2020,0,Personas
23,Quintana Roo,003,Isla Mujeres,6200240435,Porcentaje de la población con limitación para atender el cuidado personal,2020,3.98230088495575,Porcentaje
23,Quintana Roo,003,Isla Mujeres,6200240443,Porcentaje de mujeres de 35 a 39 años,2020,4.64582229288112,Porcentaje
23,Quintana Roo,003,Isla Mujeres,6200240444,Porcentaje de hombres de 55 a 59 años,2020,2.0446917505741,Porcentaje
23,Quintana Roo,003,Isla Mujeres,6200240445,Porcentaje de hombres de 5 a 9 años,2020,4.47359123829712,Porcentaje
23,Quintana Roo,003,Isla Mujeres,6200240447,Porcentaje de la población de 15 años y más sin instrucción,2020,5.09573254906668,Porcentaje
23,Quintana Roo,003,Isla Mujeres,6200240449,Tasa de monolingüismo de la población de 5 años y más hablante de lengua indígena,2020,1.88794153471376,Porcentaje
23,Quintana Roo,003,Isla Mujeres,6200240450,Porcentaje de la población con limitación para ver,2020,73.3249051833123,Porcentaje
23,Quintana Roo,003,Isla Mujeres,6200240451,Población de 5 años y más hablante de Tarahumara,2020,0,Personas
23,Quintana Roo,003,Isla Mujeres,6200240452,Población de 5 años y más hablante de Chol (Ch''ol),2020,88,Personas
23,Quintana Roo,003,Isla Mujeres,6200240453,Población de 5 años y más hablante de Totonaca (Totonaco),2020,0,Personas
23,Quintana Roo,003,Isla Mujeres,6200240454,Tasa de monolingüismo de la población de 5 años y más hablante de Mazahua,2020,0,Porcentaje
23,Quintana Roo,003,Isla Mujeres,6200240458,Porcentaje de la población con discapacidad por edad avanzada,2020,26.8482490272374,Porcentaje
23,Quintana Roo,003,Isla Mujeres,6200240459,Porcentaje de la población con discapacidad por nacimiento,2020,11.8677042801556,Porcentaje
23,Quintana Roo,003,Isla Mujeres,6200240466,Población de 5 años y más hablante de Tlapaneco,2020,1,Personas
23,Quintana Roo,003,Isla Mujeres,6200240471,Porcentaje de la población derechohabiente en el IMSS,2020,33.2459172726189,Porcentaje
23,Quintana Roo,003,Isla Mujeres,6200240475,Porcentaje de hombres de 80 a 84 años,2020,0.211976682564918,Porcentaje
23,Quintana Roo,003,Isla Mujeres,6200240477,Porcentaje de la población de 85 y más con limitación en la actividad,2020,30.6122448979592,Porcentaje
23,Quintana Roo,003,Isla Mujeres,6200240478,Porcentaje de la población con limitación para escuchar,2020,12.3261694058154,Porcentaje
23,Quintana Roo,003,Isla Mujeres,6200240479,Porcentaje de la población con limitación para poner atención o aprender,2020,11.441213653603,Porcentaje
23,Quintana Roo,003,Isla Mujeres,6200240480,Población de 5 años y más hablante de Huasteco,2020,0,Personas
23,Quintana Roo,003,Isla Mujeres,6200240481,Población de 5 años y más hablante de Tzotzil (Tsotsil),2020,70,Personas
23,Quintana Roo,003,Isla Mujeres,6200240486,Porcentaje de hombres de 25 a 29 años,2020,4.54425013248543,Porcentaje
23,Quintana Roo,003,Isla Mujeres,6200240488,Porcentaje de la población de 15 a 29 años con limitación en la actividad,2020,4.3732782369146,Porcentaje
23,Quintana Roo,003,Isla Mujeres,6200240493,Porcentaje de la población de 5 años y más hablante de lengua indígena,2020,7.8957491825351,Porcentaje
23,Quintana Roo,003,Isla Mujeres,6200240495,Porcentaje de la población con discapacidad por otra causa,2020,12.6459143968872,Porcentaje
23,Quintana Roo,003,Isla Mujeres,6200240496,Población de 5 años y más hablante de Náhuatl,2020,15,Personas
23,Quintana Roo,003,Isla Mujeres,6200240497,Población no católica,2020,5178,Miles DE personas
23,Quintana Roo,003,Isla Mujeres,6200240499,Porcentaje de la población que profesa la religión protestante y evangélica,2020,22.76293749449,Porcentaje
23,Quintana Roo,003,Isla Mujeres,6200240507,Porcentaje de mujeres de 50 a 54 años,2020,2.49072602013778,Porcentaje
23,Quintana Roo,003,Isla Mujeres,6200240509,Tasa de monolingüismo de la población de 5 años y más hablante de Tarahumara,2020,0,Porcentaje
23,Quintana Roo,003,Isla Mujeres,6200240518,Porcentaje de hombres de 30 a 34 años,2020,4.60166048401342,Porcentaje
23,Quintana Roo,003,Isla Mujeres,6200240520,Porcentaje de hombres de 20 a 24 años,2020,4.27486309839251,Porcentaje
23,Quintana Roo,003,Isla Mujeres,6200240521,Población de 5 años y más hablante de Zoque,2020,20,Personas
23,Quintana Roo,003,Isla Mujeres,6200240522,Tasa de monolingüismo de la población de 5 años y más hablante de Purépecha (Tarasco),2020,0,Porcentaje
23,Quintana Roo,003,Isla Mujeres,6200240532,Porcentaje de hombres de 45 a 49 años,2020,3.4181240063593,Porcentaje
23,Quintana Roo,003,Isla Mujeres,6200240533,Porcentaje de hombres de 50 a 54 años,2020,2.52605546723194,Porcentaje
23,Quintana Roo,003,Isla Mujeres,6200240534,Tasa de monolingüismo de la población de 5 años y más hablante de Resto de lenguas,2020,0,Porcentaje
23,Quintana Roo,003,Isla Mujeres,6200240535,Población de 5 años y más hablante de Mazateco,2020,2,Personas
23,Quintana Roo,003,Isla Mujeres,6200240536,Tasa de monolingüismo de la población de 5 años y más hablante de Tlapaneco,2020,0,Porcentaje
23,Quintana Roo,003,Isla Mujeres,6200240537,Tasa de monolingüismo de la población de 5 años y más hablante de Tzeltal (Tseltal),2020,0.35714285714285,Porcentaje
23,Quintana Roo,003,Isla Mujeres,6200240538,Población de 5 años y más hablante del Resto de lenguas,2020,51,Personas
23,Quintana Roo,003,Isla Mujeres,6200240539,Tasa de monolingüismo de la población de 5 años y más hablante de Lenguas chinantecas,2020,0,Porcentaje
23,Quintana Roo,003,Isla Mujeres,6200240540,Porcentaje de la población con discapacidad por enfermedad,2020,29.5719844357977,Porcentaje
23,Quintana Roo,003,Isla Mujeres,6200240548,Porcentaje de mujeres de 25 a 29 años,2020,4.58841194135312,Porcentaje
23,Quintana Roo,003,Isla Mujeres,6200240549,Porcentaje de mujeres de 30 a 34 años,2020,4.49567214273097,Porcentaje
23,Quintana Roo,003,Isla Mujeres,6205370864,Porcentaje de población que se considera afrodescendiente,2020,2.79026712509918,Porcentaje
23,Quintana Roo,003,Isla Mujeres,6207019007,Porcentaje de la población de 12 años y más viuda,2020,2.83834272012491,Porcentaje
23,Quintana Roo,003,Isla Mujeres,6207019009,Porcentaje de la población de 12 años y más casada,2020,32.0414877599955,Porcentaje
23,Quintana Roo,003,Isla Mujeres,6207019010,Porcentaje de población de 25 años y más alfabeta,2020,96.0219797229317,Porcentaje
23,Quintana Roo,003,Isla Mujeres,6207019011,Porcentaje de la población de 12 años y más soltera,2020,32.141861372888,Porcentaje
23,Quintana Roo,003,Isla Mujeres,6207019012,Porcentaje de la población de 12 años y más separada,2020,4.61718619305192,Porcentaje
23,Quintana Roo,003,Isla Mujeres,6207019016,Porcentaje de la población de 12 años y más divorciada,2020,1.44984107511292,Porcentaje
23,Quintana Roo,003,Isla Mujeres,6207019017,Porcentaje de población afiliada a otra institución,2020,2.67612349505305,Porcentaje
23,Quintana Roo,003,Isla Mujeres,6207019018,Porcentaje de población afiliada a servicios de salud,2020,73.9575068324076,Porcentaje
23,Quintana Roo,003,Isla Mujeres,6207019019,Porcentaje de la población de 12 años y más en unión libre,2020,26.8499414487258,Porcentaje
23,Quintana Roo,003,Isla Mujeres,6207019020,Porcentaje de población de 15 años y más sin escolaridad,2020,4.40549786927555,Porcentaje
23,Quintana Roo,003,Isla Mujeres,6207019022,Porcentaje de viviendas particulares habitadas propias,2020,52.090672384745,Porcentaje
23,Quintana Roo,003,Isla Mujeres,6207019023,Porcentaje de hijos fallecidos de las mujeres de 15 a 49 años,2020,2.73320219484419,Porcentaje
23,Quintana Roo,003,Isla Mujeres,6207019024,Porcentaje de la población de 3 a 5 años que asiste a la escuela,2020,49.1610738255034,Porcentaje
23,Quintana Roo,003,Isla Mujeres,6207019026,Porcentaje de la población de 6 a 11 años que asiste a la escuela,2020,92.9788961038961,Porcentaje
23,Quintana Roo,003,Isla Mujeres,6207019028,Porcentaje de la población de 12 a 14 años que asiste a la escuela,2020,87.814465408805,Porcentaje
23,Quintana Roo,003,Isla Mujeres,6207019029,Porcentaje de la población de 15 a 24 años que asiste a la escuela,2020,29.9465240641711,Porcentaje
23,Quintana Roo,003,Isla Mujeres,6207019030,Porcentaje de población de 12 años y más económicamente activa,2020,67.7967991970111,Porcentaje
23,Quintana Roo,003,Isla Mujeres,6207019031,Porcentaje de población de 15 años y más con escolaridad básica,2020,60.9327171238221,Porcentaje
23,Quintana Roo,003,Isla Mujeres,6207019034,Porcentaje de población de 3 años y más hablante de lengua indígena,2020,7.67057297697902,Porcentaje
23,Quintana Roo,003,Isla Mujeres,6207019035,Porcentaje de la población de 12 años y más No Económicamente Activa,2020,31.7124853621815,Porcentaje
23,Quintana Roo,003,Isla Mujeres,6207019036,Promedio de hijos nacidos vivos de las mujeres de 15 a 49 años EI2015,2020,1.5132382892057,Promedio
23,Quintana Roo,003,Isla Mujeres,6207019039,Porcentaje de la población de 12 años y más económicamente activa ocupada,2020,99.1281460766573,Porcentaje
23,Quintana Roo,003,Isla Mujeres,6207019040,Porcentaje de la población femenina de 12 años y más económicamente activa,2020,38.7234742556342,Porcentaje
23,Quintana Roo,003,Isla Mujeres,6207019042,Porcentaje de viviendas particulares habitadas que disponen de Internet,2020,52.2004162949747,Porcentaje
23,Quintana Roo,003,Isla Mujeres,6207019043,Porcentaje de la población masculina de 12 años y más económicamente activa,2020,61.2765257443658,Porcentaje
23,Quintana Roo,003,Isla Mujeres,6207019046,Porcentaje de viviendas particulares habitadas que disponen de computadora,2020,31.638418079096,Porcentaje
23,Quintana Roo,003,Isla Mujeres,6207019047,Porcentaje de la población de 12 años y más no económicamente activa que estudia,2020,37.0142430103745,Porcentaje
23,Quintana Roo,003,Isla Mujeres,6207019050,Porcentaje de viviendas particulares habitadas que disponen de teléfono fijo,2020,24.1153731787095,Porcentaje
23,Quintana Roo,003,Isla Mujeres,6207019051,Porcentaje de la población de 12 años y más sin especificar su situación conyugal,2020,0.0613394301009312,Porcentaje
23,Quintana Roo,003,Isla Mujeres,6207019054,Porcentaje de la población femenina de 12 años y más económicamente activa ocupada,2020,99.1928632115548,Porcentaje
23,Quintana Roo,003,Isla Mujeres,6207019055,Porcentaje de viviendas particulares habitadas que disponen de teléfono celular,2020,93.3244127267321,Porcentaje
23,Quintana Roo,003,Isla Mujeres,6207019056,Porcentaje de la población masculina de 12 años y más económicamente activa ocupada,2020,99.0872483221476,Porcentaje
23,Quintana Roo,003,Isla Mujeres,6207019057,Porcentaje de viviendas particulares habitadas que disponen de televisión de paga,2020,51.9625334522747,Porcentaje
23,Quintana Roo,003,Isla Mujeres,6207019058,Porcentaje de población de 3 años y más hablante de lengua indígena que no habla español,2020,1.8719806763285,Porcentaje
23,Quintana Roo,003,Isla Mujeres,6207019059,Porcentaje de población de 12 años con condición de actividad económica no especificada,2020,0.49071544080745,Porcentaje
23,Quintana Roo,003,Isla Mujeres,6207019060,Porcentaje de la población de 12 años y más no económicamente activa que es pensionada o jubilada,2020,3.53437664849657,Porcentaje
23,Quintana Roo,003,Isla Mujeres,6207019063,Porcentaje de superficie en el ámbito geográfico de referencia respecto a la unidad geográfica superior,2020,1.92941188217268,Porcentaje
23,Quintana Roo,003,Isla Mujeres,6207019064,Porcentaje de la población de 12 años y más no económicamente activa que se dedica a los quehaceres del hogar,2020,48.2328116757517,Porcentaje
23,Quintana Roo,003,Isla Mujeres,6207019065,Porcentaje de la población de 12 años y más no económicamente activa que realiza otras actividades no económicas,2020,9.47775628626692,Porcentaje
23,Quintana Roo,003,Isla Mujeres,6207019070,Porcentaje de la población de 12 años y más no económicamente activa con alguna limitación física o mental que les impide trabajar,2020,1.74081237911025,Porcentaje
23,Quintana Roo,003,Isla Mujeres,6207020032,Porcentaje de hombres,2020,50.8771929824561,Porcentaje
23,Quintana Roo,003,Isla Mujeres,6207020033,Porcentaje de mujeres,2020,49.1228070175439,Porcentaje
23,Quintana Roo,003,Isla Mujeres,6207020035,Promedio de ocupantes por cuarto (Índice de hacinamiento),2020,1.53751966618784,Promedio
23,Quintana Roo,003,Isla Mujeres,6207049066,Población de 6 a 14 años que sabe leer y escribir,2020,3381,Porcentaje
23,Quintana Roo,003,Isla Mujeres,6207049067,Población de 6 a 14 años que no sabe leer y escribir,2020,345,Porcentaje
23,Quintana Roo,003,Isla Mujeres,6207049068,Porcentaje de la población de 3 años y más que asiste a la escuela,2020,24.1975079901802,Porcentaje
23,Quintana Roo,003,Isla Mujeres,6207049069,Porcentaje de la población de 3 años y más que no asiste a la escuela,2020,75.6218444578257,Porcentaje
23,Quintana Roo,003,Isla Mujeres,6207049070,Población de 6 a 14 años que no especificó si sabe o no leer y escribir,2020,10,Porcentaje
23,Quintana Roo,003,Isla Mujeres,6207049071,Porcentaje de la población de 3 años y más que no especificó si asiste o no a la escuela,2020,0.180647551994071,Porcentaje
23,Quintana Roo,003,Isla Mujeres,6207051593,Porcentaje de población de 6 a 14 años que no asiste a la escuela,2020,8.72591,Porcentaje
23,Quintana Roo,003,Isla Mujeres,6207068394,Porcentaje de viviendas con agua entubada dentro de la vivienda,2020,77.9661016949153,Porcentaje
23,Quintana Roo,003,Isla Mujeres,6207129629,Porcentaje de la población nacional/estatal que representa,2020,1.22100016953851,Porcentaje
23,Quintana Roo,003,Isla Mujeres,6207129630,Promedio de ocupantes por dormitorio,2020,2.21696252465483,Promedio
23,Quintana Roo,003,Isla Mujeres,6207129631,Porcentaje de viviendas particulares habitadas que disponen de tinaco,2020,85.8757062146893,Porcentaje
23,Quintana Roo,003,Isla Mujeres,6207129632,Porcentaje de viviendas particulares habitadas que disponen de cisterna o aljibe,2020,14.1391614629795,Porcentaje
23,Quintana Roo,003,Isla Mujeres,6207129635,Porcentaje de viviendas particulares habitadas que disponen de Automóvil o camioneta,2020,27.2227178114778,Porcentaje
23,Quintana Roo,003,Isla Mujeres,6207129636,Porcentaje de viviendas particulares habitadas que disponen de motocicleta o motoneta,2020,48.2456140350877,Porcentaje
23,Quintana Roo,003,Isla Mujeres,6207129637,Porcentaje de viviendas particulares habitadas que disponen de bicicleta como medio de transporte,2020,24.8884924174844,Porcentaje
23,Quintana Roo,003,Isla Mujeres,6207129638,Porcentaje de la población con algún tipo de  discapacidad,2020,3.06797143612801,Porcentaje
23,Quintana Roo,003,Isla Mujeres,6207129639,Porcentaje de la población entre 0 y 17 años con algún tipo de  discapacidad,2020,1.81946403385049,Porcentaje
23,Quintana Roo,003,Isla Mujeres,6207129640,Porcentaje de la población entre 18 y 29 años con algún tipo de  discapacidad,2020,1.25505211657094,Porcentaje
23,Quintana Roo,003,Isla Mujeres,6207129641,Porcentaje de la población entre 30 y 59 años con algún tipo de  discapacidad,2020,2.82042905368616,Porcentaje
23,Quintana Roo,003,Isla Mujeres,6207129642,Porcentaje de la población de 60 años y más con algún tipo de  discapacidad,2020,14.9101796407186,Porcentaje
23,Quintana Roo,003,Isla Mujeres,6207129643,Porcentaje de la población de 5 y más años migrante según causa: Trabajo,2020,39.6120150187735,Porcentaje
23,Quintana Roo,003,Isla Mujeres,6207129644,Porcentaje de la población de 5 y más años migrante según causa: Familiar,2020,41.4893617021277,Porcentaje
23,Quintana Roo,003,Isla Mujeres,6207129645,Porcentaje de la población de 5 y más años migrante según causa: Educativa,2020,2.47183979974969,Porcentaje
23,Quintana Roo,003,Isla Mujeres,6207129646,Porcentaje de la población de 5 y más años migrante según causa: Inseguridad delictiva o violencia,2020,3.09762202753442,Porcentaje
23,Quintana Roo,003,Isla Mujeres,6207129647,Porcentaje de la población de 5 y más años migrante según causa: Otra causa,2020,12.2653316645807,Porcentaje
23,Quintana Roo,003,Isla Mujeres,6207129648,Promedio de hijos nacidos vivos por grupo de edad: 15-19,2020,0.128205128205128,Promedio
23,Quintana Roo,003,Isla Mujeres,6207129649,Promedio de hijos nacidos vivos por grupo de edad: 20-24,2020,0.697905181918412,Promedio
23,Quintana Roo,003,Isla Mujeres,6207129650,Promedio de hijos nacidos vivos por grupo de edad: 25-29,2020,1.33236714975845,Promedio
23,Quintana Roo,003,Isla Mujeres,6207129651,Promedio de hijos nacidos vivos por grupo de edad: 30-34,2020,1.86332350049164,Promedio
23,Quintana Roo,003,Isla Mujeres,6207129652,Promedio de hijos nacidos vivos por grupo de edad: 35-39,2020,2.09324452901998,Promedio
23,Quintana Roo,003,Isla Mujeres,6207129653,Promedio de hijos nacidos vivos por grupo de edad: 40-44,2020,2.37483953786906,Promedio
23,Quintana Roo,003,Isla Mujeres,6207129654,Promedio de hijos nacidos vivos por grupo de edad: 45-49,2020,2.40425531914894,Promedio
23,Quintana Roo,003,Isla Mujeres,6207129812,Porcentaje de viviendas particulares habitadas que disponen de refrigerador,2020,85.2512637526018,Porcentaje
23,Quintana Roo,003,Isla Mujeres,6207129813,Porcentaje de viviendas particulares habitadas que disponen de lavadora,2020,75.4683318465656,Porcentaje
23,Quintana Roo,003,Isla Mujeres,6207129818,Porcentaje de la población derechohabiente en Instituto de Salud para el Bienestar (IMSS-PROSPERA o IMSS-BIENESTAR),2020,0.393372273214924,Porcentaje
23,Quintana Roo,003,Isla Mujeres,6207129822,Ubicación geográfica con la mayor cantidad de pobladores. Primer lugar,2020,230030001,No aplica
23,Quintana Roo,003,Isla Mujeres,6207129825,Población de la ubicación geográfica con la mayor cantidad de pobladores. Primer lugar,2020,13174,Personas
23,Quintana Roo,003,Isla Mujeres,6207129828,Lengua indígena más frecuente. Descripción. Primer lugar,2020,602,No aplica
23,Quintana Roo,003,Isla Mujeres,6207129830,Lengua indígena más frecuente. Porcentaje. Primer lugar,2020,66.5853658536585,Porcentaje
23,Quintana Roo,003,Isla Mujeres,6207129840,Total de áreas geográficas,2020,111,Municipios
23,Quintana Roo,004,Othón P. Blanco,1001000001,Superficie continental,2020,9909.80705311,Kilómetros cuadrados
23,Quintana Roo,004,Othón P. Blanco,1002000001,Población total,2020,233648,Personas
23,Quintana Roo,004,Othón P. Blanco,1002000002,Población total hombres,2020,115096,Personas
23,Quintana Roo,004,Othón P. Blanco,1002000003,Población total mujeres,2020,118552,Personas
23,Quintana Roo,004,Othón P. Blanco,1002000004,Porcentaje de población de 15 a 29 años,2020,24.984783931832,Porcentaje
23,Quintana Roo,004,Othón P. Blanco,1002000005,Porcentaje de hombres de 15 a 29 años,2020,25.2986678500265,Porcentaje
23,Quintana Roo,004,Othón P. Blanco,1002000006,Porcentaje de mujeres de 15 a 29 años,2020,24.6800530499497,Porcentaje
23,Quintana Roo,004,Othón P. Blanco,1002000007,Porcentaje de población de 60 y más años,2020,11.0331495975243,Porcentaje
23,Quintana Roo,004,Othón P. Blanco,1002000008,Porcentaje de hombres de 60 y más años,2020,11.0513630391466,Porcentaje
23,Quintana Roo,004,Othón P. Blanco,1002000009,Porcentaje de mujeres de 60 y más años,2020,11.0154672703773,Porcentaje
23,Quintana Roo,004,Othón P. Blanco,1002000010,Edad mediana,2020,30,Años
23,Quintana Roo,004,Othón P. Blanco,1002000011,Edad mediana hombres,2020,30,Años
23,Quintana Roo,004,Othón P. Blanco,1002000012,Edad mediana mujeres,2020,31,Años
23,Quintana Roo,004,Othón P. Blanco,1002000013,Promedio de hijos nacidos vivos de las mujeres de 12 años y más,2020,1.96503828942881,Promedio
23,Quintana Roo,004,Othón P. Blanco,1002000014,Población en hogares censales,2020,232061,Personas
23,Quintana Roo,004,Othón P. Blanco,1002000015,Población en hogares familiares,2020,220169,Personas
23,Quintana Roo,004,Othón P. Blanco,1002000016,Población en hogares no familiares,2020,11588,Personas
23,Quintana Roo,004,Othón P. Blanco,1002000018,Hogares censales,2020,70753,Hogares
23,Quintana Roo,004,Othón P. Blanco,1002000019,Hogares con jefatura masculina,2020,46341,Hogares
23,Quintana Roo,004,Othón P. Blanco,1002000020,Hogares con jefatura femenina,2020,24412,Hogares
23,Quintana Roo,004,Othón P. Blanco,1002000021,Tamaño promedio de los hogares censales,2020,3.27987505830141,Personas
23,Quintana Roo,004,Othón P. Blanco,1002000022,Tamaño promedio de los hogares con jefe hombre,2020,3.34651820202413,Personas
23,Quintana Roo,004,Othón P. Blanco,1002000023,Tamaño promedio de los hogares con jefe mujer,2020,3.15336719646076,Personas
23,Quintana Roo,004,Othón P. Blanco,1002000024,Relación hombres-mujeres,2020,97.0848235373507,Hombres por cada 100 mujeres
23,Quintana Roo,004,Othón P. Blanco,1002000041,Porcentaje de personas de 15 años y más alfabetas,2020,95.7851885588336,Porcentaje
23,Quintana Roo,004,Othón P. Blanco,1002000050,Tasa de alfabetización de las personas de 15 a 24 años,2020,98.8942798774259,Tasa
23,Quintana Roo,004,Othón P. Blanco,1002000055,Población de edad no especificada,2020,342,Personas
23,Quintana Roo,004,Othón P. Blanco,1002000056,Población de edad no especificada. Hombres,2020,169,Personas
23,Quintana Roo,004,Othón P. Blanco,1002000057,Población de edad no especificada. Mujeres,2020,173,Personas
23,Quintana Roo,004,Othón P. Blanco,1002000058,Población de 0 a 4 años,2020,16819,Personas
23,Quintana Roo,004,Othón P. Blanco,1002000059,Población de 0 a 4 años. Hombres,2020,8531,Personas
23,Quintana Roo,004,Othón P. Blanco,1002000060,Población de 0 a 4 años. Mujeres,2020,8288,Personas
23,Quintana Roo,004,Othón P. Blanco,1002000061,Población de 10 a 14 años,2020,19595,Personas
23,Quintana Roo,004,Othón P. Blanco,1002000062,Población de 10 a 14 años. Hombres,2020,9888,Personas
23,Quintana Roo,004,Othón P. Blanco,1002000063,Población de 10 a 14 años. Mujeres,2020,9707,Personas
23,Quintana Roo,004,Othón P. Blanco,1002000064,Población de 100 años y más,2020,30,Personas
23,Quintana Roo,004,Othón P. Blanco,1002000065,Población de 100 años y más. Hombres,2020,21,Personas
23,Quintana Roo,004,Othón P. Blanco,1002000066,Población de 100 años y más. Mujeres,2020,9,Personas
23,Quintana Roo,004,Othón P. Blanco,1002000067,Población de 15 a 19 años,2020,19705,Personas
23,Quintana Roo,004,Othón P. Blanco,1002000068,Población de 15 a 19 años. Hombres,2020,9999,Personas
23,Quintana Roo,004,Othón P. Blanco,1002000069,Población de 15 a 19 años. Mujeres,2020,9706,Personas
23,Quintana Roo,004,Othón P. Blanco,1002000070,Población de 20 a 24 años,2020,19455,Personas
23,Quintana Roo,004,Othón P. Blanco,1002000071,Población de 20 a 24 años. Hombres,2020,9749,Personas
23,Quintana Roo,004,Othón P. Blanco,1002000072,Población de 20 a 24 años. Mujeres,2020,9706,Personas
23,Quintana Roo,004,Othón P. Blanco,1002000073,Población de 25 a 29 años,2020,19131,Personas
23,Quintana Roo,004,Othón P. Blanco,1002000074,Población de 25 a 29 años. Hombres,2020,9327,Personas
23,Quintana Roo,004,Othón P. Blanco,1002000075,Población de 25 a 29 años. Mujeres,2020,9804,Personas
23,Quintana Roo,004,Othón P. Blanco,1002000076,Población de 30 a 34 años,2020,19101,Personas
23,Quintana Roo,004,Othón P. Blanco,1002000077,Población de 30 a 34 años. Hombres,2020,9203,Personas
23,Quintana Roo,004,Othón P. Blanco,1002000078,Población de 30 a 34 años. Mujeres,2020,9898,Personas
23,Quintana Roo,004,Othón P. Blanco,1002000079,Población de 35 a 39 años,2020,18285,Personas
23,Quintana Roo,004,Othón P. Blanco,1002000080,Población de 35 a 39 años. Hombres,2020,8828,Personas
23,Quintana Roo,004,Othón P. Blanco,1002000081,Población de 35 a 39 años. Mujeres,2020,9457,Personas
23,Quintana Roo,004,Othón P. Blanco,1002000082,Población de 40 a 44 años,2020,17000,Personas
23,Quintana Roo,004,Othón P. Blanco,1002000083,Población de 40 a 44 años. Hombres,2020,8101,Personas
23,Quintana Roo,004,Othón P. Blanco,1002000084,Población de 40 a 44 años. Mujeres,2020,8899,Personas
23,Quintana Roo,004,Othón P. Blanco,1002000085,Población de 45 a 49 años,2020,15223,Personas
23,Quintana Roo,004,Othón P. Blanco,1002000086,Población de 45 a 49 años. Hombres,2020,7308,Personas
23,Quintana Roo,004,Othón P. Blanco,1002000087,Población de 45 a 49 años. Mujeres,2020,7915,Personas
23,Quintana Roo,004,Othón P. Blanco,1002000088,Población de 5 a 9 años,2020,19043,Personas
23,Quintana Roo,004,Othón P. Blanco,1002000089,Población de 5 a 9 años. Hombres,2020,9675,Personas
23,Quintana Roo,004,Othón P. Blanco,1002000090,Población de 5 a 9 años. Mujeres,2020,9368,Personas
23,Quintana Roo,004,Othón P. Blanco,1002000091,Población de 50 a 54 años,2020,13403,Personas
23,Quintana Roo,004,Othón P. Blanco,1002000092,Población de 50 a 54 años. Hombres,2020,6403,Personas
23,Quintana Roo,004,Othón P. Blanco,1002000093,Población de 50 a 54 años. Mujeres,2020,7000,Personas
23,Quintana Roo,004,Othón P. Blanco,1002000094,Población de 55 a 59 años,2020,10805,Personas
23,Quintana Roo,004,Othón P. Blanco,1002000095,Población de 55 a 59 años. Hombres,2020,5214,Número de personas
23,Quintana Roo,004,Othón P. Blanco,1002000096,Población de 55 a 59 años. Mujeres,2020,5591,Número de personas
23,Quintana Roo,004,Othón P. Blanco,1002000097,Población de 60 a 64 años,2020,8938,Personas
23,Quintana Roo,004,Othón P. Blanco,1002000098,Población de 60 a 64 años. Hombres,2020,4305,Número de personas
23,Quintana Roo,004,Othón P. Blanco,1002000099,Población de 60 a 64 años. Mujeres,2020,4633,Número de personas
23,Quintana Roo,004,Othón P. Blanco,1002000100,Población de 65 a 69 años,2020,6471,Personas
23,Quintana Roo,004,Othón P. Blanco,1002000101,Población de 65 a 69 años. Hombres,2020,3161,Número de personas
23,Quintana Roo,004,Othón P. Blanco,1002000102,Población de 65 a 69 años. Mujeres,2020,3310,Número de personas
23,Quintana Roo,004,Othón P. Blanco,1002000103,Población de 70 a 74 años,2020,4504,Personas
23,Quintana Roo,004,Othón P. Blanco,1002000104,Población de 70 a 74 años. Hombres,2020,2291,Número de personas
23,Quintana Roo,004,Othón P. Blanco,1002000105,Población de 70 a 74 años. Mujeres,2020,2213,Número de personas
23,Quintana Roo,004,Othón P. Blanco,1002000106,Población de 75 a 79 años,2020,2803,Personas
23,Quintana Roo,004,Othón P. Blanco,1002000107,Población de 75 a 79 años. Hombres,2020,1448,Número de personas
23,Quintana Roo,004,Othón P. Blanco,1002000108,Población de 75 a 79 años. Mujeres,2020,1355,Número de personas
23,Quintana Roo,004,Othón P. Blanco,1002000109,Población de 80 a 84 años,2020,1652,Personas
23,Quintana Roo,004,Othón P. Blanco,1002000110,Población de 80 a 84 años. Hombres,2020,846,Número de personas
23,Quintana Roo,004,Othón P. Blanco,1002000111,Población de 80 a 84 años. Mujeres,2020,806,Número de personas
23,Quintana Roo,004,Othón P. Blanco,1002000112,Población de 85 a 89 años,2020,886,Personas
23,Quintana Roo,004,Othón P. Blanco,1002000113,Población de 85 a 89 años. Hombres,2020,404,Número de personas
23,Quintana Roo,004,Othón P. Blanco,1002000114,Población de 85 a 89 años. Mujeres,2020,482,Número de personas
23,Quintana Roo,004,Othón P. Blanco,1002000115,Población de 90 a 94 años,2020,323,Personas
23,Quintana Roo,004,Othón P. Blanco,1002000116,Población de 90 a 94 años. Hombres,2020,159,Número de personas
23,Quintana Roo,004,Othón P. Blanco,1002000117,Población de 90 a 94 años. Mujeres,2020,164,Número de personas
23,Quintana Roo,004,Othón P. Blanco,1002000118,Población de 95 a 99 años,2020,134,Personas
23,Quintana Roo,004,Othón P. Blanco,1002000119,Población de 95 a 99 años. Hombres,2020,66,Número de personas
23,Quintana Roo,004,Othón P. Blanco,1002000120,Población de 95 a 99 años. Mujeres,2020,68,Número de personas
23,Quintana Roo,004,Othón P. Blanco,1002000127,Relación de dependencia,2020,44.8691678154068,Personas dependientes por cada 100 personas en edad de trabajar
23,Quintana Roo,004,Othón P. Blanco,1003000001,Total de viviendas particulares habitadas,2020,70753,Viviendas
23,Quintana Roo,004,Othón P. Blanco,1003000011,Viviendas particulares habitadas,2020,69365,Número de Viviendas
23,Quintana Roo,004,Othón P. Blanco,1003000015,Promedio de ocupantes en viviendas particulares habitadas,2020,3.28273085513494,Promedio
23,Quintana Roo,004,Othón P. Blanco,1003000017,Viviendas particulares habitadas que disponen de energía eléctrica,2020,69228,Viviendas
23,Quintana Roo,004,Othón P. Blanco,1003000018,Viviendas particulares habitadas que disponen de agua de la red pública en el ámbito de la vivienda,2020,68746,Viviendas
23,Quintana Roo,004,Othón P. Blanco,1003000019,Viviendas particulares habitadas que disponen de drenaje,2020,69065,Viviendas
23,Quintana Roo,004,Othón P. Blanco,1003000020,Viviendas particulares habitadas que disponen de excusado o sanitario,2020,69333,Viviendas
23,Quintana Roo,004,Othón P. Blanco,1003000023,Viviendas particulares habitadas que disponen de lavadora,2020,55794,Viviendas
23,Quintana Roo,004,Othón P. Blanco,1003000024,Viviendas particulares habitadas que disponen de computadora,2020,27957,Viviendas
23,Quintana Roo,004,Othón P. Blanco,1004000001,Población derechohabiente a servicios de salud,2020,184650,Personas
23,Quintana Roo,004,Othón P. Blanco,1005000012,Población de 5 años y más que asiste a la escuela,2020,62489,Personas
23,Quintana Roo,004,Othón P. Blanco,1005000038,Grado promedio de escolaridad de la población de 15 y más años,2020,10.1947279966613,Años de escolaridad
23,Quintana Roo,004,Othón P. Blanco,1005000039,Población de 5 años y más hablante de lengua indígena,2020,12299,Personas
23,Quintana Roo,004,Othón P. Blanco,3104003001,Porcentaje de población inmigrante (migración reciente),2020,4.16489686944264,Porcentaje
23,Quintana Roo,004,Othón P. Blanco,3105001001,Densidad de población,2020,23.5774519874909,Habitantes por kilómetro cuadrado
23,Quintana Roo,004,Othón P. Blanco,3105004001,Porcentaje de población en localidades de menos de 2 500 habitantes,2020,20.0258508525645,Porcentaje
23,Quintana Roo,004,Othón P. Blanco,3108001001,Porcentaje de analfabetas total,2020,4.07199365754095,Porcentaje
23,Quintana Roo,004,Othón P. Blanco,3108001002,Porcentaje de analfabetas hombres,2020,3.56085819907178,Porcentaje
23,Quintana Roo,004,Othón P. Blanco,3108001003,Porcentaje de analfabetas mujeres,2020,4.55963786586974,Porcentaje
23,Quintana Roo,004,Othón P. Blanco,3114004001,Porcentaje de viviendas con piso de tierra,2020,2.6688290441438,Porcentaje
23,Quintana Roo,004,Othón P. Blanco,3114006001,Porcentaje de viviendas con electricidad,2020,98.4849131492467,Porcentaje
23,Quintana Roo,004,Othón P. Blanco,6200031290,Porcentaje de viviendas particulares habitadas con disponibilidad de drenaje,2020,98.2530266171596,Porcentaje
23,Quintana Roo,004,Othón P. Blanco,6200031291,Porcentaje de viviendas particulares habitadas con disponibilidad de excusado,2020,98.6342879091801,Porcentaje
23,Quintana Roo,004,Othón P. Blanco,6200108938,Porcentaje de viviendas con techos de materiales resistentes,2020,85.4188638371861,Porcentaje
23,Quintana Roo,004,Othón P. Blanco,6200205238,Población de 8 a 14 años que sabe leer y escribir,2020,26376,Personas
23,Quintana Roo,004,Othón P. Blanco,6200205244,Viviendas que son cuarto de azotea,2020,0,Viviendas
23,Quintana Roo,004,Othón P. Blanco,6200205245,Viviendas móviles,2020,0,Viviendas
23,Quintana Roo,004,Othón P. Blanco,6200205246,Viviendas que son departamento en edificio o vivienda en vecindad,2020,2500,Viviendas
23,Quintana Roo,004,Othón P. Blanco,6200205247,Viviendas que son refugio,2020,24,Viviendas
23,Quintana Roo,004,Othón P. Blanco,6200205248,Viviendas colectivas,2020,29,Viviendas
23,Quintana Roo,004,Othón P. Blanco,6200205249,Viviendas que son casa independiente o local no construido para habitación,2020,60705,Viviendas
23,Quintana Roo,004,Othón P. Blanco,6200205251,Promedio de hijos nacidos vivos de las mujeres de 12 años y más casada sólo religiosamente,2020,2.80625,Promedio
23,Quintana Roo,004,Othón P. Blanco,6200205252,Población de 5 años y más inmigrante,2020,10923,Personas
23,Quintana Roo,004,Othón P. Blanco,6200205253,Población total sin limitación en la actividad,2020,197741,Personas
23,Quintana Roo,004,Othón P. Blanco,6200205254,Población total que no especificó limitación en la actividad,2020,437,Personas
23,Quintana Roo,004,Othón P. Blanco,6200205255,Porcentaje de la población migrante internacional destino otro país,2020,54.5454545454545,Porcentaje
23,Quintana Roo,004,Othón P. Blanco,6200205256,Población de 5 años y más con religión no especificada,2020,344,Personas
23,Quintana Roo,004,Othón P. Blanco,6200205257,Población de 5 años y más católica,2020,123918,Personas
23,Quintana Roo,004,Othón P. Blanco,6200205258,Promedio de hijos nacidos vivos de las mujeres de 12 años y más solteras,2020,0.310446212383258,Promedio
23,Quintana Roo,004,Othón P. Blanco,6200205259,Población nacida en otro país residente en México,2020,3076,Personas
23,Quintana Roo,004,Othón P. Blanco,6200205260,Población con limitación en la actividad para escuchar,2020,4108,Personas
23,Quintana Roo,004,Othón P. Blanco,6200205261,Población con limitación en la actividad para hablar o comunicarse,2020,1465,Personas
23,Quintana Roo,004,Othón P. Blanco,6200205263,Población con limitación en la actividad para caminar o moverse,2020,7305,Personas
23,Quintana Roo,004,Othón P. Blanco,6200205264,Porcentaje de la población migrante internacional destino no especificado,2020,18.595041322314,Porcentaje
23,Quintana Roo,004,Othón P. Blanco,6200205265,Promedio de hijos nacidos vivos de las mujeres de 12 años y más que no especificó estado conyugal,2020,2,Promedio
23,Quintana Roo,004,Othón P. Blanco,6200205266,Promedio de hijos nacidos vivos de las mujeres de 12 años y más casada civil y religiosamente,2020,2.72132889424099,Promedio
23,Quintana Roo,004,Othón P. Blanco,6200205267,Promedio de hijos nacidos vivos de las mujeres de 12 años y más separadas,2020,2.71605270233934,Promedio
23,Quintana Roo,004,Othón P. Blanco,6200205268,Población nacida en otro país residente en México hombres,2020,1469,Personas
23,Quintana Roo,004,Othón P. Blanco,6200205269,Población con limitación en la actividad para atender el cuidado personal,2020,935,Personas
23,Quintana Roo,004,Othón P. Blanco,6200205270,Población con limitación en la actividad para poner atención o aprender,2020,4526,Personas
23,Quintana Roo,004,Othón P. Blanco,6200205271,Población con limitación en la actividad,2020,22911,Personas
23,Quintana Roo,004,Othón P. Blanco,6200205272,Porcentaje de población nacida en otro país residente en México,2020,1.31651030610149,Porcentaje
23,Quintana Roo,004,Othón P. Blanco,6200205273,Población de 5 años y más con religión distinta de católica,2020,48351,Personas
23,Quintana Roo,004,Othón P. Blanco,6200205274,Porcentaje de población masculina nacida en otro país residente en México,2020,1.27632584972545,Porcentaje
23,Quintana Roo,004,Othón P. Blanco,6200205275,Promedio de hijos nacidos vivos de las mujeres de 12 años y más divorciadas,2020,2.51426836672738,Promedio
23,Quintana Roo,004,Othón P. Blanco,6200205276,Promedio de hijos nacidos vivos de las mujeres de 12 años y más en unión libre,2020,2.05362790917245,Promedio
23,Quintana Roo,004,Othón P. Blanco,6200205277,Población de 5 años y más emigrante,2020,10319,Personas
23,Quintana Roo,004,Othón P. Blanco,6200205279,Promedio de hijos nacidos vivos de las mujeres de 12 años y más casada sólo por lo civil,2020,2.65700741136409,Promedio
23,Quintana Roo,004,Othón P. Blanco,6200205280,Población con limitación en la actividad para ver,2020,13759,Personas
23,Quintana Roo,004,Othón P. Blanco,6200205282,Porcentaje de población femenina nacida en otro país residente en México,2020,1.35552331466361,Porcentaje
23,Quintana Roo,004,Othón P. Blanco,6200205283,Promedio de hijos nacidos vivos de las mujeres de 12 años y más viudas,2020,4.75326824424955,Promedio
23,Quintana Roo,004,Othón P. Blanco,6200205284,Población nacida en otro país residente en México mujeres,2020,1607,Personas
23,Quintana Roo,004,Othón P. Blanco,6200205285,Porcentaje de la población migrante internacional destino Estados Unidos de América,2020,26.8595041322314,Porcentaje
23,Quintana Roo,004,Othón P. Blanco,6200205286,Población con limitación en la actividad mental,2020,2998,Personas
23,Quintana Roo,004,Othón P. Blanco,6200205288,Índice de masculinidad de la población nacida en otro país residente en México,2020,91.4125700062228,Índice
23,Quintana Roo,004,Othón P. Blanco,6200205289,Población de 5 años y más sin religión,2020,43874,Personas
23,Quintana Roo,004,Othón P. Blanco,6200240300,Porcentaje de hombres de 0 a 4 años,2020,3.65657119834038,Porcentaje
23,Quintana Roo,004,Othón P. Blanco,6200240301,Población católica,2020,132.351,Miles DE personas
23,Quintana Roo,004,Othón P. Blanco,6200240302,Porcentaje de la población de 60 a 84 años con limitación en la actividad,2020,28.3404464871963,Porcentaje
23,Quintana Roo,004,Othón P. Blanco,6200240304,Tasa de monolingüismo de la población de 5 años y más hablante de Tojolabal,2020,0,Porcentaje
23,Quintana Roo,004,Othón P. Blanco,6200240305,Porcentaje de la población que profesa la religión católica,2020,56.6454666849278,Porcentaje
23,Quintana Roo,004,Othón P. Blanco,6200240310,Porcentaje de mujeres de 75 a 79 años,2020,0.580782320214654,Porcentaje
23,Quintana Roo,004,Othón P. Blanco,6200240311,Porcentaje de hombres de 10 a 14 años,2020,4.2382107618321,Porcentaje
23,Quintana Roo,004,Othón P. Blanco,6200240312,Porcentaje de mujeres de 5 a 9 años,2020,4.015327509794,Porcentaje
23,Quintana Roo,004,Othón P. Blanco,6200240314,Porcentaje de la población de 15 años y más con instrucción media superior,2020,25.3293524281835,Porcentaje
23,Quintana Roo,004,Othón P. Blanco,6200240315,Porcentaje de la población con limitación mental,2020,1.33941535725934,Porcentaje
23,Quintana Roo,004,Othón P. Blanco,6200240316,Tasa de monolingüismo de la población de 5 años y más hablante de Maya,2020,0.99334357398873,Porcentaje
23,Quintana Roo,004,Othón P. Blanco,6200240318,Población de 5 años y más hablante de Tzeltal  (Tseltal),2020,411,Personas
23,Quintana Roo,004,Othón P. Blanco,6200240319,Tasa de monolingüismo de la población de 5 años y más hablante de Mazateco,2020,0,Porcentaje
23,Quintana Roo,004,Othón P. Blanco,6200240320,Población de 5 años y más hablante de Lenguas chinantecas,2020,34,Personas
23,Quintana Roo,004,Othón P. Blanco,6200240323,Porcentaje de la población derechohabiente en el Seguro popular,2020,33.1968589222854,Porcentaje
23,Quintana Roo,004,Othón P. Blanco,6200240325,Tasa de monolingüismo de la población de 5 años y más hablante de Náhuatl,2020,0.418410041841,Porcentaje
23,Quintana Roo,004,Othón P. Blanco,6200240326,Población de 5 años y más hablante de Lenguas zapotecas,2020,190,Personas
23,Quintana Roo,004,Othón P. Blanco,6200240328,Porcentaje de mujeres de 55 a 59 años,2020,2.39642358104807,Porcentaje
23,Quintana Roo,004,Othón P. Blanco,6200240330,Porcentaje de hombres de 75 a 79 años,2020,0.62064413259839,Porcentaje
23,Quintana Roo,004,Othón P. Blanco,6200240331,Población de 5 años y más hablante de Maya,2020,9765,Personas
23,Quintana Roo,004,Othón P. Blanco,6200240332,Población de 5 años y más hablante de Otomí,2020,12,Personas
23,Quintana Roo,004,Othón P. Blanco,6200240334,Población de 5 años y más hablante de Tojolabal,2020,1,Personas
23,Quintana Roo,004,Othón P. Blanco,6200240341,Porcentaje de mujeres de 40 a 44 años,2020,3.81430396132118,Porcentaje
23,Quintana Roo,004,Othón P. Blanco,6200240342,Porcentaje de mujeres de 70 a 74 años,2020,0.948539686077512,Porcentaje
23,Quintana Roo,004,Othón P. Blanco,6200240343,Porcentaje de hombres de 15 a 19 años,2020,4.28578776370946,Porcentaje
23,Quintana Roo,004,Othón P. Blanco,6200240344,Porcentaje de mujeres de 85 años y más,2020,0.30989344466066,Porcentaje
23,Quintana Roo,004,Othón P. Blanco,6200240345,Población de 5 años y más hablante de Mixe,2020,55,Personas
23,Quintana Roo,004,Othón P. Blanco,6200240354,Porcentaje de mujeres de 10 a 14 años,2020,4.1606302452573,Porcentaje
23,Quintana Roo,004,Othón P. Blanco,6200240356,Porcentaje de mujeres de 20 a 24 años,2020,4.16020162361877,Porcentaje
23,Quintana Roo,004,Othón P. Blanco,6200240357,Porcentaje de hombres de 35 a 39 años,2020,3.78387182498521,Porcentaje
23,Quintana Roo,004,Othón P. Blanco,6200240358,Porcentaje de la población de 0 a 14 años con limitación en la actividad,2020,3.43509385650143,Porcentaje
23,Quintana Roo,004,Othón P. Blanco,6200240361,Población de 5 años y más hablante de Mazahua,2020,11,Personas
23,Quintana Roo,004,Othón P. Blanco,6200240364,Tasa de monolingüismo de la población de 5 años y más hablante de Chatino,2020,0,Porcentaje
23,Quintana Roo,004,Othón P. Blanco,6200240365,Porcentaje de la población de 15 años y más con instrucción superior,2020,24.5691569814843,Porcentaje
23,Quintana Roo,004,Othón P. Blanco,6200240366,Tasa de monolingüismo de la población de 5 años y más hablante de Lenguas mixtecas,2020,1.16279069767441,Porcentaje
23,Quintana Roo,004,Othón P. Blanco,6200240367,Porcentaje de la población con limitación para hablar o comunicarse,2020,6.00193185809624,Porcentaje
23,Quintana Roo,004,Othón P. Blanco,6200240368,Porcentaje de la población de 15 años y más con instrucción no especificada,2020,0.143380058364118,Porcentaje
23,Quintana Roo,004,Othón P. Blanco,6200240377,Porcentaje de mujeres de 45 a 49 años,2020,3.39254026900294,Porcentaje
23,Quintana Roo,004,Othón P. Blanco,6200240378,Porcentaje de mujeres de 0 a 4 años,2020,3.55241614017642,Porcentaje
23,Quintana Roo,004,Othón P. Blanco,6200240379,Porcentaje de mujeres de 80 a 84 años,2020,0.345469040659049,Porcentaje
23,Quintana Roo,004,Othón P. Blanco,6200240381,Tasa de monolingüismo de la población de 5 años y más hablante de Tzotzil (Tsotsil),2020,0.70422535211267,Porcentaje
23,Quintana Roo,004,Othón P. Blanco,6200240384,Porcentaje de mujeres de 15 a 19 años,2020,4.16020162361877,Porcentaje
23,Quintana Roo,004,Othón P. Blanco,6200240386,Población de 5 años y más hablante de Lenguas mixtecas,2020,86,Personas
23,Quintana Roo,004,Othón P. Blanco,6200240388,Porcentaje de hombres de 65 a 69 años,2020,1.3548729994085,Porcentaje
23,Quintana Roo,004,Othón P. Blanco,6200240389,Tasa de crecimiento promedio anual de las viviendas particulares habitadas,2020,0.734941142247458,Tasa
23,Quintana Roo,004,Othón P. Blanco,6200240390,Porcentaje de la población con discapacidad por accidente,2020,16.4417471851793,Porcentaje
23,Quintana Roo,004,Othón P. Blanco,6200240395,"Viviendas, de cada cien que cuentan con electricidad, agua y drenaje",2020,96.116256241731,Porcentaje
23,Quintana Roo,004,Othón P. Blanco,6200240396,Porcentaje de la población de 30 a 59 años con limitación en la actividad,2020,11.5608045450185,Porcentaje
23,Quintana Roo,004,Othón P. Blanco,6200240397,Tasa de monolingüismo de la población de 5 años y más hablante de Chol (Ch''ol),2020,1.66112956810631,Porcentaje
23,Quintana Roo,004,Othón P. Blanco,6200240398,Tasa de monolingüismo de la población de 5 años y más hablante de Totonaca (Totonaco),2020,1.60642570281124,Porcentaje
23,Quintana Roo,004,Othón P. Blanco,6200240407,Índice de envejecimiento,2020,46.4161422363272,Porcentaje
23,Quintana Roo,004,Othón P. Blanco,6200240410,Porcentaje de hombres de 60 a 64 años,2020,1.84521615389231,Porcentaje
23,Quintana Roo,004,Othón P. Blanco,6200240411,Porcentaje de hombres de 85 años y más,2020,0.27860406504762,Porcentaje
23,Quintana Roo,004,Othón P. Blanco,6200240413,Tasa de monolingüismo de la población de 5 años y más hablante de Huasteco,2020,0,Porcentaje
23,Quintana Roo,004,Othón P. Blanco,6200240414,"Porcentaje de la población derechohabiente en PEMEX, SDN o SM",2020,3.29163281884647,Porcentaje
23,Quintana Roo,004,Othón P. Blanco,6200240416,Porcentaje de la población usuaria de servicios de salud en instituciones de servicios médicos privados,2020,0.997562956945573,Porcentaje
23,Quintana Roo,004,Othón P. Blanco,6200240421,Porcentaje de la población derechohabiente en el ISSSTE,2020,25.9350121852153,Porcentaje
23,Quintana Roo,004,Othón P. Blanco,6200240423,Porcentaje de hombres de 40 a 44 años,2020,3.47226389377041,Porcentaje
23,Quintana Roo,004,Othón P. Blanco,6200240424,Tasa de monolingüismo de la población de 5 años y más hablante de Mixe,2020,0,Porcentaje
23,Quintana Roo,004,Othón P. Blanco,6200240425,Porcentaje de hombres de 70 a 74 años,2020,0.981972173883226,Porcentaje
23,Quintana Roo,004,Othón P. Blanco,6200240426,Porcentaje de mujeres de 60 a 64 años,2020,1.98580405133173,Porcentaje
23,Quintana Roo,004,Othón P. Blanco,6200240427,Porcentaje de mujeres de 65 a 69 años,2020,1.41873762355019,Porcentaje
23,Quintana Roo,004,Othón P. Blanco,6200240428,Tasa de monolingüismo de la población de 5 años y más hablante de Otomí,2020,0,Porcentaje
23,Quintana Roo,004,Othón P. Blanco,6200240430,Porcentaje de la población con limitación para caminar y moverse,2020,31.8842477412597,Porcentaje
23,Quintana Roo,004,Othón P. Blanco,6200240431,Población de 5 años y más hablante de Purépecha (Tarasco),2020,6,Personas
23,Quintana Roo,004,Othón P. Blanco,6200240432,Tasa de monolingüismo de la población de 5 años y más hablante de Zoque,2020,0,Porcentaje
23,Quintana Roo,004,Othón P. Blanco,6200240433,Tasa de monolingüismo de la población de 5 años y más hablante de Lenguas zapotecas,2020,0.52631578947368,Porcentaje
23,Quintana Roo,004,Othón P. Blanco,6200240434,Población de 5 años y más hablante de Chatino,2020,2,Personas
23,Quintana Roo,004,Othón P. Blanco,6200240435,Porcentaje de la población con limitación para atender el cuidado personal,2020,4.08100912225568,Porcentaje
23,Quintana Roo,004,Othón P. Blanco,6200240443,Porcentaje de mujeres de 35 a 39 años,2020,4.0534748356236,Porcentaje
23,Quintana Roo,004,Othón P. Blanco,6200240444,Porcentaje de hombres de 55 a 59 años,2020,2.23483322332045,Porcentaje
23,Quintana Roo,004,Othón P. Blanco,6200240445,Porcentaje de hombres de 5 a 9 años,2020,4.14691435282419,Porcentaje
23,Quintana Roo,004,Othón P. Blanco,6200240447,Porcentaje de la población de 15 años y más sin instrucción,2020,5.01099247114125,Porcentaje
23,Quintana Roo,004,Othón P. Blanco,6200240449,Tasa de monolingüismo de la población de 5 años y más hablante de lengua indígena,2020,1.09765021546467,Porcentaje
23,Quintana Roo,004,Othón P. Blanco,6200240450,Porcentaje de la población con limitación para ver,2020,60.0541224739208,Porcentaje
23,Quintana Roo,004,Othón P. Blanco,6200240451,Población de 5 años y más hablante de Tarahumara,2020,3,Personas
23,Quintana Roo,004,Othón P. Blanco,6200240452,Población de 5 años y más hablante de Chol (Ch''ol),2020,602,Personas
23,Quintana Roo,004,Othón P. Blanco,6200240453,Población de 5 años y más hablante de Totonaca (Totonaco),2020,249,Personas
23,Quintana Roo,004,Othón P. Blanco,6200240454,Tasa de monolingüismo de la población de 5 años y más hablante de Mazahua,2020,0,Porcentaje
23,Quintana Roo,004,Othón P. Blanco,6200240458,Porcentaje de la población con discapacidad por edad avanzada,2020,25.0738640900743,Porcentaje
23,Quintana Roo,004,Othón P. Blanco,6200240459,Porcentaje de la población con discapacidad por nacimiento,2020,14.7249061726423,Porcentaje
23,Quintana Roo,004,Othón P. Blanco,6200240466,Población de 5 años y más hablante de Tlapaneco,2020,14,Personas
23,Quintana Roo,004,Othón P. Blanco,6200240471,Porcentaje de la población derechohabiente en el IMSS,2020,37.8104522068779,Porcentaje
23,Quintana Roo,004,Othón P. Blanco,6200240475,Porcentaje de hombres de 80 a 84 años,2020,0.362613906200441,Porcentaje
23,Quintana Roo,004,Othón P. Blanco,6200240477,Porcentaje de la población de 85 y más con limitación en la actividad,2020,23.5979606700656,Porcentaje
23,Quintana Roo,004,Othón P. Blanco,6200240478,Porcentaje de la población con limitación para escuchar,2020,17.9302518440924,Porcentaje
23,Quintana Roo,004,Othón P. Blanco,6200240479,Porcentaje de la población con limitación para poner atención o aprender,2020,19.7547029811008,Porcentaje
23,Quintana Roo,004,Othón P. Blanco,6200240480,Población de 5 años y más hablante de Huasteco,2020,10,Personas
23,Quintana Roo,004,Othón P. Blanco,6200240481,Población de 5 años y más hablante de Tzotzil (Tsotsil),2020,284,Personas
23,Quintana Roo,004,Othón P. Blanco,6200240486,Porcentaje de hombres de 25 a 29 años,2020,3.99775402261408,Porcentaje
23,Quintana Roo,004,Othón P. Blanco,6200240488,Porcentaje de la población de 15 a 29 años con limitación en la actividad,2020,5.02650494930607,Porcentaje
23,Quintana Roo,004,Othón P. Blanco,6200240493,Porcentaje de la población de 5 años y más hablante de lengua indígena,2020,5.68117254153829,Porcentaje
23,Quintana Roo,004,Othón P. Blanco,6200240495,Porcentaje de la población con discapacidad por otra causa,2020,14.7568474007826,Porcentaje
23,Quintana Roo,004,Othón P. Blanco,6200240496,Población de 5 años y más hablante de Náhuatl,2020,239,Personas
23,Quintana Roo,004,Othón P. Blanco,6200240497,Población no católica,2020,49679,Miles DE personas
23,Quintana Roo,004,Othón P. Blanco,6200240499,Porcentaje de la población que profesa la religión protestante y evangélica,2020,21.1150962131069,Porcentaje
23,Quintana Roo,004,Othón P. Blanco,6200240507,Porcentaje de mujeres de 50 a 54 años,2020,3.0003514697436,Porcentaje
23,Quintana Roo,004,Othón P. Blanco,6200240509,Tasa de monolingüismo de la población de 5 años y más hablante de Tarahumara,2020,0,Porcentaje
23,Quintana Roo,004,Othón P. Blanco,6200240518,Porcentaje de hombres de 30 a 34 años,2020,3.94460493943576,Porcentaje
23,Quintana Roo,004,Othón P. Blanco,6200240520,Porcentaje de hombres de 20 a 24 años,2020,4.17863235407576,Porcentaje
23,Quintana Roo,004,Othón P. Blanco,6200240521,Población de 5 años y más hablante de Zoque,2020,106,Personas
23,Quintana Roo,004,Othón P. Blanco,6200240522,Tasa de monolingüismo de la población de 5 años y más hablante de Purépecha (Tarasco),2020,0,Porcentaje
23,Quintana Roo,004,Othón P. Blanco,6200240532,Porcentaje de hombres de 45 a 49 años,2020,3.13236693441232,Porcentaje
23,Quintana Roo,004,Othón P. Blanco,6200240533,Porcentaje de hombres de 50 a 54 años,2020,2.74446435153832,Porcentaje
23,Quintana Roo,004,Othón P. Blanco,6200240534,Tasa de monolingüismo de la población de 5 años y más hablante de Resto de lenguas,2020,0.49261083743842,Porcentaje
23,Quintana Roo,004,Othón P. Blanco,6200240535,Población de 5 años y más hablante de Mazateco,2020,16,Personas
23,Quintana Roo,004,Othón P. Blanco,6200240536,Tasa de monolingüismo de la población de 5 años y más hablante de Tlapaneco,2020,0,Porcentaje
23,Quintana Roo,004,Othón P. Blanco,6200240537,Tasa de monolingüismo de la población de 5 años y más hablante de Tzeltal (Tseltal),2020,4.37956204379562,Porcentaje
23,Quintana Roo,004,Othón P. Blanco,6200240538,Población de 5 años y más hablante del Resto de lenguas,2020,203,Personas
23,Quintana Roo,004,Othón P. Blanco,6200240539,Tasa de monolingüismo de la población de 5 años y más hablante de Lenguas chinantecas,2020,0,Porcentaje
23,Quintana Roo,004,Othón P. Blanco,6200240540,Porcentaje de la población con discapacidad por enfermedad,2020,37.7225904336022,Porcentaje
23,Quintana Roo,004,Othón P. Blanco,6200240548,Porcentaje de mujeres de 25 a 29 años,2020,4.20220654419518,Porcentaje
23,Quintana Roo,004,Othón P. Blanco,6200240549,Porcentaje de mujeres de 30 a 34 años,2020,4.24249697821745,Porcentaje
23,Quintana Roo,004,Othón P. Blanco,6205370864,Porcentaje de población que se considera afrodescendiente,2020,3.69530233513662,Porcentaje
23,Quintana Roo,004,Othón P. Blanco,6207019007,Porcentaje de la población de 12 años y más viuda,2020,4.16620504460588,Porcentaje
23,Quintana Roo,004,Othón P. Blanco,6207019009,Porcentaje de la población de 12 años y más casada,2020,31.6614701211824,Porcentaje
23,Quintana Roo,004,Othón P. Blanco,6207019010,Porcentaje de población de 25 años y más alfabeta,2020,94.9073106014176,Porcentaje
23,Quintana Roo,004,Othón P. Blanco,6207019011,Porcentaje de la población de 12 años y más soltera,2020,32.8426950287261,Porcentaje
23,Quintana Roo,004,Othón P. Blanco,6207019012,Porcentaje de la población de 12 años y más separada,2020,6.10079715535297,Porcentaje
23,Quintana Roo,004,Othón P. Blanco,6207019016,Porcentaje de la población de 12 años y más divorciada,2020,2.71011717286823,Porcentaje
23,Quintana Roo,004,Othón P. Blanco,6207019017,Porcentaje de población afiliada a otra institución,2020,0.54373138369889,Porcentaje
23,Quintana Roo,004,Othón P. Blanco,6207019018,Porcentaje de población afiliada a servicios de salud,2020,79.0291378483873,Porcentaje
23,Quintana Roo,004,Othón P. Blanco,6207019019,Porcentaje de la población de 12 años y más en unión libre,2020,22.48336841661,Porcentaje
23,Quintana Roo,004,Othón P. Blanco,6207019020,Porcentaje de población de 15 años y más sin escolaridad,2020,4.7967657957031,Porcentaje
23,Quintana Roo,004,Othón P. Blanco,6207019022,Porcentaje de viviendas particulares habitadas propias,2020,68.8738135279195,Porcentaje
23,Quintana Roo,004,Othón P. Blanco,6207019023,Porcentaje de hijos fallecidos de las mujeres de 15 a 49 años,2020,2.82389000225054,Porcentaje
23,Quintana Roo,004,Othón P. Blanco,6207019024,Porcentaje de la población de 3 a 5 años que asiste a la escuela,2020,65.0548265324465,Porcentaje
23,Quintana Roo,004,Othón P. Blanco,6207019026,Porcentaje de la población de 6 a 11 años que asiste a la escuela,2020,96.4541763842101,Porcentaje
23,Quintana Roo,004,Othón P. Blanco,6207019028,Porcentaje de la población de 12 a 14 años que asiste a la escuela,2020,94.008547008547,Porcentaje
23,Quintana Roo,004,Othón P. Blanco,6207019029,Porcentaje de la población de 15 a 24 años que asiste a la escuela,2020,53.4908069458631,Porcentaje
23,Quintana Roo,004,Othón P. Blanco,6207019030,Porcentaje de población de 12 años y más económicamente activa,2020,64.4614321362814,Porcentaje
23,Quintana Roo,004,Othón P. Blanco,6207019031,Porcentaje de población de 15 años y más con escolaridad básica,2020,45.161344736265,Porcentaje
23,Quintana Roo,004,Othón P. Blanco,6207019034,Porcentaje de población de 3 años y más hablante de lengua indígena,2020,5.50911633434452,Porcentaje
23,Quintana Roo,004,Othón P. Blanco,6207019035,Porcentaje de la población de 12 años y más No Económicamente Activa,2020,35.3512811990567,Porcentaje
23,Quintana Roo,004,Othón P. Blanco,6207019036,Promedio de hijos nacidos vivos de las mujeres de 15 a 49 años EI2015,2020,1.42840089986686,Promedio
23,Quintana Roo,004,Othón P. Blanco,6207019039,Porcentaje de la población de 12 años y más económicamente activa ocupada,2020,98.3255037401994,Porcentaje
23,Quintana Roo,004,Othón P. Blanco,6207019040,Porcentaje de la población femenina de 12 años y más económicamente activa,2020,41.9393383857398,Porcentaje
23,Quintana Roo,004,Othón P. Blanco,6207019042,Porcentaje de viviendas particulares habitadas que disponen de Internet,2020,57.765353591396,Porcentaje
23,Quintana Roo,004,Othón P. Blanco,6207019043,Porcentaje de la población masculina de 12 años y más económicamente activa,2020,58.0606616142602,Porcentaje
23,Quintana Roo,004,Othón P. Blanco,6207019046,Porcentaje de viviendas particulares habitadas que disponen de computadora,2020,39.7720967948444,Porcentaje
23,Quintana Roo,004,Othón P. Blanco,6207019047,Porcentaje de la población de 12 años y más no económicamente activa que estudia,2020,40.1593839541547,Porcentaje
23,Quintana Roo,004,Othón P. Blanco,6207019050,Porcentaje de viviendas particulares habitadas que disponen de teléfono fijo,2020,26.5759037172976,Porcentaje
23,Quintana Roo,004,Othón P. Blanco,6207019051,Porcentaje de la población de 12 años y más sin especificar su situación conyugal,2020,0.0353470606545009,Porcentaje
23,Quintana Roo,004,Othón P. Blanco,6207019054,Porcentaje de la población femenina de 12 años y más económicamente activa ocupada,2020,98.550074155023,Porcentaje
23,Quintana Roo,004,Othón P. Blanco,6207019055,Porcentaje de viviendas particulares habitadas que disponen de teléfono celular,2020,92.347744441125,Porcentaje
23,Quintana Roo,004,Othón P. Blanco,6207019056,Porcentaje de la población masculina de 12 años y más económicamente activa ocupada,2020,98.1632883200361,Porcentaje
23,Quintana Roo,004,Othón P. Blanco,6207019057,Porcentaje de viviendas particulares habitadas que disponen de televisión de paga,2020,45.5052423427653,Porcentaje
23,Quintana Roo,004,Othón P. Blanco,6207019058,Porcentaje de población de 3 años y más hablante de lengua indígena que no habla español,2020,1.14345957343281,Porcentaje
23,Quintana Roo,004,Othón P. Blanco,6207019059,Porcentaje de población de 12 años con condición de actividad económica no especificada,2020,0.187286664661908,Porcentaje
23,Quintana Roo,004,Othón P. Blanco,6207019060,Porcentaje de la población de 12 años y más no económicamente activa que es pensionada o jubilada,2020,10.6300740210124,Porcentaje
23,Quintana Roo,004,Othón P. Blanco,6207019063,Porcentaje de superficie en el ámbito geográfico de referencia respecto a la unidad geográfica superior,2020,22.1669927297709,Porcentaje
23,Quintana Roo,004,Othón P. Blanco,6207019064,Porcentaje de la población de 12 años y más no económicamente activa que se dedica a los quehaceres del hogar,2020,38.8550620821394,Porcentaje
23,Quintana Roo,004,Othón P. Blanco,6207019065,Porcentaje de la población de 12 años y más no económicamente activa que realiza otras actividades no económicas,2020,7.12750716332378,Porcentaje
23,Quintana Roo,004,Othón P. Blanco,6207019070,Porcentaje de la población de 12 años y más no económicamente activa con alguna limitación física o mental que les impide trabajar,2020,3.22797277936963,Porcentaje
23,Quintana Roo,004,Othón P. Blanco,6207020032,Porcentaje de hombres,2020,49.2604259398754,Porcentaje
23,Quintana Roo,004,Othón P. Blanco,6207020033,Porcentaje de mujeres,2020,50.7395740601246,Porcentaje
23,Quintana Roo,004,Othón P. Blanco,6207020035,Promedio de ocupantes por cuarto (Índice de hacinamiento),2020,1.07277188767362,Promedio
23,Quintana Roo,004,Othón P. Blanco,6207049066,Población de 6 a 14 años que sabe leer y escribir,2020,31196,Porcentaje
23,Quintana Roo,004,Othón P. Blanco,6207049067,Población de 6 a 14 años que no sabe leer y escribir,2020,3485,Porcentaje
23,Quintana Roo,004,Othón P. Blanco,6207049068,Porcentaje de la población de 3 años y más que asiste a la escuela,2020,29.5828511944386,Porcentaje
23,Quintana Roo,004,Othón P. Blanco,6207049069,Porcentaje de la población de 3 años y más que no asiste a la escuela,2020,70.37783307793,Porcentaje
23,Quintana Roo,004,Othón P. Blanco,6207049070,Población de 6 a 14 años que no especificó si sabe o no leer y escribir,2020,173,Porcentaje
23,Quintana Roo,004,Othón P. Blanco,6207049071,Porcentaje de la población de 3 años y más que no especificó si asiste o no a la escuela,2020,0.0393157276313614,Porcentaje
23,Quintana Roo,004,Othón P. Blanco,6207051593,Porcentaje de población de 6 a 14 años que no asiste a la escuela,2020,4.343834,Porcentaje
23,Quintana Roo,004,Othón P. Blanco,6207068394,Porcentaje de viviendas con agua entubada dentro de la vivienda,2020,77.4444112500533,Porcentaje
23,Quintana Roo,004,Othón P. Blanco,6207129629,Porcentaje de la población nacional/estatal que representa,2020,12.5753437191366,Porcentaje
23,Quintana Roo,004,Othón P. Blanco,6207129630,Promedio de ocupantes por dormitorio,2020,1.88764081766417,Promedio
23,Quintana Roo,004,Othón P. Blanco,6207129631,Porcentaje de viviendas particulares habitadas que disponen de tinaco,2020,85.3356664248218,Porcentaje
23,Quintana Roo,004,Othón P. Blanco,6207129632,Porcentaje de viviendas particulares habitadas que disponen de cisterna o aljibe,2020,34.4031411378089,Porcentaje
23,Quintana Roo,004,Othón P. Blanco,6207129635,Porcentaje de viviendas particulares habitadas que disponen de Automóvil o camioneta,2020,46.7059308892777,Porcentaje
23,Quintana Roo,004,Othón P. Blanco,6207129636,Porcentaje de viviendas particulares habitadas que disponen de motocicleta o motoneta,2020,23.1801175081445,Porcentaje
23,Quintana Roo,004,Othón P. Blanco,6207129637,Porcentaje de viviendas particulares habitadas que disponen de bicicleta como medio de transporte,2020,28.8776976370336,Porcentaje
23,Quintana Roo,004,Othón P. Blanco,6207129638,Porcentaje de la población con algún tipo de  discapacidad,2020,4.76271998904335,Porcentaje
23,Quintana Roo,004,Othón P. Blanco,6207129639,Porcentaje de la población entre 0 y 17 años con algún tipo de  discapacidad,2020,1.92700338306085,Porcentaje
23,Quintana Roo,004,Othón P. Blanco,6207129640,Porcentaje de la población entre 18 y 29 años con algún tipo de  discapacidad,2020,1.83926772278077,Porcentaje
23,Quintana Roo,004,Othón P. Blanco,6207129641,Porcentaje de la población entre 30 y 59 años con algún tipo de  discapacidad,2020,3.82553268597376,Porcentaje
23,Quintana Roo,004,Othón P. Blanco,6207129642,Porcentaje de la población de 60 años y más con algún tipo de  discapacidad,2020,20.9315877394041,Porcentaje
23,Quintana Roo,004,Othón P. Blanco,6207129643,Porcentaje de la población de 5 y más años migrante según causa: Trabajo,2020,33.8928794503435,Porcentaje
23,Quintana Roo,004,Othón P. Blanco,6207129644,Porcentaje de la población de 5 y más años migrante según causa: Familiar,2020,43.5274828232355,Porcentaje
23,Quintana Roo,004,Othón P. Blanco,6207129645,Porcentaje de la población de 5 y más años migrante según causa: Educativa,2020,9.9000624609619,Porcentaje
23,Quintana Roo,004,Othón P. Blanco,6207129646,Porcentaje de la población de 5 y más años migrante según causa: Inseguridad delictiva o violencia,2020,5.13741411617739,Porcentaje
23,Quintana Roo,004,Othón P. Blanco,6207129647,Porcentaje de la población de 5 y más años migrante según causa: Otra causa,2020,6.07432854465959,Porcentaje
23,Quintana Roo,004,Othón P. Blanco,6207129648,Promedio de hijos nacidos vivos por grupo de edad: 15-19,2020,0.105122127177162,Promedio
23,Quintana Roo,004,Othón P. Blanco,6207129649,Promedio de hijos nacidos vivos por grupo de edad: 20-24,2020,0.570839348319241,Promedio
23,Quintana Roo,004,Othón P. Blanco,6207129650,Promedio de hijos nacidos vivos por grupo de edad: 25-29,2020,1.14622448979592,Promedio
23,Quintana Roo,004,Othón P. Blanco,6207129651,Promedio de hijos nacidos vivos por grupo de edad: 30-34,2020,1.62760364004044,Promedio
23,Quintana Roo,004,Othón P. Blanco,6207129652,Promedio de hijos nacidos vivos por grupo de edad: 35-39,2020,2.03705272072835,Promedio
23,Quintana Roo,004,Othón P. Blanco,6207129653,Promedio de hijos nacidos vivos por grupo de edad: 40-44,2020,2.2912075556555,Promedio
23,Quintana Roo,004,Othón P. Blanco,6207129654,Promedio de hijos nacidos vivos por grupo de edad: 45-49,2020,2.50631951466127,Promedio
23,Quintana Roo,004,Othón P. Blanco,6207129812,Porcentaje de viviendas particulares habitadas que disponen de refrigerador,2020,88.4127864794503,Porcentaje
23,Quintana Roo,004,Othón P. Blanco,6207129813,Porcentaje de viviendas particulares habitadas que disponen de lavadora,2020,79.3734795783364,Porcentaje
23,Quintana Roo,004,Othón P. Blanco,6207129818,Porcentaje de la población derechohabiente en Instituto de Salud para el Bienestar (IMSS-PROSPERA o IMSS-BIENESTAR),2020,0.257784998646087,Porcentaje
23,Quintana Roo,004,Othón P. Blanco,6207129822,Ubicación geográfica con la mayor cantidad de pobladores. Primer lugar,2020,230040001,No aplica
23,Quintana Roo,004,Othón P. Blanco,6207129825,Población de la ubicación geográfica con la mayor cantidad de pobladores. Primer lugar,2020,169028,Personas
23,Quintana Roo,004,Othón P. Blanco,6207129828,Lengua indígena más frecuente. Descripción. Primer lugar,2020,602,No aplica
23,Quintana Roo,004,Othón P. Blanco,6207129830,Lengua indígena más frecuente. Porcentaje. Primer lugar,2020,79.8888162197515,Porcentaje
23,Quintana Roo,004,Othón P. Blanco,6207129840,Total de áreas geográficas,2020,645,Municipios
23,Quintana Roo,005,Benito Juárez,1001000001,Superficie continental,2020,930.677893,Kilómetros cuadrados
23,Quintana Roo,005,Benito Juárez,1002000001,Población total,2020,911503,Personas
23,Quintana Roo,005,Benito Juárez,1002000002,Población total hombres,2020,459325,Personas
23,Quintana Roo,005,Benito Juárez,1002000003,Población total mujeres,2020,452178,Personas
23,Quintana Roo,005,Benito Juárez,1002000004,Porcentaje de población de 15 a 29 años,2020,27.3543406050812,Porcentaje
23,Quintana Roo,005,Benito Juárez,1002000005,Porcentaje de hombres de 15 a 29 años,2020,27.4498247219082,Porcentaje
23,Quintana Roo,005,Benito Juárez,1002000006,Porcentaje de mujeres de 15 a 29 años,2020,27.2573304167328,Porcentaje
23,Quintana Roo,005,Benito Juárez,1002000007,Porcentaje de población de 60 y más años,2020,6.57383301247203,Porcentaje
23,Quintana Roo,005,Benito Juárez,1002000008,Porcentaje de hombres de 60 y más años,2020,6.12153787282332,Porcentaje
23,Quintana Roo,005,Benito Juárez,1002000009,Porcentaje de mujeres de 60 y más años,2020,7.03335694320002,Porcentaje
23,Quintana Roo,005,Benito Juárez,1002000010,Edad mediana,2020,29,Años
23,Quintana Roo,005,Benito Juárez,1002000011,Edad mediana hombres,2020,29,Años
23,Quintana Roo,005,Benito Juárez,1002000012,Edad mediana mujeres,2020,29,Años
23,Quintana Roo,005,Benito Juárez,1002000013,Promedio de hijos nacidos vivos de las mujeres de 12 años y más,2020,1.64567390963137,Promedio
23,Quintana Roo,005,Benito Juárez,1002000014,Población en hogares censales,2020,909366,Personas
23,Quintana Roo,005,Benito Juárez,1002000015,Población en hogares familiares,2020,842024,Personas
23,Quintana Roo,005,Benito Juárez,1002000016,Población en hogares no familiares,2020,58537,Personas
23,Quintana Roo,005,Benito Juárez,1002000018,Hogares censales,2020,287053,Hogares
23,Quintana Roo,005,Benito Juárez,1002000019,Hogares con jefatura masculina,2020,193206,Hogares
23,Quintana Roo,005,Benito Juárez,1002000020,Hogares con jefatura femenina,2020,93847,Hogares
23,Quintana Roo,005,Benito Juárez,1002000021,Tamaño promedio de los hogares censales,2020,3.16793762824287,Personas
23,Quintana Roo,005,Benito Juárez,1002000022,Tamaño promedio de los hogares con jefe hombre,2020,3.20906700620064,Personas
23,Quintana Roo,005,Benito Juárez,1002000023,Tamaño promedio de los hogares con jefe mujer,2020,3.08326318369261,Personas
23,Quintana Roo,005,Benito Juárez,1002000024,Relación hombres-mujeres,2020,101.58057225252,Hombres por cada 100 mujeres
23,Quintana Roo,005,Benito Juárez,1002000041,Porcentaje de personas de 15 años y más alfabetas,2020,97.7609426631745,Porcentaje
23,Quintana Roo,005,Benito Juárez,1002000050,Tasa de alfabetización de las personas de 15 a 24 años,2020,98.8953730721134,Tasa
23,Quintana Roo,005,Benito Juárez,1002000055,Población de edad no especificada,2020,9244,Personas
23,Quintana Roo,005,Benito Juárez,1002000056,Población de edad no especificada. Hombres,2020,4619,Personas
23,Quintana Roo,005,Benito Juárez,1002000057,Población de edad no especificada. Mujeres,2020,4625,Personas
23,Quintana Roo,005,Benito Juárez,1002000058,Población de 0 a 4 años,2020,67166,Personas
23,Quintana Roo,005,Benito Juárez,1002000059,Población de 0 a 4 años. Hombres,2020,34336,Personas
23,Quintana Roo,005,Benito Juárez,1002000060,Población de 0 a 4 años. Mujeres,2020,32830,Personas
23,Quintana Roo,005,Benito Juárez,1002000061,Población de 10 a 14 años,2020,73493,Personas
23,Quintana Roo,005,Benito Juárez,1002000062,Población de 10 a 14 años. Hombres,2020,37603,Personas
23,Quintana Roo,005,Benito Juárez,1002000063,Población de 10 a 14 años. Mujeres,2020,35890,Personas
23,Quintana Roo,005,Benito Juárez,1002000064,Población de 100 años y más,2020,22,Personas
23,Quintana Roo,005,Benito Juárez,1002000065,Población de 100 años y más. Hombres,2020,15,Personas
23,Quintana Roo,005,Benito Juárez,1002000066,Población de 100 años y más. Mujeres,2020,7,Personas
23,Quintana Roo,005,Benito Juárez,1002000067,Población de 15 a 19 años,2020,70697,Personas
23,Quintana Roo,005,Benito Juárez,1002000068,Población de 15 a 19 años. Hombres,2020,35743,Personas
23,Quintana Roo,005,Benito Juárez,1002000069,Población de 15 a 19 años. Mujeres,2020,34954,Personas
23,Quintana Roo,005,Benito Juárez,1002000070,Población de 20 a 24 años,2020,82839,Personas
23,Quintana Roo,005,Benito Juárez,1002000071,Población de 20 a 24 años. Hombres,2020,41653,Personas
23,Quintana Roo,005,Benito Juárez,1002000072,Población de 20 a 24 años. Mujeres,2020,41186,Personas
23,Quintana Roo,005,Benito Juárez,1002000073,Población de 25 a 29 años,2020,93271,Personas
23,Quintana Roo,005,Benito Juárez,1002000074,Población de 25 a 29 años. Hombres,2020,47420,Personas
23,Quintana Roo,005,Benito Juárez,1002000075,Población de 25 a 29 años. Mujeres,2020,45851,Personas
23,Quintana Roo,005,Benito Juárez,1002000076,Población de 30 a 34 años,2020,85696,Personas
23,Quintana Roo,005,Benito Juárez,1002000077,Población de 30 a 34 años. Hombres,2020,43315,Personas
23,Quintana Roo,005,Benito Juárez,1002000078,Población de 30 a 34 años. Mujeres,2020,42381,Personas
23,Quintana Roo,005,Benito Juárez,1002000079,Población de 35 a 39 años,2020,81053,Personas
23,Quintana Roo,005,Benito Juárez,1002000080,Población de 35 a 39 años. Hombres,2020,41010,Personas
23,Quintana Roo,005,Benito Juárez,1002000081,Población de 35 a 39 años. Mujeres,2020,40043,Personas
23,Quintana Roo,005,Benito Juárez,1002000082,Población de 40 a 44 años,2020,69739,Personas
23,Quintana Roo,005,Benito Juárez,1002000083,Población de 40 a 44 años. Hombres,2020,35031,Personas
23,Quintana Roo,005,Benito Juárez,1002000084,Población de 40 a 44 años. Mujeres,2020,34708,Personas
23,Quintana Roo,005,Benito Juárez,1002000085,Población de 45 a 49 años,2020,61739,Personas
23,Quintana Roo,005,Benito Juárez,1002000086,Población de 45 a 49 años. Hombres,2020,31151,Personas
23,Quintana Roo,005,Benito Juárez,1002000087,Población de 45 a 49 años. Mujeres,2020,30588,Personas
23,Quintana Roo,005,Benito Juárez,1002000088,Población de 5 a 9 años,2020,72828,Personas
23,Quintana Roo,005,Benito Juárez,1002000089,Población de 5 a 9 años. Hombres,2020,36906,Personas
23,Quintana Roo,005,Benito Juárez,1002000090,Población de 5 a 9 años. Mujeres,2020,35922,Personas
23,Quintana Roo,005,Benito Juárez,1002000091,Población de 50 a 54 años,2020,50207,Personas
23,Quintana Roo,005,Benito Juárez,1002000092,Población de 50 a 54 años. Hombres,2020,25501,Personas
23,Quintana Roo,005,Benito Juárez,1002000093,Población de 50 a 54 años. Mujeres,2020,24706,Personas
23,Quintana Roo,005,Benito Juárez,1002000094,Población de 55 a 59 años,2020,34218,Personas
23,Quintana Roo,005,Benito Juárez,1002000095,Población de 55 a 59 años. Hombres,2020,17202,Número de personas
23,Quintana Roo,005,Benito Juárez,1002000096,Población de 55 a 59 años. Mujeres,2020,17016,Número de personas
23,Quintana Roo,005,Benito Juárez,1002000097,Población de 60 a 64 años,2020,23937,Personas
23,Quintana Roo,005,Benito Juárez,1002000098,Población de 60 a 64 años. Hombres,2020,11671,Número de personas
23,Quintana Roo,005,Benito Juárez,1002000099,Población de 60 a 64 años. Mujeres,2020,12266,Número de personas
23,Quintana Roo,005,Benito Juárez,1002000100,Población de 65 a 69 años,2020,15465,Personas
23,Quintana Roo,005,Benito Juárez,1002000101,Población de 65 a 69 años. Hombres,2020,7336,Número de personas
23,Quintana Roo,005,Benito Juárez,1002000102,Población de 65 a 69 años. Mujeres,2020,8129,Número de personas
23,Quintana Roo,005,Benito Juárez,1002000103,Población de 70 a 74 años,2020,9406,Personas
23,Quintana Roo,005,Benito Juárez,1002000104,Población de 70 a 74 años. Hombres,2020,4340,Número de personas
23,Quintana Roo,005,Benito Juárez,1002000105,Población de 70 a 74 años. Mujeres,2020,5066,Número de personas
23,Quintana Roo,005,Benito Juárez,1002000106,Población de 75 a 79 años,2020,5275,Personas
23,Quintana Roo,005,Benito Juárez,1002000107,Población de 75 a 79 años. Hombres,2020,2416,Número de personas
23,Quintana Roo,005,Benito Juárez,1002000108,Población de 75 a 79 años. Mujeres,2020,2859,Número de personas
23,Quintana Roo,005,Benito Juárez,1002000109,Población de 80 a 84 años,2020,3056,Personas
23,Quintana Roo,005,Benito Juárez,1002000110,Población de 80 a 84 años. Hombres,2020,1245,Número de personas
23,Quintana Roo,005,Benito Juárez,1002000111,Población de 80 a 84 años. Mujeres,2020,1811,Número de personas
23,Quintana Roo,005,Benito Juárez,1002000112,Población de 85 a 89 años,2020,1461,Personas
23,Quintana Roo,005,Benito Juárez,1002000113,Población de 85 a 89 años. Hombres,2020,573,Número de personas
23,Quintana Roo,005,Benito Juárez,1002000114,Población de 85 a 89 años. Mujeres,2020,888,Número de personas
23,Quintana Roo,005,Benito Juárez,1002000115,Población de 90 a 94 años,2020,523,Personas
23,Quintana Roo,005,Benito Juárez,1002000116,Población de 90 a 94 años. Hombres,2020,180,Número de personas
23,Quintana Roo,005,Benito Juárez,1002000117,Población de 90 a 94 años. Mujeres,2020,343,Número de personas
23,Quintana Roo,005,Benito Juárez,1002000118,Población de 95 a 99 años,2020,168,Personas
23,Quintana Roo,005,Benito Juárez,1002000119,Población de 95 a 99 años. Hombres,2020,59,Número de personas
23,Quintana Roo,005,Benito Juárez,1002000120,Población de 95 a 99 años. Mujeres,2020,109,Número de personas
23,Quintana Roo,005,Benito Juárez,1002000127,Relación de dependencia,2020,38.0876222076658,Personas dependientes por cada 100 personas en edad de trabajar
23,Quintana Roo,005,Benito Juárez,1003000001,Total de viviendas particulares habitadas,2020,287053,Viviendas
23,Quintana Roo,005,Benito Juárez,1003000011,Viviendas particulares habitadas,2020,249998,Número de Viviendas
23,Quintana Roo,005,Benito Juárez,1003000015,Promedio de ocupantes en viviendas particulares habitadas,2020,3.16854657570558,Promedio
23,Quintana Roo,005,Benito Juárez,1003000017,Viviendas particulares habitadas que disponen de energía eléctrica,2020,282670,Viviendas
23,Quintana Roo,005,Benito Juárez,1003000018,Viviendas particulares habitadas que disponen de agua de la red pública en el ámbito de la vivienda,2020,279681,Viviendas
23,Quintana Roo,005,Benito Juárez,1003000019,Viviendas particulares habitadas que disponen de drenaje,2020,282171,Viviendas
23,Quintana Roo,005,Benito Juárez,1003000020,Viviendas particulares habitadas que disponen de excusado o sanitario,2020,283470,Viviendas
23,Quintana Roo,005,Benito Juárez,1003000023,Viviendas particulares habitadas que disponen de lavadora,2020,221967,Viviendas
23,Quintana Roo,005,Benito Juárez,1003000024,Viviendas particulares habitadas que disponen de computadora,2020,117702,Viviendas
23,Quintana Roo,005,Benito Juárez,1004000001,Población derechohabiente a servicios de salud,2020,661516,Personas
23,Quintana Roo,005,Benito Juárez,1005000012,Población de 5 años y más que asiste a la escuela,2020,208770,Personas
23,Quintana Roo,005,Benito Juárez,1005000038,Grado promedio de escolaridad de la población de 15 y más años,2020,10.5625167808739,Años de escolaridad
23,Quintana Roo,005,Benito Juárez,1005000039,Población de 5 años y más hablante de lengua indígena,2020,59953,Personas
23,Quintana Roo,005,Benito Juárez,3104003001,Porcentaje de población inmigrante (migración reciente),2020,12.7175675708531,Porcentaje
23,Quintana Roo,005,Benito Juárez,3105001001,Densidad de población,2020,979.396853471838,Habitantes por kilómetro cuadrado
23,Quintana Roo,005,Benito Juárez,3105004001,Porcentaje de población en localidades de menos de 2 500 habitantes,2020,0.32002088857634,Porcentaje
23,Quintana Roo,005,Benito Juárez,3108001001,Porcentaje de analfabetas total,2020,1.86142874565168,Porcentaje
23,Quintana Roo,005,Benito Juárez,3108001002,Porcentaje de analfabetas hombres,2020,1.36384269981293,Porcentaje
23,Quintana Roo,005,Benito Juárez,3108001003,Porcentaje de analfabetas mujeres,2020,2.3632954323425,Porcentaje
23,Quintana Roo,005,Benito Juárez,3114004001,Porcentaje de viviendas con piso de tierra,2020,1.29779991350326,Porcentaje
23,Quintana Roo,005,Benito Juárez,3114006001,Porcentaje de viviendas con electricidad,2020,98.5888475006627,Porcentaje
23,Quintana Roo,005,Benito Juárez,6200031290,Porcentaje de viviendas particulares habitadas con disponibilidad de drenaje,2020,98.414807684259,Porcentaje
23,Quintana Roo,005,Benito Juárez,6200031291,Porcentaje de viviendas particulares habitadas con disponibilidad de excusado,2020,98.8678692504081,Porcentaje
23,Quintana Roo,005,Benito Juárez,6200108938,Porcentaje de viviendas con techos de materiales resistentes,2020,96.7100315700372,Porcentaje
23,Quintana Roo,005,Benito Juárez,6200205238,Población de 8 a 14 años que sabe leer y escribir,2020,99329,Personas
23,Quintana Roo,005,Benito Juárez,6200205244,Viviendas que son cuarto de azotea,2020,15,Viviendas
23,Quintana Roo,005,Benito Juárez,6200205245,Viviendas móviles,2020,11,Viviendas
23,Quintana Roo,005,Benito Juárez,6200205246,Viviendas que son departamento en edificio o vivienda en vecindad,2020,56360,Viviendas
23,Quintana Roo,005,Benito Juárez,6200205247,Viviendas que son refugio,2020,19,Viviendas
23,Quintana Roo,005,Benito Juárez,6200205248,Viviendas colectivas,2020,64,Viviendas
23,Quintana Roo,005,Benito Juárez,6200205249,Viviendas que son casa independiente o local no construido para habitación,2020,195400,Viviendas
23,Quintana Roo,005,Benito Juárez,6200205251,Promedio de hijos nacidos vivos de las mujeres de 12 años y más casada sólo religiosamente,2020,2.38068556361239,Promedio
23,Quintana Roo,005,Benito Juárez,6200205252,Población de 5 años y más inmigrante,2020,94663,Personas
23,Quintana Roo,005,Benito Juárez,6200205253,Población total sin limitación en la actividad,2020,778916,Personas
23,Quintana Roo,005,Benito Juárez,6200205254,Población total que no especificó limitación en la actividad,2020,10818,Personas
23,Quintana Roo,005,Benito Juárez,6200205255,Porcentaje de la población migrante internacional destino otro país,2020,42.8606597735106,Porcentaje
23,Quintana Roo,005,Benito Juárez,6200205256,Población de 5 años y más con religión no especificada,2020,2560,Personas
23,Quintana Roo,005,Benito Juárez,6200205257,Población de 5 años y más católica,2020,468316,Personas
23,Quintana Roo,005,Benito Juárez,6200205258,Promedio de hijos nacidos vivos de las mujeres de 12 años y más solteras,2020,0.310572808076374,Promedio
23,Quintana Roo,005,Benito Juárez,6200205259,Población nacida en otro país residente en México,2020,20255,Personas
23,Quintana Roo,005,Benito Juárez,6200205260,Población con limitación en la actividad para escuchar,2020,12013,Personas
23,Quintana Roo,005,Benito Juárez,6200205261,Población con limitación en la actividad para hablar o comunicarse,2020,5159,Personas
23,Quintana Roo,005,Benito Juárez,6200205263,Población con limitación en la actividad para caminar o moverse,2020,18832,Personas
23,Quintana Roo,005,Benito Juárez,6200205264,Porcentaje de la población migrante internacional destino no especificado,2020,11.176760216642,Porcentaje
23,Quintana Roo,005,Benito Juárez,6200205265,Promedio de hijos nacidos vivos de las mujeres de 12 años y más que no especificó estado conyugal,2020,0.571428571428571,Promedio
23,Quintana Roo,005,Benito Juárez,6200205266,Promedio de hijos nacidos vivos de las mujeres de 12 años y más casada civil y religiosamente,2020,2.44115327315748,Promedio
23,Quintana Roo,005,Benito Juárez,6200205267,Promedio de hijos nacidos vivos de las mujeres de 12 años y más separadas,2020,2.49820977650473,Promedio
23,Quintana Roo,005,Benito Juárez,6200205268,Población nacida en otro país residente en México hombres,2020,9746,Personas
23,Quintana Roo,005,Benito Juárez,6200205269,Población con limitación en la actividad para atender el cuidado personal,2020,3196,Personas
23,Quintana Roo,005,Benito Juárez,6200205270,Población con limitación en la actividad para poner atención o aprender,2020,12769,Personas
23,Quintana Roo,005,Benito Juárez,6200205271,Población con limitación en la actividad,2020,84373,Personas
23,Quintana Roo,005,Benito Juárez,6200205272,Porcentaje de población nacida en otro país residente en México,2020,2.22215395890085,Porcentaje
23,Quintana Roo,005,Benito Juárez,6200205273,Población de 5 años y más con religión distinta de católica,2020,180776,Personas
23,Quintana Roo,005,Benito Juárez,6200205274,Porcentaje de población masculina nacida en otro país residente en México,2020,2.12180917650901,Porcentaje
23,Quintana Roo,005,Benito Juárez,6200205275,Promedio de hijos nacidos vivos de las mujeres de 12 años y más divorciadas,2020,2.30195456946646,Promedio
23,Quintana Roo,005,Benito Juárez,6200205276,Promedio de hijos nacidos vivos de las mujeres de 12 años y más en unión libre,2020,1.78367080204141,Promedio
23,Quintana Roo,005,Benito Juárez,6200205277,Población de 5 años y más emigrante,2020,44380,Personas
23,Quintana Roo,005,Benito Juárez,6200205279,Promedio de hijos nacidos vivos de las mujeres de 12 años y más casada sólo por lo civil,2020,2.16871138954146,Promedio
23,Quintana Roo,005,Benito Juárez,6200205280,Población con limitación en la actividad para ver,2020,59483,Personas
23,Quintana Roo,005,Benito Juárez,6200205282,Porcentaje de población femenina nacida en otro país residente en México,2020,2.32408476308003,Porcentaje
23,Quintana Roo,005,Benito Juárez,6200205283,Promedio de hijos nacidos vivos de las mujeres de 12 años y más viudas,2020,3.95914486195816,Promedio
23,Quintana Roo,005,Benito Juárez,6200205284,Población nacida en otro país residente en México mujeres,2020,10509,Personas
23,Quintana Roo,005,Benito Juárez,6200205285,Porcentaje de la población migrante internacional destino Estados Unidos de América,2020,45.9625800098474,Porcentaje
23,Quintana Roo,005,Benito Juárez,6200205286,Población con limitación en la actividad mental,2020,9998,Personas
23,Quintana Roo,005,Benito Juárez,6200205288,Índice de masculinidad de la población nacida en otro país residente en México,2020,92.7395565705586,Índice
23,Quintana Roo,005,Benito Juárez,6200205289,Población de 5 años y más sin religión,2020,183441,Personas
23,Quintana Roo,005,Benito Juárez,6200240300,Porcentaje de hombres de 0 a 4 años,2020,3.80555915762547,Porcentaje
23,Quintana Roo,005,Benito Juárez,6200240301,Población católica,2020,501.56,Miles DE personas
23,Quintana Roo,005,Benito Juárez,6200240302,Porcentaje de la población de 60 a 84 años con limitación en la actividad,2020,28.4586709602898,Porcentaje
23,Quintana Roo,005,Benito Juárez,6200240304,Tasa de monolingüismo de la población de 5 años y más hablante de Tojolabal,2020,0,Porcentaje
23,Quintana Roo,005,Benito Juárez,6200240305,Porcentaje de la población que profesa la religión católica,2020,55.025600573997,Porcentaje
23,Quintana Roo,005,Benito Juárez,6200240310,Porcentaje de mujeres de 75 a 79 años,2020,0.316871319654334,Porcentaje
23,Quintana Roo,005,Benito Juárez,6200240311,Porcentaje de hombres de 10 a 14 años,2020,4.16765030883593,Porcentaje
23,Quintana Roo,005,Benito Juárez,6200240312,Porcentaje de mujeres de 5 a 9 años,2020,3.98134016950787,Porcentaje
23,Quintana Roo,005,Benito Juárez,6200240314,Porcentaje de la población de 15 años y más con instrucción media superior,2020,30.2339525996992,Porcentaje
23,Quintana Roo,005,Benito Juárez,6200240315,Porcentaje de la población con limitación mental,2020,1.15696970678837,Porcentaje
23,Quintana Roo,005,Benito Juárez,6200240316,Tasa de monolingüismo de la población de 5 años y más hablante de Maya,2020,0.99147458162298,Porcentaje
23,Quintana Roo,005,Benito Juárez,6200240318,Población de 5 años y más hablante de Tzeltal  (Tseltal),2020,2861,Personas
23,Quintana Roo,005,Benito Juárez,6200240319,Tasa de monolingüismo de la población de 5 años y más hablante de Mazateco,2020,0,Porcentaje
23,Quintana Roo,005,Benito Juárez,6200240320,Población de 5 años y más hablante de Lenguas chinantecas,2020,62,Personas
23,Quintana Roo,005,Benito Juárez,6200240323,Porcentaje de la población derechohabiente en el Seguro popular,2020,15.7634887138028,Porcentaje
23,Quintana Roo,005,Benito Juárez,6200240325,Tasa de monolingüismo de la población de 5 años y más hablante de Náhuatl,2020,0.67264573991031,Porcentaje
23,Quintana Roo,005,Benito Juárez,6200240326,Población de 5 años y más hablante de Lenguas zapotecas,2020,632,Personas
23,Quintana Roo,005,Benito Juárez,6200240328,Porcentaje de mujeres de 55 a 59 años,2020,1.88593297489967,Porcentaje
23,Quintana Roo,005,Benito Juárez,6200240330,Porcentaje de hombres de 75 a 79 años,2020,0.267772335881382,Porcentaje
23,Quintana Roo,005,Benito Juárez,6200240331,Población de 5 años y más hablante de Maya,2020,47505,Personas
23,Quintana Roo,005,Benito Juárez,6200240332,Población de 5 años y más hablante de Otomí,2020,58,Personas
23,Quintana Roo,005,Benito Juárez,6200240334,Población de 5 años y más hablante de Tojolabal,2020,63,Personas
23,Quintana Roo,005,Benito Juárez,6200240341,Porcentaje de mujeres de 40 a 44 años,2020,3.84678900404429,Porcentaje
23,Quintana Roo,005,Benito Juárez,6200240342,Porcentaje de mujeres de 70 a 74 años,2020,0.561479575155249,Porcentaje
23,Quintana Roo,005,Benito Juárez,6200240343,Porcentaje de hombres de 15 a 19 años,2020,3.96150107674182,Porcentaje
23,Quintana Roo,005,Benito Juárez,6200240344,Porcentaje de mujeres de 85 años y más,2020,0.149291943887509,Porcentaje
23,Quintana Roo,005,Benito Juárez,6200240345,Población de 5 años y más hablante de Mixe,2020,374,Personas
23,Quintana Roo,005,Benito Juárez,6200240354,Porcentaje de mujeres de 10 a 14 años,2020,3.97779351605249,Porcentaje
23,Quintana Roo,005,Benito Juárez,6200240356,Porcentaje de mujeres de 20 a 24 años,2020,4.5647646629183,Porcentaje
23,Quintana Roo,005,Benito Juárez,6200240357,Porcentaje de hombres de 35 a 39 años,2020,4.54525806891369,Porcentaje
23,Quintana Roo,005,Benito Juárez,6200240358,Porcentaje de la población de 0 a 14 años con limitación en la actividad,2020,3.92810803468127,Porcentaje
23,Quintana Roo,005,Benito Juárez,6200240361,Población de 5 años y más hablante de Mazahua,2020,37,Personas
23,Quintana Roo,005,Benito Juárez,6200240364,Tasa de monolingüismo de la población de 5 años y más hablante de Chatino,2020,0,Porcentaje
23,Quintana Roo,005,Benito Juárez,6200240365,Porcentaje de la población de 15 años y más con instrucción superior,2020,23.3477841724112,Porcentaje
23,Quintana Roo,005,Benito Juárez,6200240366,Tasa de monolingüismo de la población de 5 años y más hablante de Lenguas mixtecas,2020,3.59712230215827,Porcentaje
23,Quintana Roo,005,Benito Juárez,6200240367,Porcentaje de la población con limitación para hablar o comunicarse,2020,5.28064284000959,Porcentaje
23,Quintana Roo,005,Benito Juárez,6200240368,Porcentaje de la población de 15 años y más con instrucción no especificada,2020,0.3761767319229,Porcentaje
23,Quintana Roo,005,Benito Juárez,6200240377,Porcentaje de mujeres de 45 a 49 años,2020,3.39015737166379,Porcentaje
23,Quintana Roo,005,Benito Juárez,6200240378,Porcentaje de mujeres de 0 a 4 años,2020,3.63864477938153,Porcentaje
23,Quintana Roo,005,Benito Juárez,6200240379,Porcentaje de mujeres de 80 a 84 años,2020,0.200718418990556,Porcentaje
23,Quintana Roo,005,Benito Juárez,6200240381,Tasa de monolingüismo de la población de 5 años y más hablante de Tzotzil (Tsotsil),2020,0.82389289392379,Porcentaje
23,Quintana Roo,005,Benito Juárez,6200240384,Porcentaje de mujeres de 15 a 19 años,2020,3.87405390248255,Porcentaje
23,Quintana Roo,005,Benito Juárez,6200240386,Población de 5 años y más hablante de Lenguas mixtecas,2020,139,Personas
23,Quintana Roo,005,Benito Juárez,6200240388,Porcentaje de hombres de 65 a 69 años,2020,0.813070304646449,Porcentaje
23,Quintana Roo,005,Benito Juárez,6200240389,Tasa de crecimiento promedio anual de las viviendas particulares habitadas,2020,4.40310889960307,Tasa
23,Quintana Roo,005,Benito Juárez,6200240390,Porcentaje de la población con discapacidad por accidente,2020,12.7963194011229,Porcentaje
23,Quintana Roo,005,Benito Juárez,6200240395,"Viviendas, de cada cien que cuentan con electricidad, agua y drenaje",2020,96.9202974371852,Porcentaje
23,Quintana Roo,005,Benito Juárez,6200240396,Porcentaje de la población de 30 a 59 años con limitación en la actividad,2020,11.5674294136709,Porcentaje
23,Quintana Roo,005,Benito Juárez,6200240397,Tasa de monolingüismo de la población de 5 años y más hablante de Chol (Ch''ol),2020,0.84897229669347,Porcentaje
23,Quintana Roo,005,Benito Juárez,6200240398,Tasa de monolingüismo de la población de 5 años y más hablante de Totonaca (Totonaco),2020,0,Porcentaje
23,Quintana Roo,005,Benito Juárez,6200240407,Índice de envejecimiento,2020,27.7829563392619,Porcentaje
23,Quintana Roo,005,Benito Juárez,6200240410,Porcentaje de hombres de 60 a 64 años,2020,1.2935310149303,Porcentaje
23,Quintana Roo,005,Benito Juárez,6200240411,Porcentaje de hombres de 85 años y más,2020,0.0916588252375426,Porcentaje
23,Quintana Roo,005,Benito Juárez,6200240413,Tasa de monolingüismo de la población de 5 años y más hablante de Huasteco,2020,0,Porcentaje
23,Quintana Roo,005,Benito Juárez,6200240414,"Porcentaje de la población derechohabiente en PEMEX, SDN o SM",2020,0.28253284878975,Porcentaje
23,Quintana Roo,005,Benito Juárez,6200240416,Porcentaje de la población usuaria de servicios de salud en instituciones de servicios médicos privados,2020,2.98707816590982,Porcentaje
23,Quintana Roo,005,Benito Juárez,6200240421,Porcentaje de la población derechohabiente en el ISSSTE,2020,4.93351634729923,Porcentaje
23,Quintana Roo,005,Benito Juárez,6200240423,Porcentaje de hombres de 40 a 44 años,2020,3.88258803735956,Porcentaje
23,Quintana Roo,005,Benito Juárez,6200240424,Tasa de monolingüismo de la población de 5 años y más hablante de Mixe,2020,0.80213903743315,Porcentaje
23,Quintana Roo,005,Benito Juárez,6200240425,Porcentaje de hombres de 70 a 74 años,2020,0.481014874886258,Porcentaje
23,Quintana Roo,005,Benito Juárez,6200240426,Porcentaje de mujeres de 60 a 64 años,2020,1.35947660261632,Porcentaje
23,Quintana Roo,005,Benito Juárez,6200240427,Porcentaje de mujeres de 65 a 69 años,2020,0.900960810587647,Porcentaje
23,Quintana Roo,005,Benito Juárez,6200240428,Tasa de monolingüismo de la población de 5 años y más hablante de Otomí,2020,0,Porcentaje
23,Quintana Roo,005,Benito Juárez,6200240430,Porcentaje de la población con limitación para caminar y moverse,2020,22.3199364725682,Porcentaje
23,Quintana Roo,005,Benito Juárez,6200240431,Población de 5 años y más hablante de Purépecha (Tarasco),2020,19,Personas
23,Quintana Roo,005,Benito Juárez,6200240432,Tasa de monolingüismo de la población de 5 años y más hablante de Zoque,2020,0.47904191616766,Porcentaje
23,Quintana Roo,005,Benito Juárez,6200240433,Tasa de monolingüismo de la población de 5 años y más hablante de Lenguas zapotecas,2020,0.63291139240506,Porcentaje
23,Quintana Roo,005,Benito Juárez,6200240434,Población de 5 años y más hablante de Chatino,2020,3,Personas
23,Quintana Roo,005,Benito Juárez,6200240435,Porcentaje de la población con limitación para atender el cuidado personal,2020,3.78794164009814,Porcentaje
23,Quintana Roo,005,Benito Juárez,6200240443,Porcentaje de mujeres de 35 a 39 años,2020,4.43808263480885,Porcentaje
23,Quintana Roo,005,Benito Juárez,6200240444,Porcentaje de hombres de 55 a 59 años,2020,1.90654789810908,Porcentaje
23,Quintana Roo,005,Benito Juárez,6200240445,Porcentaje de hombres de 5 a 9 años,2020,4.09039976326088,Porcentaje
23,Quintana Roo,005,Benito Juárez,6200240447,Porcentaje de la población de 15 años y más sin instrucción,2020,2.80876690690098,Porcentaje
23,Quintana Roo,005,Benito Juárez,6200240449,Tasa de monolingüismo de la población de 5 años y más hablante de lengua indígena,2020,0.9490767768085,Porcentaje
23,Quintana Roo,005,Benito Juárez,6200240450,Porcentaje de la población con limitación para ver,2020,70.5000414824648,Porcentaje
23,Quintana Roo,005,Benito Juárez,6200240451,Población de 5 años y más hablante de Tarahumara,2020,13,Personas
23,Quintana Roo,005,Benito Juárez,6200240452,Población de 5 años y más hablante de Chol (Ch''ol),2020,2238,Personas
23,Quintana Roo,005,Benito Juárez,6200240453,Población de 5 años y más hablante de Totonaca (Totonaco),2020,80,Personas
23,Quintana Roo,005,Benito Juárez,6200240454,Tasa de monolingüismo de la población de 5 años y más hablante de Mazahua,2020,0,Porcentaje
23,Quintana Roo,005,Benito Juárez,6200240458,Porcentaje de la población con discapacidad por edad avanzada,2020,17.4672489082969,Porcentaje
23,Quintana Roo,005,Benito Juárez,6200240459,Porcentaje de la población con discapacidad por nacimiento,2020,19.9079850280724,Porcentaje
23,Quintana Roo,005,Benito Juárez,6200240466,Población de 5 años y más hablante de Tlapaneco,2020,15,Personas
23,Quintana Roo,005,Benito Juárez,6200240471,Porcentaje de la población derechohabiente en el IMSS,2020,76.1769934514056,Porcentaje
23,Quintana Roo,005,Benito Juárez,6200240475,Porcentaje de hombres de 80 a 84 años,2020,0.137986985998477,Porcentaje
23,Quintana Roo,005,Benito Juárez,6200240477,Porcentaje de la población de 85 y más con limitación en la actividad,2020,27.736890524379,Porcentaje
23,Quintana Roo,005,Benito Juárez,6200240478,Porcentaje de la población con limitación para escuchar,2020,14.2379671221836,Porcentaje
23,Quintana Roo,005,Benito Juárez,6200240479,Porcentaje de la población con limitación para poner atención o aprender,2020,15.1339883612056,Porcentaje
23,Quintana Roo,005,Benito Juárez,6200240480,Población de 5 años y más hablante de Huasteco,2020,9,Personas
23,Quintana Roo,005,Benito Juárez,6200240481,Población de 5 años y más hablante de Tzotzil (Tsotsil),2020,1942,Personas
23,Quintana Roo,005,Benito Juárez,6200240486,Porcentaje de hombres de 25 a 29 años,2020,5.25569708919501,Porcentaje
23,Quintana Roo,005,Benito Juárez,6200240488,Porcentaje de la población de 15 a 29 años con limitación en la actividad,2020,6.02008857123177,Porcentaje
23,Quintana Roo,005,Benito Juárez,6200240493,Porcentaje de la población de 5 años y más hablante de lengua indígena,2020,7.17920040043444,Porcentaje
23,Quintana Roo,005,Benito Juárez,6200240495,Porcentaje de la población con discapacidad por otra causa,2020,17.5725202744853,Porcentaje
23,Quintana Roo,005,Benito Juárez,6200240496,Población de 5 años y más hablante de Náhuatl,2020,892,Personas
23,Quintana Roo,005,Benito Juárez,6200240497,Población no católica,2020,183863,Miles DE personas
23,Quintana Roo,005,Benito Juárez,6200240499,Porcentaje de la población que profesa la religión protestante y evangélica,2020,19.8954912929524,Porcentaje
23,Quintana Roo,005,Benito Juárez,6200240507,Porcentaje de mujeres de 50 a 54 años,2020,2.73823813339629,Porcentaje
23,Quintana Roo,005,Benito Juárez,6200240509,Tasa de monolingüismo de la población de 5 años y más hablante de Tarahumara,2020,0,Porcentaje
23,Quintana Roo,005,Benito Juárez,6200240518,Porcentaje de hombres de 30 a 34 años,2020,4.80072795062172,Porcentaje
23,Quintana Roo,005,Benito Juárez,6200240520,Porcentaje de hombres de 20 a 24 años,2020,4.61652363678279,Porcentaje
23,Quintana Roo,005,Benito Juárez,6200240521,Población de 5 años y más hablante de Zoque,2020,835,Personas
23,Quintana Roo,005,Benito Juárez,6200240522,Tasa de monolingüismo de la población de 5 años y más hablante de Purépecha (Tarasco),2020,0,Porcentaje
23,Quintana Roo,005,Benito Juárez,6200240532,Porcentaje de hombres de 45 a 49 años,2020,3.45255630589443,Porcentaje
23,Quintana Roo,005,Benito Juárez,6200240533,Porcentaje de hombres de 50 a 54 años,2020,2.82635030517845,Porcentaje
23,Quintana Roo,005,Benito Juárez,6200240534,Tasa de monolingüismo de la población de 5 años y más hablante de Resto de lenguas,2020,0.92547491475888,Porcentaje
23,Quintana Roo,005,Benito Juárez,6200240535,Población de 5 años y más hablante de Mazateco,2020,123,Personas
23,Quintana Roo,005,Benito Juárez,6200240536,Tasa de monolingüismo de la población de 5 años y más hablante de Tlapaneco,2020,13.3333333333333,Porcentaje
23,Quintana Roo,005,Benito Juárez,6200240537,Tasa de monolingüismo de la población de 5 años y más hablante de Tzeltal (Tseltal),2020,0.69905627403005,Porcentaje
23,Quintana Roo,005,Benito Juárez,6200240538,Población de 5 años y más hablante del Resto de lenguas,2020,2053,Personas
23,Quintana Roo,005,Benito Juárez,6200240539,Tasa de monolingüismo de la población de 5 años y más hablante de Lenguas chinantecas,2020,0,Porcentaje
23,Quintana Roo,005,Benito Juárez,6200240540,Porcentaje de la población con discapacidad por enfermedad,2020,32.8914535246413,Porcentaje
23,Quintana Roo,005,Benito Juárez,6200240548,Porcentaje de mujeres de 25 a 29 años,2020,5.08180023696078,Porcentaje
23,Quintana Roo,005,Benito Juárez,6200240549,Porcentaje de mujeres de 30 a 34 años,2020,4.69721000289274,Porcentaje
23,Quintana Roo,005,Benito Juárez,6205370864,Porcentaje de población que se considera afrodescendiente,2020,2.32637742278413,Porcentaje
23,Quintana Roo,005,Benito Juárez,6207019007,Porcentaje de la población de 12 años y más viuda,2020,2.68498833148422,Porcentaje
23,Quintana Roo,005,Benito Juárez,6207019009,Porcentaje de la población de 12 años y más casada,2020,29.4411409458329,Porcentaje
23,Quintana Roo,005,Benito Juárez,6207019010,Porcentaje de población de 25 años y más alfabeta,2020,97.4355237689543,Porcentaje
23,Quintana Roo,005,Benito Juárez,6207019011,Porcentaje de la población de 12 años y más soltera,2020,33.0421214290789,Porcentaje
23,Quintana Roo,005,Benito Juárez,6207019012,Porcentaje de la población de 12 años y más separada,2020,5.8893212585601,Porcentaje
23,Quintana Roo,005,Benito Juárez,6207019016,Porcentaje de la población de 12 años y más divorciada,2020,2.1079843253849,Porcentaje
23,Quintana Roo,005,Benito Juárez,6207019017,Porcentaje de población afiliada a otra institución,2020,0.721373330350286,Porcentaje
23,Quintana Roo,005,Benito Juárez,6207019018,Porcentaje de población afiliada a servicios de salud,2020,72.5741988781167,Porcentaje
23,Quintana Roo,005,Benito Juárez,6207019019,Porcentaje de la población de 12 años y más en unión libre,2020,26.6544971607522,Porcentaje
23,Quintana Roo,005,Benito Juárez,6207019020,Porcentaje de población de 15 años y más sin escolaridad,2020,2.58082500450076,Porcentaje
23,Quintana Roo,005,Benito Juárez,6207019022,Porcentaje de viviendas particulares habitadas propias,2020,60.4640686475745,Porcentaje
23,Quintana Roo,005,Benito Juárez,6207019023,Porcentaje de hijos fallecidos de las mujeres de 15 a 49 años,2020,3.37719080756156,Porcentaje
23,Quintana Roo,005,Benito Juárez,6207019024,Porcentaje de la población de 3 a 5 años que asiste a la escuela,2020,50.5051662122844,Porcentaje
23,Quintana Roo,005,Benito Juárez,6207019026,Porcentaje de la población de 6 a 11 años que asiste a la escuela,2020,93.3853149930603,Porcentaje
23,Quintana Roo,005,Benito Juárez,6207019028,Porcentaje de la población de 12 a 14 años que asiste a la escuela,2020,91.2692521803674,Porcentaje
23,Quintana Roo,005,Benito Juárez,6207019029,Porcentaje de la población de 15 a 24 años que asiste a la escuela,2020,40.6530064610254,Porcentaje
23,Quintana Roo,005,Benito Juárez,6207019030,Porcentaje de población de 12 años y más económicamente activa,2020,68.6973618770188,Porcentaje
23,Quintana Roo,005,Benito Juárez,6207019031,Porcentaje de población de 15 años y más con escolaridad básica,2020,43.461261491466,Porcentaje
23,Quintana Roo,005,Benito Juárez,6207019034,Porcentaje de población de 3 años y más hablante de lengua indígena,2020,6.9524644912828,Porcentaje
23,Quintana Roo,005,Benito Juárez,6207019035,Porcentaje de la población de 12 años y más No Económicamente Activa,2020,30.9942559203371,Porcentaje
23,Quintana Roo,005,Benito Juárez,6207019036,Promedio de hijos nacidos vivos de las mujeres de 15 a 49 años EI2015,2020,1.35053616312447,Promedio
23,Quintana Roo,005,Benito Juárez,6207019039,Porcentaje de la población de 12 años y más económicamente activa ocupada,2020,98.1743687659735,Porcentaje
23,Quintana Roo,005,Benito Juárez,6207019040,Porcentaje de la población femenina de 12 años y más económicamente activa,2020,40.5879252563223,Porcentaje
23,Quintana Roo,005,Benito Juárez,6207019042,Porcentaje de viviendas particulares habitadas que disponen de Internet,2020,61.3181685012347,Porcentaje
23,Quintana Roo,005,Benito Juárez,6207019043,Porcentaje de la población masculina de 12 años y más económicamente activa,2020,59.4120747436777,Porcentaje
23,Quintana Roo,005,Benito Juárez,6207019046,Porcentaje de viviendas particulares habitadas que disponen de computadora,2020,41.0517724856653,Porcentaje
23,Quintana Roo,005,Benito Juárez,6207019047,Porcentaje de la población de 12 años y más no económicamente activa que estudia,2020,39.0999021345254,Porcentaje
23,Quintana Roo,005,Benito Juárez,6207019050,Porcentaje de viviendas particulares habitadas que disponen de teléfono fijo,2020,33.7630268279412,Porcentaje
23,Quintana Roo,005,Benito Juárez,6207019051,Porcentaje de la población de 12 años y más sin especificar su situación conyugal,2020,0.179946548906657,Porcentaje
23,Quintana Roo,005,Benito Juárez,6207019054,Porcentaje de la población femenina de 12 años y más económicamente activa ocupada,2020,98.5225657862498,Porcentaje
23,Quintana Roo,005,Benito Juárez,6207019055,Porcentaje de viviendas particulares habitadas que disponen de teléfono celular,2020,94.808800345987,Porcentaje
23,Quintana Roo,005,Benito Juárez,6207019056,Porcentaje de la población masculina de 12 años y más económicamente activa ocupada,2020,97.9364946520931,Porcentaje
23,Quintana Roo,005,Benito Juárez,6207019057,Porcentaje de viviendas particulares habitadas que disponen de televisión de paga,2020,46.3033105930607,Porcentaje
23,Quintana Roo,005,Benito Juárez,6207019058,Porcentaje de población de 3 años y más hablante de lengua indígena que no habla español,2020,0.967043941411451,Porcentaje
23,Quintana Roo,005,Benito Juárez,6207019059,Porcentaje de población de 12 años con condición de actividad económica no especificada,2020,0.308382202644135,Porcentaje
23,Quintana Roo,005,Benito Juárez,6207019060,Porcentaje de la población de 12 años y más no económicamente activa que es pensionada o jubilada,2020,5.69383094841343,Porcentaje
23,Quintana Roo,005,Benito Juárez,6207019063,Porcentaje de superficie en el ámbito geográfico de referencia respecto a la unidad geográfica superior,2020,2.08180946181138,Porcentaje
23,Quintana Roo,005,Benito Juárez,6207019064,Porcentaje de la población de 12 años y más no económicamente activa que se dedica a los quehaceres del hogar,2020,43.3385351918957,Porcentaje
23,Quintana Roo,005,Benito Juárez,6207019065,Porcentaje de la población de 12 años y más no económicamente activa que realiza otras actividades no económicas,2020,9.9977076555488,Porcentaje
23,Quintana Roo,005,Benito Juárez,6207019070,Porcentaje de la población de 12 años y más no económicamente activa con alguna limitación física o mental que les impide trabajar,2020,1.87002406961674,Porcentaje
23,Quintana Roo,005,Benito Juárez,6207020032,Porcentaje de hombres,2020,50.3920447875651,Porcentaje
23,Quintana Roo,005,Benito Juárez,6207020033,Porcentaje de mujeres,2020,49.6079552124348,Porcentaje
23,Quintana Roo,005,Benito Juárez,6207020035,Promedio de ocupantes por cuarto (Índice de hacinamiento),2020,1.0603574650761,Promedio
23,Quintana Roo,005,Benito Juárez,6207049066,Población de 6 a 14 años que sabe leer y escribir,2020,118172,Porcentaje
23,Quintana Roo,005,Benito Juárez,6207049067,Población de 6 a 14 años que no sabe leer y escribir,2020,12554,Porcentaje
23,Quintana Roo,005,Benito Juárez,6207049068,Porcentaje de la población de 3 años y más que asiste a la escuela,2020,25.287738065206,Porcentaje
23,Quintana Roo,005,Benito Juárez,6207049069,Porcentaje de la población de 3 años y más que no asiste a la escuela,2020,74.387088412482,Porcentaje
23,Quintana Roo,005,Benito Juárez,6207049070,Población de 6 a 14 años que no especificó si sabe o no leer y escribir,2020,1007,Porcentaje
23,Quintana Roo,005,Benito Juárez,6207049071,Porcentaje de la población de 3 años y más que no especificó si asiste o no a la escuela,2020,0.325173522311995,Porcentaje
23,Quintana Roo,005,Benito Juárez,6207051593,Porcentaje de población de 6 a 14 años que no asiste a la escuela,2020,7.11515,Porcentaje
23,Quintana Roo,005,Benito Juárez,6207068394,Porcentaje de viviendas con agua entubada dentro de la vivienda,2020,92.6408013504653,Porcentaje
23,Quintana Roo,005,Benito Juárez,6207129629,Porcentaje de la población nacional/estatal que representa,2020,49.0586845426632,Porcentaje
23,Quintana Roo,005,Benito Juárez,6207129630,Promedio de ocupantes por dormitorio,2020,1.8049520314611,Promedio
23,Quintana Roo,005,Benito Juárez,6207129631,Porcentaje de viviendas particulares habitadas que disponen de tinaco,2020,93.6330724479973,Porcentaje
23,Quintana Roo,005,Benito Juárez,6207129632,Porcentaje de viviendas particulares habitadas que disponen de cisterna o aljibe,2020,25.5256072210829,Porcentaje
23,Quintana Roo,005,Benito Juárez,6207129635,Porcentaje de viviendas particulares habitadas que disponen de Automóvil o camioneta,2020,40.6768370094449,Porcentaje
23,Quintana Roo,005,Benito Juárez,6207129636,Porcentaje de viviendas particulares habitadas que disponen de motocicleta o motoneta,2020,12.3655463943414,Porcentaje
23,Quintana Roo,005,Benito Juárez,6207129637,Porcentaje de viviendas particulares habitadas que disponen de bicicleta como medio de transporte,2020,18.3118486586029,Porcentaje
23,Quintana Roo,005,Benito Juárez,6207129638,Porcentaje de la población con algún tipo de  discapacidad,2020,3.48830448171866,Porcentaje
23,Quintana Roo,005,Benito Juárez,6207129639,Porcentaje de la población entre 0 y 17 años con algún tipo de  discapacidad,2020,2.28547838565728,Porcentaje
23,Quintana Roo,005,Benito Juárez,6207129640,Porcentaje de la población entre 18 y 29 años con algún tipo de  discapacidad,2020,1.79850351300565,Porcentaje
23,Quintana Roo,005,Benito Juárez,6207129641,Porcentaje de la población entre 30 y 59 años con algún tipo de  discapacidad,2020,3.09550191819199,Porcentaje
23,Quintana Roo,005,Benito Juárez,6207129642,Porcentaje de la población de 60 años y más con algún tipo de  discapacidad,2020,17.5829919241987,Porcentaje
23,Quintana Roo,005,Benito Juárez,6207129643,Porcentaje de la población de 5 y más años migrante según causa: Trabajo,2020,53.6855578347772,Porcentaje
23,Quintana Roo,005,Benito Juárez,6207129644,Porcentaje de la población de 5 y más años migrante según causa: Familiar,2020,34.9627884110058,Porcentaje
23,Quintana Roo,005,Benito Juárez,6207129645,Porcentaje de la población de 5 y más años migrante según causa: Educativa,2020,3.61774628307932,Porcentaje
23,Quintana Roo,005,Benito Juárez,6207129646,Porcentaje de la población de 5 y más años migrante según causa: Inseguridad delictiva o violencia,2020,2.61922118432875,Porcentaje
23,Quintana Roo,005,Benito Juárez,6207129647,Porcentaje de la población de 5 y más años migrante según causa: Otra causa,2020,3.64232797056979,Porcentaje
23,Quintana Roo,005,Benito Juárez,6207129648,Promedio de hijos nacidos vivos por grupo de edad: 15-19,2020,0.110297285652736,Promedio
23,Quintana Roo,005,Benito Juárez,6207129649,Promedio de hijos nacidos vivos por grupo de edad: 20-24,2020,0.586310176053766,Promedio
23,Quintana Roo,005,Benito Juárez,6207129650,Promedio de hijos nacidos vivos por grupo de edad: 25-29,2020,1.08652373660031,Promedio
23,Quintana Roo,005,Benito Juárez,6207129651,Promedio de hijos nacidos vivos por grupo de edad: 30-34,2020,1.54010366127849,Promedio
23,Quintana Roo,005,Benito Juárez,6207129652,Promedio de hijos nacidos vivos por grupo de edad: 35-39,2020,1.87972654880553,Promedio
23,Quintana Roo,005,Benito Juárez,6207129653,Promedio de hijos nacidos vivos por grupo de edad: 40-44,2020,2.1521161729892,Promedio
23,Quintana Roo,005,Benito Juárez,6207129654,Promedio de hijos nacidos vivos por grupo de edad: 45-49,2020,2.32409681962595,Promedio
23,Quintana Roo,005,Benito Juárez,6207129812,Porcentaje de viviendas particulares habitadas que disponen de refrigerador,2020,91.5899356854867,Porcentaje
23,Quintana Roo,005,Benito Juárez,6207129813,Porcentaje de viviendas particulares habitadas que disponen de lavadora,2020,77.4170259071695,Porcentaje
23,Quintana Roo,005,Benito Juárez,6207129818,Porcentaje de la población derechohabiente en Instituto de Salud para el Bienestar (IMSS-PROSPERA o IMSS-BIENESTAR),2020,0.531052914819899,Porcentaje
23,Quintana Roo,005,Benito Juárez,6207129822,Ubicación geográfica con la mayor cantidad de pobladores. Primer lugar,2020,230050001,No aplica
23,Quintana Roo,005,Benito Juárez,6207129825,Población de la ubicación geográfica con la mayor cantidad de pobladores. Primer lugar,2020,888797,Personas
23,Quintana Roo,005,Benito Juárez,6207129828,Lengua indígena más frecuente. Descripción. Primer lugar,2020,602,No aplica
23,Quintana Roo,005,Benito Juárez,6207129830,Lengua indígena más frecuente. Porcentaje. Primer lugar,2020,79.919989242251,Porcentaje
23,Quintana Roo,005,Benito Juárez,6207129840,Total de áreas geográficas,2020,160,Municipios
23,Quintana Roo,006,José María Morelos,1001000001,Superficie continental,2020,4850.00295697,Kilómetros cuadrados
23,Quintana Roo,006,José María Morelos,1002000001,Población total,2020,39165,Personas
23,Quintana Roo,006,José María Morelos,1002000002,Población total hombres,2020,19855,Personas
23,Quintana Roo,006,José María Morelos,1002000003,Población total mujeres,2020,19310,Personas
23,Quintana Roo,006,José María Morelos,1002000004,Porcentaje de población de 15 a 29 años,2020,26.5746773987479,Porcentaje
23,Quintana Roo,006,José María Morelos,1002000005,Porcentaje de hombres de 15 a 29 años,2020,26.3595584899955,Porcentaje
23,Quintana Roo,006,José María Morelos,1002000006,Porcentaje de mujeres de 15 a 29 años,2020,26.7958950969213,Porcentaje
23,Quintana Roo,006,José María Morelos,1002000007,Porcentaje de población de 60 y más años,2020,10.054938035007,Porcentaje
23,Quintana Roo,006,José María Morelos,1002000008,Porcentaje de hombres de 60 y más años,2020,11.1032710044857,Porcentaje
23,Quintana Roo,006,José María Morelos,1002000009,Porcentaje de mujeres de 60 y más años,2020,8.97688400539028,Porcentaje
23,Quintana Roo,006,José María Morelos,1002000010,Edad mediana,2020,25,Años
23,Quintana Roo,006,José María Morelos,1002000011,Edad mediana hombres,2020,25,Años
23,Quintana Roo,006,José María Morelos,1002000012,Edad mediana mujeres,2020,25,Años
23,Quintana Roo,006,José María Morelos,1002000013,Promedio de hijos nacidos vivos de las mujeres de 12 años y más,2020,2.60097407051722,Promedio
23,Quintana Roo,006,José María Morelos,1002000014,Población en hogares censales,2020,39099,Personas
23,Quintana Roo,006,José María Morelos,1002000015,Población en hogares familiares,2020,37807,Personas
23,Quintana Roo,006,José María Morelos,1002000016,Población en hogares no familiares,2020,1264,Personas
23,Quintana Roo,006,José María Morelos,1002000018,Hogares censales,2020,10426,Hogares
23,Quintana Roo,006,José María Morelos,1002000019,Hogares con jefatura masculina,2020,7747,Hogares
23,Quintana Roo,006,José María Morelos,1002000020,Hogares con jefatura femenina,2020,2679,Hogares
23,Quintana Roo,006,José María Morelos,1002000021,Tamaño promedio de los hogares censales,2020,3.7501438710915,Personas
23,Quintana Roo,006,José María Morelos,1002000022,Tamaño promedio de los hogares con jefe hombre,2020,3.85116819413967,Personas
23,Quintana Roo,006,José María Morelos,1002000023,Tamaño promedio de los hogares con jefe mujer,2020,3.45800671892497,Personas
23,Quintana Roo,006,José María Morelos,1002000024,Relación hombres-mujeres,2020,102.822371828068,Hombres por cada 100 mujeres
23,Quintana Roo,006,José María Morelos,1002000041,Porcentaje de personas de 15 años y más alfabetas,2020,89.7709641669745,Porcentaje
23,Quintana Roo,006,José María Morelos,1002000050,Tasa de alfabetización de las personas de 15 a 24 años,2020,98.7577639751553,Tasa
23,Quintana Roo,006,José María Morelos,1002000055,Población de edad no especificada,2020,30,Personas
23,Quintana Roo,006,José María Morelos,1002000056,Población de edad no especificada. Hombres,2020,14,Personas
23,Quintana Roo,006,José María Morelos,1002000057,Población de edad no especificada. Mujeres,2020,16,Personas
23,Quintana Roo,006,José María Morelos,1002000058,Población de 0 a 4 años,2020,4023,Personas
23,Quintana Roo,006,José María Morelos,1002000059,Población de 0 a 4 años. Hombres,2020,2023,Personas
23,Quintana Roo,006,José María Morelos,1002000060,Población de 0 a 4 años. Mujeres,2020,2000,Personas
23,Quintana Roo,006,José María Morelos,1002000061,Población de 10 a 14 años,2020,4087,Personas
23,Quintana Roo,006,José María Morelos,1002000062,Población de 10 a 14 años. Hombres,2020,2089,Personas
23,Quintana Roo,006,José María Morelos,1002000063,Población de 10 a 14 años. Mujeres,2020,1998,Personas
23,Quintana Roo,006,José María Morelos,1002000064,Población de 100 años y más,2020,7,Personas
23,Quintana Roo,006,José María Morelos,1002000065,Población de 100 años y más. Hombres,2020,7,Personas
23,Quintana Roo,006,José María Morelos,1002000066,Población de 100 años y más. Mujeres,2020,0,Personas
23,Quintana Roo,006,José María Morelos,1002000067,Población de 15 a 19 años,2020,4040,Personas
23,Quintana Roo,006,José María Morelos,1002000068,Población de 15 a 19 años. Hombres,2020,2047,Personas
23,Quintana Roo,006,José María Morelos,1002000069,Población de 15 a 19 años. Mujeres,2020,1993,Personas
23,Quintana Roo,006,José María Morelos,1002000070,Población de 20 a 24 años,2020,3366,Personas
23,Quintana Roo,006,José María Morelos,1002000071,Población de 20 a 24 años. Hombres,2020,1695,Personas
23,Quintana Roo,006,José María Morelos,1002000072,Población de 20 a 24 años. Mujeres,2020,1671,Personas
23,Quintana Roo,006,José María Morelos,1002000073,Población de 25 a 29 años,2020,2994,Personas
23,Quintana Roo,006,José María Morelos,1002000074,Población de 25 a 29 años. Hombres,2020,1488,Personas
23,Quintana Roo,006,José María Morelos,1002000075,Población de 25 a 29 años. Mujeres,2020,1506,Personas
23,Quintana Roo,006,José María Morelos,1002000076,Población de 30 a 34 años,2020,2742,Personas
23,Quintana Roo,006,José María Morelos,1002000077,Población de 30 a 34 años. Hombres,2020,1312,Personas
23,Quintana Roo,006,José María Morelos,1002000078,Población de 30 a 34 años. Mujeres,2020,1430,Personas
23,Quintana Roo,006,José María Morelos,1002000079,Población de 35 a 39 años,2020,2546,Personas
23,Quintana Roo,006,José María Morelos,1002000080,Población de 35 a 39 años. Hombres,2020,1253,Personas
23,Quintana Roo,006,José María Morelos,1002000081,Población de 35 a 39 años. Mujeres,2020,1293,Personas
23,Quintana Roo,006,José María Morelos,1002000082,Población de 40 a 44 años,2020,2254,Personas
23,Quintana Roo,006,José María Morelos,1002000083,Población de 40 a 44 años. Hombres,2020,1123,Personas
23,Quintana Roo,006,José María Morelos,1002000084,Población de 40 a 44 años. Mujeres,2020,1131,Personas
23,Quintana Roo,006,José María Morelos,1002000085,Población de 45 a 49 años,2020,2038,Personas
23,Quintana Roo,006,José María Morelos,1002000086,Población de 45 a 49 años. Hombres,2020,1037,Personas
23,Quintana Roo,006,José María Morelos,1002000087,Población de 45 a 49 años. Mujeres,2020,1001,Personas
23,Quintana Roo,006,José María Morelos,1002000088,Población de 5 a 9 años,2020,3955,Personas
23,Quintana Roo,006,José María Morelos,1002000089,Población de 5 a 9 años. Hombres,2020,2017,Personas
23,Quintana Roo,006,José María Morelos,1002000090,Población de 5 a 9 años. Mujeres,2020,1938,Personas
23,Quintana Roo,006,José María Morelos,1002000091,Población de 50 a 54 años,2020,1734,Personas
23,Quintana Roo,006,José María Morelos,1002000092,Población de 50 a 54 años. Hombres,2020,861,Personas
23,Quintana Roo,006,José María Morelos,1002000093,Población de 50 a 54 años. Mujeres,2020,873,Personas
23,Quintana Roo,006,José María Morelos,1002000094,Población de 55 a 59 años,2020,1421,Personas
23,Quintana Roo,006,José María Morelos,1002000095,Población de 55 a 59 años. Hombres,2020,693,Número de personas
23,Quintana Roo,006,José María Morelos,1002000096,Población de 55 a 59 años. Mujeres,2020,728,Número de personas
23,Quintana Roo,006,José María Morelos,1002000097,Población de 60 a 64 años,2020,1116,Personas
23,Quintana Roo,006,José María Morelos,1002000098,Población de 60 a 64 años. Hombres,2020,607,Número de personas
23,Quintana Roo,006,José María Morelos,1002000099,Población de 60 a 64 años. Mujeres,2020,509,Número de personas
23,Quintana Roo,006,José María Morelos,1002000100,Población de 65 a 69 años,2020,1026,Personas
23,Quintana Roo,006,José María Morelos,1002000101,Población de 65 a 69 años. Hombres,2020,557,Número de personas
23,Quintana Roo,006,José María Morelos,1002000102,Población de 65 a 69 años. Mujeres,2020,469,Número de personas
23,Quintana Roo,006,José María Morelos,1002000103,Población de 70 a 74 años,2020,740,Personas
23,Quintana Roo,006,José María Morelos,1002000104,Población de 70 a 74 años. Hombres,2020,421,Número de personas
23,Quintana Roo,006,José María Morelos,1002000105,Población de 70 a 74 años. Mujeres,2020,319,Número de personas
23,Quintana Roo,006,José María Morelos,1002000106,Población de 75 a 79 años,2020,466,Personas
23,Quintana Roo,006,José María Morelos,1002000107,Población de 75 a 79 años. Hombres,2020,263,Número de personas
23,Quintana Roo,006,José María Morelos,1002000108,Población de 75 a 79 años. Mujeres,2020,203,Número de personas
23,Quintana Roo,006,José María Morelos,1002000109,Población de 80 a 84 años,2020,315,Personas
23,Quintana Roo,006,José María Morelos,1002000110,Población de 80 a 84 años. Hombres,2020,190,Número de personas
23,Quintana Roo,006,José María Morelos,1002000111,Población de 80 a 84 años. Mujeres,2020,125,Número de personas
23,Quintana Roo,006,José María Morelos,1002000112,Población de 85 a 89 años,2020,184,Personas
23,Quintana Roo,006,José María Morelos,1002000113,Población de 85 a 89 años. Hombres,2020,110,Número de personas
23,Quintana Roo,006,José María Morelos,1002000114,Población de 85 a 89 años. Mujeres,2020,74,Número de personas
23,Quintana Roo,006,José María Morelos,1002000115,Población de 90 a 94 años,2020,57,Personas
23,Quintana Roo,006,José María Morelos,1002000116,Población de 90 a 94 años. Hombres,2020,34,Número de personas
23,Quintana Roo,006,José María Morelos,1002000117,Población de 90 a 94 años. Mujeres,2020,23,Número de personas
23,Quintana Roo,006,José María Morelos,1002000118,Población de 95 a 99 años,2020,24,Personas
23,Quintana Roo,006,José María Morelos,1002000119,Población de 95 a 99 años. Hombres,2020,14,Número de personas
23,Quintana Roo,006,José María Morelos,1002000120,Población de 95 a 99 años. Mujeres,2020,10,Número de personas
23,Quintana Roo,006,José María Morelos,1002000127,Relación de dependencia,2020,61.3747886685085,Personas dependientes por cada 100 personas en edad de trabajar
23,Quintana Roo,006,José María Morelos,1003000001,Total de viviendas particulares habitadas,2020,10426,Viviendas
23,Quintana Roo,006,José María Morelos,1003000011,Viviendas particulares habitadas,2020,10386,Número de Viviendas
23,Quintana Roo,006,José María Morelos,1003000015,Promedio de ocupantes en viviendas particulares habitadas,2020,3.75430992969277,Promedio
23,Quintana Roo,006,José María Morelos,1003000017,Viviendas particulares habitadas que disponen de energía eléctrica,2020,10057,Viviendas
23,Quintana Roo,006,José María Morelos,1003000018,Viviendas particulares habitadas que disponen de agua de la red pública en el ámbito de la vivienda,2020,9972,Viviendas
23,Quintana Roo,006,José María Morelos,1003000019,Viviendas particulares habitadas que disponen de drenaje,2020,8780,Viviendas
23,Quintana Roo,006,José María Morelos,1003000020,Viviendas particulares habitadas que disponen de excusado o sanitario,2020,8982,Viviendas
23,Quintana Roo,006,José María Morelos,1003000023,Viviendas particulares habitadas que disponen de lavadora,2020,6857,Viviendas
23,Quintana Roo,006,José María Morelos,1003000024,Viviendas particulares habitadas que disponen de computadora,2020,1575,Viviendas
23,Quintana Roo,006,José María Morelos,1004000001,Población derechohabiente a servicios de salud,2020,32941,Personas
23,Quintana Roo,006,José María Morelos,1005000012,Población de 5 años y más que asiste a la escuela,2020,11223,Personas
23,Quintana Roo,006,José María Morelos,1005000038,Grado promedio de escolaridad de la población de 15 y más años,2020,8.15477290365498,Años de escolaridad
23,Quintana Roo,006,José María Morelos,1005000039,Población de 5 años y más hablante de lengua indígena,2020,18157,Personas
23,Quintana Roo,006,José María Morelos,3104003001,Porcentaje de población inmigrante (migración reciente),2020,1.51221182378452,Porcentaje
23,Quintana Roo,006,José María Morelos,3105001001,Densidad de población,2020,8.075252808602,Habitantes por kilómetro cuadrado
23,Quintana Roo,006,José María Morelos,3105004001,Porcentaje de población en localidades de menos de 2 500 habitantes,2020,58.5318524192519,Porcentaje
23,Quintana Roo,006,José María Morelos,3108001001,Porcentaje de analfabetas total,2020,10.1884004432952,Porcentaje
23,Quintana Roo,006,José María Morelos,3108001002,Porcentaje de analfabetas hombres,2020,9.18903150525087,Porcentaje
23,Quintana Roo,006,José María Morelos,3108001003,Porcentaje de analfabetas mujeres,2020,11.2142536307831,Porcentaje
23,Quintana Roo,006,José María Morelos,3114004001,Porcentaje de viviendas con piso de tierra,2020,7.25223923721468,Porcentaje
23,Quintana Roo,006,José María Morelos,3114006001,Porcentaje de viviendas con electricidad,2020,96.8602523355485,Porcentaje
23,Quintana Roo,006,José María Morelos,6200031290,Porcentaje de viviendas particulares habitadas con disponibilidad de drenaje,2020,84.5613021284792,Porcentaje
23,Quintana Roo,006,José María Morelos,6200031291,Porcentaje de viviendas particulares habitadas con disponibilidad de excusado,2020,86.5067899451026,Porcentaje
23,Quintana Roo,006,José María Morelos,6200108938,Porcentaje de viviendas con techos de materiales resistentes,2020,64.9820491576913,Porcentaje
23,Quintana Roo,006,José María Morelos,6200205238,Población de 8 a 14 años que sabe leer y escribir,2020,5467,Personas
23,Quintana Roo,006,José María Morelos,6200205244,Viviendas que son cuarto de azotea,2020,0,Viviendas
23,Quintana Roo,006,José María Morelos,6200205245,Viviendas móviles,2020,0,Viviendas
23,Quintana Roo,006,José María Morelos,6200205246,Viviendas que son departamento en edificio o vivienda en vecindad,2020,10,Viviendas
23,Quintana Roo,006,José María Morelos,6200205247,Viviendas que son refugio,2020,4,Viviendas
23,Quintana Roo,006,José María Morelos,6200205248,Viviendas colectivas,2020,3,Viviendas
23,Quintana Roo,006,José María Morelos,6200205249,Viviendas que son casa independiente o local no construido para habitación,2020,9249,Viviendas
23,Quintana Roo,006,José María Morelos,6200205251,Promedio de hijos nacidos vivos de las mujeres de 12 años y más casada sólo religiosamente,2020,3.43601895734597,Promedio
23,Quintana Roo,006,José María Morelos,6200205252,Población de 5 años y más inmigrante,2020,1217,Personas
23,Quintana Roo,006,José María Morelos,6200205253,Población total sin limitación en la actividad,2020,32891,Personas
23,Quintana Roo,006,José María Morelos,6200205254,Población total que no especificó limitación en la actividad,2020,34,Personas
23,Quintana Roo,006,José María Morelos,6200205255,Porcentaje de la población migrante internacional destino otro país,2020,27.4509803921569,Porcentaje
23,Quintana Roo,006,José María Morelos,6200205256,Población de 5 años y más con religión no especificada,2020,38,Personas
23,Quintana Roo,006,José María Morelos,6200205257,Población de 5 años y más católica,2020,20189,Personas
23,Quintana Roo,006,José María Morelos,6200205258,Promedio de hijos nacidos vivos de las mujeres de 12 años y más solteras,2020,0.141903171953255,Promedio
23,Quintana Roo,006,José María Morelos,6200205259,Población nacida en otro país residente en México,2020,78,Personas
23,Quintana Roo,006,José María Morelos,6200205260,Población con limitación en la actividad para escuchar,2020,820,Personas
23,Quintana Roo,006,José María Morelos,6200205261,Población con limitación en la actividad para hablar o comunicarse,2020,305,Personas
23,Quintana Roo,006,José María Morelos,6200205263,Población con limitación en la actividad para caminar o moverse,2020,1301,Personas
23,Quintana Roo,006,José María Morelos,6200205264,Porcentaje de la población migrante internacional destino no especificado,2020,0,Porcentaje
23,Quintana Roo,006,José María Morelos,6200205265,Promedio de hijos nacidos vivos de las mujeres de 12 años y más que no especificó estado conyugal,2020,0,Promedio
23,Quintana Roo,006,José María Morelos,6200205266,Promedio de hijos nacidos vivos de las mujeres de 12 años y más casada civil y religiosamente,2020,4.13586187376168,Promedio
23,Quintana Roo,006,José María Morelos,6200205267,Promedio de hijos nacidos vivos de las mujeres de 12 años y más separadas,2020,3.36303630363036,Promedio
23,Quintana Roo,006,José María Morelos,6200205268,Población nacida en otro país residente en México hombres,2020,40,Personas
23,Quintana Roo,006,José María Morelos,6200205269,Población con limitación en la actividad para atender el cuidado personal,2020,185,Personas
23,Quintana Roo,006,José María Morelos,6200205270,Población con limitación en la actividad para poner atención o aprender,2020,765,Personas
23,Quintana Roo,006,José María Morelos,6200205271,Población con limitación en la actividad,2020,4102,Personas
23,Quintana Roo,006,José María Morelos,6200205272,Porcentaje de población nacida en otro país residente en México,2020,0.199157410953658,Porcentaje
23,Quintana Roo,006,José María Morelos,6200205273,Población de 5 años y más con religión distinta de católica,2020,11581,Personas
23,Quintana Roo,006,José María Morelos,6200205274,Porcentaje de población masculina nacida en otro país residente en México,2020,0.201460589272224,Porcentaje
23,Quintana Roo,006,José María Morelos,6200205275,Promedio de hijos nacidos vivos de las mujeres de 12 años y más divorciadas,2020,2.88495575221239,Promedio
23,Quintana Roo,006,José María Morelos,6200205276,Promedio de hijos nacidos vivos de las mujeres de 12 años y más en unión libre,2020,2.17791868705707,Promedio
23,Quintana Roo,006,José María Morelos,6200205277,Población de 5 años y más emigrante,2020,1052,Personas
23,Quintana Roo,006,José María Morelos,6200205279,Promedio de hijos nacidos vivos de las mujeres de 12 años y más casada sólo por lo civil,2020,3.64833400240867,Promedio
23,Quintana Roo,006,José María Morelos,6200205280,Población con limitación en la actividad para ver,2020,2558,Personas
23,Quintana Roo,006,José María Morelos,6200205282,Porcentaje de población femenina nacida en otro país residente en México,2020,0.196789228379078,Porcentaje
23,Quintana Roo,006,José María Morelos,6200205283,Promedio de hijos nacidos vivos de las mujeres de 12 años y más viudas,2020,6.25866666666667,Promedio
23,Quintana Roo,006,José María Morelos,6200205284,Población nacida en otro país residente en México mujeres,2020,38,Personas
23,Quintana Roo,006,José María Morelos,6200205285,Porcentaje de la población migrante internacional destino Estados Unidos de América,2020,72.5490196078431,Porcentaje
23,Quintana Roo,006,José María Morelos,6200205286,Población con limitación en la actividad mental,2020,470,Personas
23,Quintana Roo,006,José María Morelos,6200205288,Índice de masculinidad de la población nacida en otro país residente en México,2020,105.263157894737,Índice
23,Quintana Roo,006,José María Morelos,6200205289,Población de 5 años y más sin religión,2020,3304,Personas
23,Quintana Roo,006,José María Morelos,6200240300,Porcentaje de hombres de 0 a 4 años,2020,5.16928580554491,Porcentaje
23,Quintana Roo,006,José María Morelos,6200240301,Población católica,2020,22.405,Miles DE personas
23,Quintana Roo,006,José María Morelos,6200240302,Porcentaje de la población de 60 a 84 años con limitación en la actividad,2020,33.3333333333333,Porcentaje
23,Quintana Roo,006,José María Morelos,6200240304,Tasa de monolingüismo de la población de 5 años y más hablante de Tojolabal,2020,0,Porcentaje
23,Quintana Roo,006,José María Morelos,6200240305,Porcentaje de la población que profesa la religión católica,2020,57.2066896463679,Porcentaje
23,Quintana Roo,006,José María Morelos,6200240310,Porcentaje de mujeres de 75 a 79 años,2020,0.518717260764022,Porcentaje
23,Quintana Roo,006,José María Morelos,6200240311,Porcentaje de hombres de 10 a 14 años,2020,5.33793279672927,Porcentaje
23,Quintana Roo,006,José María Morelos,6200240312,Porcentaje de mujeres de 5 a 9 años,2020,4.95208892295899,Porcentaje
23,Quintana Roo,006,José María Morelos,6200240314,Porcentaje de la población de 15 años y más con instrucción media superior,2020,19.1909863317325,Porcentaje
23,Quintana Roo,006,José María Morelos,6200240315,Porcentaje de la población con limitación mental,2020,1.27863322269982,Porcentaje
23,Quintana Roo,006,José María Morelos,6200240316,Tasa de monolingüismo de la población de 5 años y más hablante de Maya,2020,4.08163265306122,Porcentaje
23,Quintana Roo,006,José María Morelos,6200240318,Población de 5 años y más hablante de Tzeltal  (Tseltal),2020,8,Personas
23,Quintana Roo,006,José María Morelos,6200240319,Tasa de monolingüismo de la población de 5 años y más hablante de Mazateco,2020,0,Porcentaje
23,Quintana Roo,006,José María Morelos,6200240320,Población de 5 años y más hablante de Lenguas chinantecas,2020,3,Personas
23,Quintana Roo,006,José María Morelos,6200240323,Porcentaje de la población derechohabiente en el Seguro popular,2020,85.8261740687897,Porcentaje
23,Quintana Roo,006,José María Morelos,6200240325,Tasa de monolingüismo de la población de 5 años y más hablante de Náhuatl,2020,0,Porcentaje
23,Quintana Roo,006,José María Morelos,6200240326,Población de 5 años y más hablante de Lenguas zapotecas,2020,3,Personas
23,Quintana Roo,006,José María Morelos,6200240328,Porcentaje de mujeres de 55 a 59 años,2020,1.86022741791235,Porcentaje
23,Quintana Roo,006,José María Morelos,6200240330,Porcentaje de hombres de 75 a 79 años,2020,0.67203270729526,Porcentaje
23,Quintana Roo,006,José María Morelos,6200240331,Población de 5 años y más hablante de Maya,2020,18081,Personas
23,Quintana Roo,006,José María Morelos,6200240332,Población de 5 años y más hablante de Otomí,2020,1,Personas
23,Quintana Roo,006,José María Morelos,6200240334,Población de 5 años y más hablante de Tojolabal,2020,1,Personas
23,Quintana Roo,006,José María Morelos,6200240341,Porcentaje de mujeres de 40 a 44 años,2020,2.88999616711384,Porcentaje
23,Quintana Roo,006,José María Morelos,6200240342,Porcentaje de mujeres de 70 a 74 años,2020,0.815127124057749,Porcentaje
23,Quintana Roo,006,José María Morelos,6200240343,Porcentaje de hombres de 15 a 19 años,2020,5.2306119841574,Porcentaje
23,Quintana Roo,006,José María Morelos,6200240344,Porcentaje de mujeres de 85 años y más,2020,0.273412546314041,Porcentaje
23,Quintana Roo,006,José María Morelos,6200240345,Población de 5 años y más hablante de Mixe,2020,2,Personas
23,Quintana Roo,006,José María Morelos,6200240354,Porcentaje de mujeres de 10 a 14 años,2020,5.10540436949023,Porcentaje
23,Quintana Roo,006,José María Morelos,6200240356,Porcentaje de mujeres de 20 a 24 años,2020,4.26983518589498,Porcentaje
23,Quintana Roo,006,José María Morelos,6200240357,Porcentaje de hombres de 35 a 39 años,2020,3.20173757506069,Porcentaje
23,Quintana Roo,006,José María Morelos,6200240358,Porcentaje de la población de 0 a 14 años con limitación en la actividad,2020,3.35681723995027,Porcentaje
23,Quintana Roo,006,José María Morelos,6200240361,Población de 5 años y más hablante de Mazahua,2020,0,Personas
23,Quintana Roo,006,José María Morelos,6200240364,Tasa de monolingüismo de la población de 5 años y más hablante de Chatino,2020,0,Porcentaje
23,Quintana Roo,006,José María Morelos,6200240365,Porcentaje de la población de 15 años y más con instrucción superior,2020,10.2179534540081,Porcentaje
23,Quintana Roo,006,José María Morelos,6200240366,Tasa de monolingüismo de la población de 5 años y más hablante de Lenguas mixtecas,2020,0,Porcentaje
23,Quintana Roo,006,José María Morelos,6200240367,Porcentaje de la población con limitación para hablar o comunicarse,2020,6.70776818742293,Porcentaje
23,Quintana Roo,006,José María Morelos,6200240368,Porcentaje de la población de 15 años y más con instrucción no especificada,2020,0.0406353897303288,Porcentaje
23,Quintana Roo,006,José María Morelos,6200240377,Porcentaje de mujeres de 45 a 49 años,2020,2.55781269962949,Porcentaje
23,Quintana Roo,006,José María Morelos,6200240378,Porcentaje de mujeres de 0 a 4 años,2020,5.1105148843746,Porcentaje
23,Quintana Roo,006,José María Morelos,6200240379,Porcentaje de mujeres de 80 a 84 años,2020,0.319407180273413,Porcentaje
23,Quintana Roo,006,José María Morelos,6200240381,Tasa de monolingüismo de la población de 5 años y más hablante de Tzotzil (Tsotsil),2020,0,Porcentaje
23,Quintana Roo,006,José María Morelos,6200240384,Porcentaje de mujeres de 15 a 19 años,2020,5.09262808227929,Porcentaje
23,Quintana Roo,006,José María Morelos,6200240386,Población de 5 años y más hablante de Lenguas mixtecas,2020,0,Personas
23,Quintana Roo,006,José María Morelos,6200240388,Porcentaje de hombres de 65 a 69 años,2020,1.42327839529833,Porcentaje
23,Quintana Roo,006,José María Morelos,6200240389,Tasa de crecimiento promedio anual de las viviendas particulares habitadas,2020,2.37094553583552,Tasa
23,Quintana Roo,006,José María Morelos,6200240390,Porcentaje de la población con discapacidad por accidente,2020,10.9857773418342,Porcentaje
23,Quintana Roo,006,José María Morelos,6200240395,"Viviendas, de cada cien que cuentan con electricidad, agua y drenaje",2020,82.8180679957623,Porcentaje
23,Quintana Roo,006,José María Morelos,6200240396,Porcentaje de la población de 30 a 59 años con limitación en la actividad,2020,15.1864939144091,Porcentaje
23,Quintana Roo,006,José María Morelos,6200240397,Tasa de monolingüismo de la población de 5 años y más hablante de Chol (Ch''ol),2020,0,Porcentaje
23,Quintana Roo,006,José María Morelos,6200240398,Tasa de monolingüismo de la población de 5 años y más hablante de Totonaca (Totonaco),2020,0,Porcentaje
23,Quintana Roo,006,José María Morelos,6200240407,Índice de envejecimiento,2020,32.6150020721094,Porcentaje
23,Quintana Roo,006,José María Morelos,6200240410,Porcentaje de hombres de 60 a 64 años,2020,1.55104126740769,Porcentaje
23,Quintana Roo,006,José María Morelos,6200240411,Porcentaje de hombres de 85 años y más,2020,0.421617477960905,Porcentaje
23,Quintana Roo,006,José María Morelos,6200240413,Tasa de monolingüismo de la población de 5 años y más hablante de Huasteco,2020,0,Porcentaje
23,Quintana Roo,006,José María Morelos,6200240414,"Porcentaje de la población derechohabiente en PEMEX, SDN o SM",2020,0.173036641267721,Porcentaje
23,Quintana Roo,006,José María Morelos,6200240416,Porcentaje de la población usuaria de servicios de salud en instituciones de servicios médicos privados,2020,0.13053641358793,Porcentaje
23,Quintana Roo,006,José María Morelos,6200240421,Porcentaje de la población derechohabiente en el ISSSTE,2020,9.24683525090313,Porcentaje
23,Quintana Roo,006,José María Morelos,6200240423,Porcentaje de hombres de 40 a 44 años,2020,2.86955410757634,Porcentaje
23,Quintana Roo,006,José María Morelos,6200240424,Tasa de monolingüismo de la población de 5 años y más hablante de Mixe,2020,0,Porcentaje
23,Quintana Roo,006,José María Morelos,6200240425,Porcentaje de hombres de 70 a 74 años,2020,1.07576338316085,Porcentaje
23,Quintana Roo,006,José María Morelos,6200240426,Porcentaje de mujeres de 60 a 64 años,2020,1.30062603807334,Porcentaje
23,Quintana Roo,006,José María Morelos,6200240427,Porcentaje de mujeres de 65 a 69 años,2020,1.19841574038584,Porcentaje
23,Quintana Roo,006,José María Morelos,6200240428,Tasa de monolingüismo de la población de 5 años y más hablante de Otomí,2020,0,Porcentaje
23,Quintana Roo,006,José María Morelos,6200240430,Porcentaje de la población con limitación para caminar y moverse,2020,31.7162359824476,Porcentaje
23,Quintana Roo,006,José María Morelos,6200240431,Población de 5 años y más hablante de Purépecha (Tarasco),2020,2,Personas
23,Quintana Roo,006,José María Morelos,6200240432,Tasa de monolingüismo de la población de 5 años y más hablante de Zoque,2020,0,Porcentaje
23,Quintana Roo,006,José María Morelos,6200240433,Tasa de monolingüismo de la población de 5 años y más hablante de Lenguas zapotecas,2020,0,Porcentaje
23,Quintana Roo,006,José María Morelos,6200240434,Población de 5 años y más hablante de Chatino,2020,0,Personas
23,Quintana Roo,006,José María Morelos,6200240435,Porcentaje de la población con limitación para atender el cuidado personal,2020,4.5099951243296,Porcentaje
23,Quintana Roo,006,José María Morelos,6200240443,Porcentaje de mujeres de 35 a 39 años,2020,3.30394787274818,Porcentaje
23,Quintana Roo,006,José María Morelos,6200240444,Porcentaje de hombres de 55 a 59 años,2020,1.7707934074358,Porcentaje
23,Quintana Roo,006,José María Morelos,6200240445,Porcentaje de hombres de 5 a 9 años,2020,5.15395426089178,Porcentaje
23,Quintana Roo,006,José María Morelos,6200240447,Porcentaje de la población de 15 años y más sin instrucción,2020,8.54082009604728,Porcentaje
23,Quintana Roo,006,José María Morelos,6200240449,Tasa de monolingüismo de la población de 5 años y más hablante de lengua indígena,2020,4.07556314369113,Porcentaje
23,Quintana Roo,006,José María Morelos,6200240450,Porcentaje de la población con limitación para ver,2020,62.3598244758654,Porcentaje
23,Quintana Roo,006,José María Morelos,6200240451,Población de 5 años y más hablante de Tarahumara,2020,0,Personas
23,Quintana Roo,006,José María Morelos,6200240452,Población de 5 años y más hablante de Chol (Ch''ol),2020,19,Personas
23,Quintana Roo,006,José María Morelos,6200240453,Población de 5 años y más hablante de Totonaca (Totonaco),2020,2,Personas
23,Quintana Roo,006,José María Morelos,6200240454,Tasa de monolingüismo de la población de 5 años y más hablante de Mazahua,2020,0,Porcentaje
23,Quintana Roo,006,José María Morelos,6200240458,Porcentaje de la población con discapacidad por edad avanzada,2020,26.679744973026,Porcentaje
23,Quintana Roo,006,José María Morelos,6200240459,Porcentaje de la población con discapacidad por nacimiento,2020,19.7155468366846,Porcentaje
23,Quintana Roo,006,José María Morelos,6200240466,Población de 5 años y más hablante de Tlapaneco,2020,1,Personas
23,Quintana Roo,006,José María Morelos,6200240471,Porcentaje de la población derechohabiente en el IMSS,2020,4.68716796697125,Porcentaje
23,Quintana Roo,006,José María Morelos,6200240475,Porcentaje de hombres de 80 a 84 años,2020,0.485498914015587,Porcentaje
23,Quintana Roo,006,José María Morelos,6200240477,Porcentaje de la población de 85 y más con limitación en la actividad,2020,24.6323529411765,Porcentaje
23,Quintana Roo,006,José María Morelos,6200240478,Porcentaje de la población con limitación para escuchar,2020,19.9902486591906,Porcentaje
23,Quintana Roo,006,José María Morelos,6200240479,Porcentaje de la población con limitación para poner atención o aprender,2020,18.6494392979035,Porcentaje
23,Quintana Roo,006,José María Morelos,6200240480,Población de 5 años y más hablante de Huasteco,2020,0,Personas
23,Quintana Roo,006,José María Morelos,6200240481,Población de 5 años y más hablante de Tzotzil (Tsotsil),2020,7,Personas
23,Quintana Roo,006,José María Morelos,6200240486,Porcentaje de hombres de 25 a 29 años,2020,3.8022230739747,Porcentaje
23,Quintana Roo,006,José María Morelos,6200240488,Porcentaje de la población de 15 a 29 años con limitación en la actividad,2020,4.56730769230769,Porcentaje
23,Quintana Roo,006,José María Morelos,6200240493,Porcentaje de la población de 5 años y más hablante de lengua indígena,2020,51.711665527455,Porcentaje
23,Quintana Roo,006,José María Morelos,6200240495,Porcentaje de la población con discapacidad por otra causa,2020,8.1902893575282,Porcentaje
23,Quintana Roo,006,José María Morelos,6200240496,Población de 5 años y más hablante de Náhuatl,2020,3,Personas
23,Quintana Roo,006,José María Morelos,6200240497,Población no católica,2020,12487,Miles DE personas
23,Quintana Roo,006,José María Morelos,6200240499,Porcentaje de la población que profesa la religión protestante y evangélica,2020,31.8473126516022,Porcentaje
23,Quintana Roo,006,José María Morelos,6200240507,Porcentaje de mujeres de 50 a 54 años,2020,2.23073974702951,Porcentaje
23,Quintana Roo,006,José María Morelos,6200240509,Tasa de monolingüismo de la población de 5 años y más hablante de Tarahumara,2020,0,Porcentaje
23,Quintana Roo,006,José María Morelos,6200240518,Porcentaje de hombres de 30 a 34 años,2020,3.35249776414974,Porcentaje
23,Quintana Roo,006,José María Morelos,6200240520,Porcentaje de hombres de 20 a 24 años,2020,4.33116136450747,Porcentaje
23,Quintana Roo,006,José María Morelos,6200240521,Población de 5 años y más hablante de Zoque,2020,2,Personas
23,Quintana Roo,006,José María Morelos,6200240522,Tasa de monolingüismo de la población de 5 años y más hablante de Purépecha (Tarasco),2020,0,Porcentaje
23,Quintana Roo,006,José María Morelos,6200240532,Porcentaje de hombres de 45 a 49 años,2020,2.64980196754823,Porcentaje
23,Quintana Roo,006,José María Morelos,6200240533,Porcentaje de hombres de 50 a 54 años,2020,2.20007665772327,Porcentaje
23,Quintana Roo,006,José María Morelos,6200240534,Tasa de monolingüismo de la población de 5 años y más hablante de Resto de lenguas,2020,0,Porcentaje
23,Quintana Roo,006,José María Morelos,6200240535,Población de 5 años y más hablante de Mazateco,2020,0,Personas
23,Quintana Roo,006,José María Morelos,6200240536,Tasa de monolingüismo de la población de 5 años y más hablante de Tlapaneco,2020,0,Porcentaje
23,Quintana Roo,006,José María Morelos,6200240537,Tasa de monolingüismo de la población de 5 años y más hablante de Tzeltal (Tseltal),2020,12.5,Porcentaje
23,Quintana Roo,006,José María Morelos,6200240538,Población de 5 años y más hablante del Resto de lenguas,2020,22,Personas
23,Quintana Roo,006,José María Morelos,6200240539,Tasa de monolingüismo de la población de 5 años y más hablante de Lenguas chinantecas,2020,33.3333333333333,Porcentaje
23,Quintana Roo,006,José María Morelos,6200240540,Porcentaje de la población con discapacidad por enfermedad,2020,39.5782246199117,Porcentaje
23,Quintana Roo,006,José María Morelos,6200240548,Porcentaje de mujeres de 25 a 29 años,2020,3.84821770793407,Porcentaje
23,Quintana Roo,006,José María Morelos,6200240549,Porcentaje de mujeres de 30 a 34 años,2020,3.65401814232784,Porcentaje
23,Quintana Roo,006,José María Morelos,6205370864,Porcentaje de población que se considera afrodescendiente,2020,2.17285841950721,Porcentaje
23,Quintana Roo,006,José María Morelos,6207019007,Porcentaje de la población de 12 años y más viuda,2020,3.94643400628995,Porcentaje
23,Quintana Roo,006,José María Morelos,6207019009,Porcentaje de la población de 12 años y más casada,2020,42.0986777586149,Porcentaje
23,Quintana Roo,006,José María Morelos,6207019010,Porcentaje de población de 25 años y más alfabeta,2020,86.3862896663954,Porcentaje
23,Quintana Roo,006,José María Morelos,6207019011,Porcentaje de la población de 12 años y más soltera,2020,32.4507118460654,Porcentaje
23,Quintana Roo,006,José María Morelos,6207019012,Porcentaje de la población de 12 años y más separada,2020,3.10439281728721,Porcentaje
23,Quintana Roo,006,José María Morelos,6207019016,Porcentaje de la población de 12 años y más divorciada,2020,0.635758006154679,Porcentaje
23,Quintana Roo,006,José María Morelos,6207019017,Porcentaje de población afiliada a otra institución,2020,0.0212501138398956,Porcentaje
23,Quintana Roo,006,José María Morelos,6207019018,Porcentaje de población afiliada a servicios de salud,2020,84.1082599259543,Porcentaje
23,Quintana Roo,006,José María Morelos,6207019019,Porcentaje de la población de 12 años y más en unión libre,2020,17.7538804910216,Porcentaje
23,Quintana Roo,006,José María Morelos,6207019020,Porcentaje de población de 15 años y más sin escolaridad,2020,8.27484299963059,Porcentaje
23,Quintana Roo,006,José María Morelos,6207019022,Porcentaje de viviendas particulares habitadas propias,2020,86.2008653226549,Porcentaje
23,Quintana Roo,006,José María Morelos,6207019023,Porcentaje de hijos fallecidos de las mujeres de 15 a 49 años,2020,3.33995596842614,Porcentaje
23,Quintana Roo,006,José María Morelos,6207019024,Porcentaje de la población de 3 a 5 años que asiste a la escuela,2020,86.9170449855551,Porcentaje
23,Quintana Roo,006,José María Morelos,6207019026,Porcentaje de la población de 6 a 11 años que asiste a la escuela,2020,98.1738035264484,Porcentaje
23,Quintana Roo,006,José María Morelos,6207019028,Porcentaje de la población de 12 a 14 años que asiste a la escuela,2020,94.1623350659736,Porcentaje
23,Quintana Roo,006,José María Morelos,6207019029,Porcentaje de la población de 15 a 24 años que asiste a la escuela,2020,41.5068863083986,Porcentaje
23,Quintana Roo,006,José María Morelos,6207019030,Porcentaje de población de 12 años y más económicamente activa,2020,66.6463765175341,Porcentaje
23,Quintana Roo,006,José María Morelos,6207019031,Porcentaje de población de 15 años y más con escolaridad básica,2020,62.2755818248984,Porcentaje
23,Quintana Roo,006,José María Morelos,6207019034,Porcentaje de población de 3 años y más hablante de lengua indígena,2020,49.8014037760488,Porcentaje
23,Quintana Roo,006,José María Morelos,6207019035,Porcentaje de la población de 12 años y más No Económicamente Activa,2020,33.1270501504853,Porcentaje
23,Quintana Roo,006,José María Morelos,6207019036,Promedio de hijos nacidos vivos de las mujeres de 15 a 49 años EI2015,2020,1.8578411811652,Promedio
23,Quintana Roo,006,José María Morelos,6207019039,Porcentaje de la población de 12 años y más económicamente activa ocupada,2020,99.517962248833,Porcentaje
23,Quintana Roo,006,José María Morelos,6207019040,Porcentaje de la población femenina de 12 años y más económicamente activa,2020,38.3245382585752,Porcentaje
23,Quintana Roo,006,José María Morelos,6207019042,Porcentaje de viviendas particulares habitadas que disponen de Internet,2020,19.6956563613599,Porcentaje
23,Quintana Roo,006,José María Morelos,6207019043,Porcentaje de la población masculina de 12 años y más económicamente activa,2020,61.6754617414248,Porcentaje
23,Quintana Roo,006,José María Morelos,6207019046,Porcentaje de viviendas particulares habitadas que disponen de computadora,2020,15.1690262929789,Porcentaje
23,Quintana Roo,006,José María Morelos,6207019047,Porcentaje de la población de 12 años y más no económicamente activa que estudia,2020,36.9946917109024,Porcentaje
23,Quintana Roo,006,José María Morelos,6207019050,Porcentaje de viviendas particulares habitadas que disponen de teléfono fijo,2020,5.88461908889531,Porcentaje
23,Quintana Roo,006,José María Morelos,6207019051,Porcentaje de la población de 12 años y más sin especificar su situación conyugal,2020,0.0101450745662981,Porcentaje
23,Quintana Roo,006,José María Morelos,6207019054,Porcentaje de la población femenina de 12 años y más económicamente activa ocupada,2020,99.7749238713094,Porcentaje
23,Quintana Roo,006,José María Morelos,6207019055,Porcentaje de viviendas particulares habitadas que disponen de teléfono celular,2020,71.9252624482327,Porcentaje
23,Quintana Roo,006,José María Morelos,6207019056,Porcentaje de la población masculina de 12 años y más económicamente activa ocupada,2020,99.3582887700535,Porcentaje
23,Quintana Roo,006,José María Morelos,6207019057,Porcentaje de viviendas particulares habitadas que disponen de televisión de paga,2020,54.8781662332659,Porcentaje
23,Quintana Roo,006,José María Morelos,6207019058,Porcentaje de población de 3 años y más hablante de lengua indígena que no habla español,2020,4.04239047306894,Porcentaje
23,Quintana Roo,006,José María Morelos,6207019059,Porcentaje de población de 12 años con condición de actividad económica no especificada,2020,0.226573331980657,Porcentaje
23,Quintana Roo,006,José María Morelos,6207019060,Porcentaje de la población de 12 años y más no económicamente activa que es pensionada o jubilada,2020,1.80685994283381,Porcentaje
23,Quintana Roo,006,José María Morelos,6207019063,Porcentaje de superficie en el ámbito geográfico de referencia respecto a la unidad geográfica superior,2020,10.8488469765697,Porcentaje
23,Quintana Roo,006,José María Morelos,6207019064,Porcentaje de la población de 12 años y más no económicamente activa que se dedica a los quehaceres del hogar,2020,46.498570845243,Porcentaje
23,Quintana Roo,006,José María Morelos,6207019065,Porcentaje de la población de 12 años y más no económicamente activa que realiza otras actividades no económicas,2020,7.79910167415272,Porcentaje
23,Quintana Roo,006,José María Morelos,6207019070,Porcentaje de la población de 12 años y más no económicamente activa con alguna limitación física o mental que les impide trabajar,2020,6.90077582686811,Porcentaje
23,Quintana Roo,006,José María Morelos,6207020032,Porcentaje de hombres,2020,50.6957742882676,Porcentaje
23,Quintana Roo,006,José María Morelos,6207020033,Porcentaje de mujeres,2020,49.3042257117324,Porcentaje
23,Quintana Roo,006,José María Morelos,6207020035,Promedio de ocupantes por cuarto (Índice de hacinamiento),2020,1.44428788609144,Promedio
23,Quintana Roo,006,José María Morelos,6207049066,Población de 6 a 14 años que sabe leer y escribir,2020,6379,Porcentaje
23,Quintana Roo,006,José María Morelos,6207049067,Población de 6 a 14 años que no sabe leer y escribir,2020,862,Porcentaje
23,Quintana Roo,006,José María Morelos,6207049068,Porcentaje de la población de 3 años y más que asiste a la escuela,2020,34.2020784591109,Porcentaje
23,Quintana Roo,006,José María Morelos,6207049069,Porcentaje de la población de 3 años y más que no asiste a la escuela,2020,65.7679960824855,Porcentaje
23,Quintana Roo,006,José María Morelos,6207049070,Población de 6 a 14 años que no especificó si sabe o no leer y escribir,2020,24,Porcentaje
23,Quintana Roo,006,José María Morelos,6207049071,Porcentaje de la población de 3 años y más que no especificó si asiste o no a la escuela,2020,0.0299254584036128,Porcentaje
23,Quintana Roo,006,José María Morelos,6207051593,Porcentaje de población de 6 a 14 años que no asiste a la escuela,2020,3.193393,Porcentaje
23,Quintana Roo,006,José María Morelos,6207068394,Porcentaje de viviendas con agua entubada dentro de la vivienda,2020,40.6722527207936,Porcentaje
23,Quintana Roo,006,José María Morelos,6207129629,Porcentaje de la población nacional/estatal que representa,2020,2.10792875077032,Porcentaje
23,Quintana Roo,006,José María Morelos,6207129630,Promedio de ocupantes por dormitorio,2020,2.46104757692551,Promedio
23,Quintana Roo,006,José María Morelos,6207129631,Porcentaje de viviendas particulares habitadas que disponen de tinaco,2020,81.8742174708658,Porcentaje
23,Quintana Roo,006,José María Morelos,6207129632,Porcentaje de viviendas particulares habitadas que disponen de cisterna o aljibe,2020,3.13974766445151,Porcentaje
23,Quintana Roo,006,José María Morelos,6207129635,Porcentaje de viviendas particulares habitadas que disponen de Automóvil o camioneta,2020,23.066551093133,Porcentaje
23,Quintana Roo,006,José María Morelos,6207129636,Porcentaje de viviendas particulares habitadas que disponen de motocicleta o motoneta,2020,32.8710391986902,Porcentaje
23,Quintana Roo,006,José María Morelos,6207129637,Porcentaje de viviendas particulares habitadas que disponen de bicicleta como medio de transporte,2020,52.8748916498122,Porcentaje
23,Quintana Roo,006,José María Morelos,6207129638,Porcentaje de la población con algún tipo de  discapacidad,2020,5.05808757819482,Porcentaje
23,Quintana Roo,006,José María Morelos,6207129639,Porcentaje de la población entre 0 y 17 años con algún tipo de  discapacidad,2020,1.74979333149628,Porcentaje
23,Quintana Roo,006,José María Morelos,6207129640,Porcentaje de la población entre 18 y 29 años con algún tipo de  discapacidad,2020,2.20153478424959,Porcentaje
23,Quintana Roo,006,José María Morelos,6207129641,Porcentaje de la población entre 30 y 59 años con algún tipo de  discapacidad,2020,4.49941107184923,Porcentaje
23,Quintana Roo,006,José María Morelos,6207129642,Porcentaje de la población de 60 años y más con algún tipo de  discapacidad,2020,24.8792884371029,Porcentaje
23,Quintana Roo,006,José María Morelos,6207129643,Porcentaje de la población de 5 y más años migrante según causa: Trabajo,2020,19.5956454121306,Porcentaje
23,Quintana Roo,006,José María Morelos,6207129644,Porcentaje de la población de 5 y más años migrante según causa: Familiar,2020,50.855365474339,Porcentaje
23,Quintana Roo,006,José María Morelos,6207129645,Porcentaje de la población de 5 y más años migrante según causa: Educativa,2020,9.02021772939347,Porcentaje
23,Quintana Roo,006,José María Morelos,6207129646,Porcentaje de la población de 5 y más años migrante según causa: Inseguridad delictiva o violencia,2020,12.2083981337481,Porcentaje
23,Quintana Roo,006,José María Morelos,6207129647,Porcentaje de la población de 5 y más años migrante según causa: Otra causa,2020,7.77604976671851,Porcentaje
23,Quintana Roo,006,José María Morelos,6207129648,Promedio de hijos nacidos vivos por grupo de edad: 15-19,2020,0.147516307074762,Promedio
23,Quintana Roo,006,José María Morelos,6207129649,Promedio de hijos nacidos vivos por grupo de edad: 20-24,2020,0.795930580490724,Promedio
23,Quintana Roo,006,José María Morelos,6207129650,Promedio de hijos nacidos vivos por grupo de edad: 25-29,2020,1.61727574750831,Promedio
23,Quintana Roo,006,José María Morelos,6207129651,Promedio de hijos nacidos vivos por grupo de edad: 30-34,2020,2.22797202797203,Promedio
23,Quintana Roo,006,José María Morelos,6207129652,Promedio de hijos nacidos vivos por grupo de edad: 35-39,2020,2.89017788089714,Promedio
23,Quintana Roo,006,José María Morelos,6207129653,Promedio de hijos nacidos vivos por grupo de edad: 40-44,2020,3.34924845269673,Promedio
23,Quintana Roo,006,José María Morelos,6207129654,Promedio de hijos nacidos vivos por grupo de edad: 45-49,2020,3.85014985014985,Promedio
23,Quintana Roo,006,José María Morelos,6207129812,Porcentaje de viviendas particulares habitadas que disponen de refrigerador,2020,60.0597129923914,Porcentaje
23,Quintana Roo,006,José María Morelos,6207129813,Porcentaje de viviendas particulares habitadas que disponen de lavadora,2020,66.0406433593374,Porcentaje
23,Quintana Roo,006,José María Morelos,6207129818,Porcentaje de la población derechohabiente en Instituto de Salud para el Bienestar (IMSS-PROSPERA o IMSS-BIENESTAR),2020,0.525181384900276,Porcentaje
23,Quintana Roo,006,José María Morelos,6207129822,Ubicación geográfica con la mayor cantidad de pobladores. Primer lugar,2020,230060069,No aplica
23,Quintana Roo,006,José María Morelos,6207129825,Población de la ubicación geográfica con la mayor cantidad de pobladores. Primer lugar,2020,13332,Personas
23,Quintana Roo,006,José María Morelos,6207129828,Lengua indígena más frecuente. Descripción. Primer lugar,2020,602,No aplica
23,Quintana Roo,006,José María Morelos,6207129830,Lengua indígena más frecuente. Porcentaje. Primer lugar,2020,99.6228889981964,Porcentaje
23,Quintana Roo,006,José María Morelos,6207129840,Total de áreas geográficas,2020,110,Municipios
23,Quintana Roo,007,Lázaro Cárdenas,1001000001,Superficie continental,2020,3593.32583769,Kilómetros cuadrados
23,Quintana Roo,007,Lázaro Cárdenas,1002000001,Población total,2020,29171,Personas
23,Quintana Roo,007,Lázaro Cárdenas,1002000002,Población total hombres,2020,14844,Personas
23,Quintana Roo,007,Lázaro Cárdenas,1002000003,Población total mujeres,2020,14327,Personas
23,Quintana Roo,007,Lázaro Cárdenas,1002000004,Porcentaje de población de 15 a 29 años,2020,25.2579616742655,Porcentaje
23,Quintana Roo,007,Lázaro Cárdenas,1002000005,Porcentaje de hombres de 15 a 29 años,2020,24.5149555375909,Porcentaje
23,Quintana Roo,007,Lázaro Cárdenas,1002000006,Porcentaje de mujeres de 15 a 29 años,2020,26.027779716619,Porcentaje
23,Quintana Roo,007,Lázaro Cárdenas,1002000007,Porcentaje de población de 60 y más años,2020,9.52658462171335,Porcentaje
23,Quintana Roo,007,Lázaro Cárdenas,1002000008,Porcentaje de hombres de 60 y más años,2020,10.2398275397467,Porcentaje
23,Quintana Roo,007,Lázaro Cárdenas,1002000009,Porcentaje de mujeres de 60 y más años,2020,8.78760382494591,Porcentaje
23,Quintana Roo,007,Lázaro Cárdenas,1002000010,Edad mediana,2020,26,Años
23,Quintana Roo,007,Lázaro Cárdenas,1002000011,Edad mediana hombres,2020,26,Años
23,Quintana Roo,007,Lázaro Cárdenas,1002000012,Edad mediana mujeres,2020,26,Años
23,Quintana Roo,007,Lázaro Cárdenas,1002000013,Promedio de hijos nacidos vivos de las mujeres de 12 años y más,2020,2.34079941728125,Promedio
23,Quintana Roo,007,Lázaro Cárdenas,1002000014,Población en hogares censales,2020,29158,Personas
23,Quintana Roo,007,Lázaro Cárdenas,1002000015,Población en hogares familiares,2020,28211,Personas
23,Quintana Roo,007,Lázaro Cárdenas,1002000016,Población en hogares no familiares,2020,947,Personas
23,Quintana Roo,007,Lázaro Cárdenas,1002000018,Hogares censales,2020,7917,Hogares
23,Quintana Roo,007,Lázaro Cárdenas,1002000019,Hogares con jefatura masculina,2020,6116,Hogares
23,Quintana Roo,007,Lázaro Cárdenas,1002000020,Hogares con jefatura femenina,2020,1801,Hogares
23,Quintana Roo,007,Lázaro Cárdenas,1002000021,Tamaño promedio de los hogares censales,2020,3.68296071744348,Personas
23,Quintana Roo,007,Lázaro Cárdenas,1002000022,Tamaño promedio de los hogares con jefe hombre,2020,3.77599738391105,Personas
23,Quintana Roo,007,Lázaro Cárdenas,1002000023,Tamaño promedio de los hogares con jefe mujer,2020,3.3670183231538,Personas
23,Quintana Roo,007,Lázaro Cárdenas,1002000024,Relación hombres-mujeres,2020,103.608571229148,Hombres por cada 100 mujeres
23,Quintana Roo,007,Lázaro Cárdenas,1002000041,Porcentaje de personas de 15 años y más alfabetas,2020,91.9328878700678,Porcentaje
23,Quintana Roo,007,Lázaro Cárdenas,1002000050,Tasa de alfabetización de las personas de 15 a 24 años,2020,98.52648347272,Tasa
23,Quintana Roo,007,Lázaro Cárdenas,1002000055,Población de edad no especificada,2020,0,Personas
23,Quintana Roo,007,Lázaro Cárdenas,1002000056,Población de edad no especificada. Hombres,2020,0,Personas
23,Quintana Roo,007,Lázaro Cárdenas,1002000057,Población de edad no especificada. Mujeres,2020,0,Personas
23,Quintana Roo,007,Lázaro Cárdenas,1002000058,Población de 0 a 4 años,2020,2808,Personas
23,Quintana Roo,007,Lázaro Cárdenas,1002000059,Población de 0 a 4 años. Hombres,2020,1436,Personas
23,Quintana Roo,007,Lázaro Cárdenas,1002000060,Población de 0 a 4 años. Mujeres,2020,1372,Personas
23,Quintana Roo,007,Lázaro Cárdenas,1002000061,Población de 10 a 14 años,2020,2982,Personas
23,Quintana Roo,007,Lázaro Cárdenas,1002000062,Población de 10 a 14 años. Hombres,2020,1538,Personas
23,Quintana Roo,007,Lázaro Cárdenas,1002000063,Población de 10 a 14 años. Mujeres,2020,1444,Personas
23,Quintana Roo,007,Lázaro Cárdenas,1002000064,Población de 100 años y más,2020,3,Personas
23,Quintana Roo,007,Lázaro Cárdenas,1002000065,Población de 100 años y más. Hombres,2020,2,Personas
23,Quintana Roo,007,Lázaro Cárdenas,1002000066,Población de 100 años y más. Mujeres,2020,1,Personas
23,Quintana Roo,007,Lázaro Cárdenas,1002000067,Población de 15 a 19 años,2020,2636,Personas
23,Quintana Roo,007,Lázaro Cárdenas,1002000068,Población de 15 a 19 años. Hombres,2020,1315,Personas
23,Quintana Roo,007,Lázaro Cárdenas,1002000069,Población de 15 a 19 años. Mujeres,2020,1321,Personas
23,Quintana Roo,007,Lázaro Cárdenas,1002000070,Población de 20 a 24 años,2020,2386,Personas
23,Quintana Roo,007,Lázaro Cárdenas,1002000071,Población de 20 a 24 años. Hombres,2020,1186,Personas
23,Quintana Roo,007,Lázaro Cárdenas,1002000072,Población de 20 a 24 años. Mujeres,2020,1200,Personas
23,Quintana Roo,007,Lázaro Cárdenas,1002000073,Población de 25 a 29 años,2020,2346,Personas
23,Quintana Roo,007,Lázaro Cárdenas,1002000074,Población de 25 a 29 años. Hombres,2020,1138,Personas
23,Quintana Roo,007,Lázaro Cárdenas,1002000075,Población de 25 a 29 años. Mujeres,2020,1208,Personas
23,Quintana Roo,007,Lázaro Cárdenas,1002000076,Población de 30 a 34 años,2020,2206,Personas
23,Quintana Roo,007,Lázaro Cárdenas,1002000077,Población de 30 a 34 años. Hombres,2020,1098,Personas
23,Quintana Roo,007,Lázaro Cárdenas,1002000078,Población de 30 a 34 años. Mujeres,2020,1108,Personas
23,Quintana Roo,007,Lázaro Cárdenas,1002000079,Población de 35 a 39 años,2020,2006,Personas
23,Quintana Roo,007,Lázaro Cárdenas,1002000080,Población de 35 a 39 años. Hombres,2020,969,Personas
23,Quintana Roo,007,Lázaro Cárdenas,1002000081,Población de 35 a 39 años. Mujeres,2020,1037,Personas
23,Quintana Roo,007,Lázaro Cárdenas,1002000082,Población de 40 a 44 años,2020,1904,Personas
23,Quintana Roo,007,Lázaro Cárdenas,1002000083,Población de 40 a 44 años. Hombres,2020,950,Personas
23,Quintana Roo,007,Lázaro Cárdenas,1002000084,Población de 40 a 44 años. Mujeres,2020,954,Personas
23,Quintana Roo,007,Lázaro Cárdenas,1002000085,Población de 45 a 49 años,2020,1739,Personas
23,Quintana Roo,007,Lázaro Cárdenas,1002000086,Población de 45 a 49 años. Hombres,2020,902,Personas
23,Quintana Roo,007,Lázaro Cárdenas,1002000087,Población de 45 a 49 años. Mujeres,2020,837,Personas
23,Quintana Roo,007,Lázaro Cárdenas,1002000088,Población de 5 a 9 años,2020,2878,Personas
23,Quintana Roo,007,Lázaro Cárdenas,1002000089,Población de 5 a 9 años. Hombres,2020,1495,Personas
23,Quintana Roo,007,Lázaro Cárdenas,1002000090,Población de 5 a 9 años. Mujeres,2020,1383,Personas
23,Quintana Roo,007,Lázaro Cárdenas,1002000091,Población de 50 a 54 años,2020,1347,Personas
23,Quintana Roo,007,Lázaro Cárdenas,1002000092,Población de 50 a 54 años. Hombres,2020,689,Personas
23,Quintana Roo,007,Lázaro Cárdenas,1002000093,Población de 50 a 54 años. Mujeres,2020,658,Personas
23,Quintana Roo,007,Lázaro Cárdenas,1002000094,Población de 55 a 59 años,2020,1154,Personas
23,Quintana Roo,007,Lázaro Cárdenas,1002000095,Población de 55 a 59 años. Hombres,2020,608,Número de personas
23,Quintana Roo,007,Lázaro Cárdenas,1002000096,Población de 55 a 59 años. Mujeres,2020,546,Número de personas
23,Quintana Roo,007,Lázaro Cárdenas,1002000097,Población de 60 a 64 años,2020,839,Personas
23,Quintana Roo,007,Lázaro Cárdenas,1002000098,Población de 60 a 64 años. Hombres,2020,439,Número de personas
23,Quintana Roo,007,Lázaro Cárdenas,1002000099,Población de 60 a 64 años. Mujeres,2020,400,Número de personas
23,Quintana Roo,007,Lázaro Cárdenas,1002000100,Población de 65 a 69 años,2020,683,Personas
23,Quintana Roo,007,Lázaro Cárdenas,1002000101,Población de 65 a 69 años. Hombres,2020,368,Número de personas
23,Quintana Roo,007,Lázaro Cárdenas,1002000102,Población de 65 a 69 años. Mujeres,2020,315,Número de personas
23,Quintana Roo,007,Lázaro Cárdenas,1002000103,Población de 70 a 74 años,2020,507,Personas
23,Quintana Roo,007,Lázaro Cárdenas,1002000104,Población de 70 a 74 años. Hombres,2020,280,Número de personas
23,Quintana Roo,007,Lázaro Cárdenas,1002000105,Población de 70 a 74 años. Mujeres,2020,227,Número de personas
23,Quintana Roo,007,Lázaro Cárdenas,1002000106,Población de 75 a 79 años,2020,344,Personas
23,Quintana Roo,007,Lázaro Cárdenas,1002000107,Población de 75 a 79 años. Hombres,2020,196,Número de personas
23,Quintana Roo,007,Lázaro Cárdenas,1002000108,Población de 75 a 79 años. Mujeres,2020,148,Número de personas
23,Quintana Roo,007,Lázaro Cárdenas,1002000109,Población de 80 a 84 años,2020,206,Personas
23,Quintana Roo,007,Lázaro Cárdenas,1002000110,Población de 80 a 84 años. Hombres,2020,124,Número de personas
23,Quintana Roo,007,Lázaro Cárdenas,1002000111,Población de 80 a 84 años. Mujeres,2020,82,Número de personas
23,Quintana Roo,007,Lázaro Cárdenas,1002000112,Población de 85 a 89 años,2020,131,Personas
23,Quintana Roo,007,Lázaro Cárdenas,1002000113,Población de 85 a 89 años. Hombres,2020,78,Número de personas
23,Quintana Roo,007,Lázaro Cárdenas,1002000114,Población de 85 a 89 años. Mujeres,2020,53,Número de personas
23,Quintana Roo,007,Lázaro Cárdenas,1002000115,Población de 90 a 94 años,2020,45,Personas
23,Quintana Roo,007,Lázaro Cárdenas,1002000116,Población de 90 a 94 años. Hombres,2020,20,Número de personas
23,Quintana Roo,007,Lázaro Cárdenas,1002000117,Población de 90 a 94 años. Mujeres,2020,25,Número de personas
23,Quintana Roo,007,Lázaro Cárdenas,1002000118,Población de 95 a 99 años,2020,21,Personas
23,Quintana Roo,007,Lázaro Cárdenas,1002000119,Población de 95 a 99 años. Hombres,2020,13,Número de personas
23,Quintana Roo,007,Lázaro Cárdenas,1002000120,Población de 95 a 99 años. Mujeres,2020,8,Número de personas
23,Quintana Roo,007,Lázaro Cárdenas,1002000127,Relación de dependencia,2020,57.1459354630178,Personas dependientes por cada 100 personas en edad de trabajar
23,Quintana Roo,007,Lázaro Cárdenas,1003000001,Total de viviendas particulares habitadas,2020,7917,Viviendas
23,Quintana Roo,007,Lázaro Cárdenas,1003000011,Viviendas particulares habitadas,2020,7545,Número de Viviendas
23,Quintana Roo,007,Lázaro Cárdenas,1003000015,Promedio de ocupantes en viviendas particulares habitadas,2020,3.68491591857378,Promedio
23,Quintana Roo,007,Lázaro Cárdenas,1003000017,Viviendas particulares habitadas que disponen de energía eléctrica,2020,7633,Viviendas
23,Quintana Roo,007,Lázaro Cárdenas,1003000018,Viviendas particulares habitadas que disponen de agua de la red pública en el ámbito de la vivienda,2020,7621,Viviendas
23,Quintana Roo,007,Lázaro Cárdenas,1003000019,Viviendas particulares habitadas que disponen de drenaje,2020,7023,Viviendas
23,Quintana Roo,007,Lázaro Cárdenas,1003000020,Viviendas particulares habitadas que disponen de excusado o sanitario,2020,7262,Viviendas
23,Quintana Roo,007,Lázaro Cárdenas,1003000023,Viviendas particulares habitadas que disponen de lavadora,2020,5612,Viviendas
23,Quintana Roo,007,Lázaro Cárdenas,1003000024,Viviendas particulares habitadas que disponen de computadora,2020,1225,Viviendas
23,Quintana Roo,007,Lázaro Cárdenas,1004000001,Población derechohabiente a servicios de salud,2020,20569,Personas
23,Quintana Roo,007,Lázaro Cárdenas,1005000012,Población de 5 años y más que asiste a la escuela,2020,7675,Personas
23,Quintana Roo,007,Lázaro Cárdenas,1005000038,Grado promedio de escolaridad de la población de 15 y más años,2020,8.27555555555556,Años de escolaridad
23,Quintana Roo,007,Lázaro Cárdenas,1005000039,Población de 5 años y más hablante de lengua indígena,2020,10271,Personas
23,Quintana Roo,007,Lázaro Cárdenas,3104003001,Porcentaje de población inmigrante (migración reciente),2020,2.91501976284585,Porcentaje
23,Quintana Roo,007,Lázaro Cárdenas,3105001001,Densidad de población,2020,8.11810598805947,Habitantes por kilómetro cuadrado
23,Quintana Roo,007,Lázaro Cárdenas,3105004001,Porcentaje de población en localidades de menos de 2 500 habitantes,2020,72.11271468239,Porcentaje
23,Quintana Roo,007,Lázaro Cárdenas,3108001001,Porcentaje de analfabetas total,2020,7.97444276447349,Porcentaje
23,Quintana Roo,007,Lázaro Cárdenas,3108001002,Porcentaje de analfabetas hombres,2020,6.54457831325301,Porcentaje
23,Quintana Roo,007,Lázaro Cárdenas,3108001003,Porcentaje de analfabetas mujeres,2020,9.4391785150079,Porcentaje
23,Quintana Roo,007,Lázaro Cárdenas,3114004001,Porcentaje de viviendas con piso de tierra,2020,4.47591351624731,Porcentaje
23,Quintana Roo,007,Lázaro Cárdenas,3114006001,Porcentaje de viviendas con electricidad,2020,96.5103047161462,Porcentaje
23,Quintana Roo,007,Lázaro Cárdenas,6200031290,Porcentaje de viviendas particulares habitadas con disponibilidad de drenaje,2020,88.7975723858895,Porcentaje
23,Quintana Roo,007,Lázaro Cárdenas,6200031291,Porcentaje de viviendas particulares habitadas con disponibilidad de excusado,2020,91.819446200531,Porcentaje
23,Quintana Roo,007,Lázaro Cárdenas,6200108938,Porcentaje de viviendas con techos de materiales resistentes,2020,82.3402909550917,Porcentaje
23,Quintana Roo,007,Lázaro Cárdenas,6200205238,Población de 8 a 14 años que sabe leer y escribir,2020,3965,Personas
23,Quintana Roo,007,Lázaro Cárdenas,6200205244,Viviendas que son cuarto de azotea,2020,0,Viviendas
23,Quintana Roo,007,Lázaro Cárdenas,6200205245,Viviendas móviles,2020,0,Viviendas
23,Quintana Roo,007,Lázaro Cárdenas,6200205246,Viviendas que son departamento en edificio o vivienda en vecindad,2020,21,Viviendas
23,Quintana Roo,007,Lázaro Cárdenas,6200205247,Viviendas que son refugio,2020,2,Viviendas
23,Quintana Roo,007,Lázaro Cárdenas,6200205248,Viviendas colectivas,2020,1,Viviendas
23,Quintana Roo,007,Lázaro Cárdenas,6200205249,Viviendas que son casa independiente o local no construido para habitación,2020,6460,Viviendas
23,Quintana Roo,007,Lázaro Cárdenas,6200205251,Promedio de hijos nacidos vivos de las mujeres de 12 años y más casada sólo religiosamente,2020,3.15483870967742,Promedio
23,Quintana Roo,007,Lázaro Cárdenas,6200205252,Población de 5 años y más inmigrante,2020,1146,Personas
23,Quintana Roo,007,Lázaro Cárdenas,6200205253,Población total sin limitación en la actividad,2020,24422,Personas
23,Quintana Roo,007,Lázaro Cárdenas,6200205254,Población total que no especificó limitación en la actividad,2020,13,Personas
23,Quintana Roo,007,Lázaro Cárdenas,6200205255,Porcentaje de la población migrante internacional destino otro país,2020,100,Porcentaje
23,Quintana Roo,007,Lázaro Cárdenas,6200205256,Población de 5 años y más con religión no especificada,2020,45,Personas
23,Quintana Roo,007,Lázaro Cárdenas,6200205257,Población de 5 años y más católica,2020,14292,Personas
23,Quintana Roo,007,Lázaro Cárdenas,6200205258,Promedio de hijos nacidos vivos de las mujeres de 12 años y más solteras,2020,0.127645502645503,Promedio
23,Quintana Roo,007,Lázaro Cárdenas,6200205259,Población nacida en otro país residente en México,2020,120,Personas
23,Quintana Roo,007,Lázaro Cárdenas,6200205260,Población con limitación en la actividad para escuchar,2020,623,Personas
23,Quintana Roo,007,Lázaro Cárdenas,6200205261,Población con limitación en la actividad para hablar o comunicarse,2020,327,Personas
23,Quintana Roo,007,Lázaro Cárdenas,6200205263,Población con limitación en la actividad para caminar o moverse,2020,978,Personas
23,Quintana Roo,007,Lázaro Cárdenas,6200205264,Porcentaje de la población migrante internacional destino no especificado,2020,0,Porcentaje
23,Quintana Roo,007,Lázaro Cárdenas,6200205265,Promedio de hijos nacidos vivos de las mujeres de 12 años y más que no especificó estado conyugal,2020,0,Promedio
23,Quintana Roo,007,Lázaro Cárdenas,6200205266,Promedio de hijos nacidos vivos de las mujeres de 12 años y más casada civil y religiosamente,2020,3.52230878186969,Promedio
23,Quintana Roo,007,Lázaro Cárdenas,6200205267,Promedio de hijos nacidos vivos de las mujeres de 12 años y más separadas,2020,2.96626506024096,Promedio
23,Quintana Roo,007,Lázaro Cárdenas,6200205268,Población nacida en otro país residente en México hombres,2020,61,Personas
23,Quintana Roo,007,Lázaro Cárdenas,6200205269,Población con limitación en la actividad para atender el cuidado personal,2020,140,Personas
23,Quintana Roo,007,Lázaro Cárdenas,6200205270,Población con limitación en la actividad para poner atención o aprender,2020,510,Personas
23,Quintana Roo,007,Lázaro Cárdenas,6200205271,Población con limitación en la actividad,2020,3112,Personas
23,Quintana Roo,007,Lázaro Cárdenas,6200205272,Porcentaje de población nacida en otro país residente en México,2020,0.411367453978266,Porcentaje
23,Quintana Roo,007,Lázaro Cárdenas,6200205273,Población de 5 años y más con religión distinta de católica,2020,8785,Personas
23,Quintana Roo,007,Lázaro Cárdenas,6200205274,Porcentaje de población masculina nacida en otro país residente en México,2020,0.410940447318782,Porcentaje
23,Quintana Roo,007,Lázaro Cárdenas,6200205275,Promedio de hijos nacidos vivos de las mujeres de 12 años y más divorciadas,2020,2.83177570093458,Promedio
23,Quintana Roo,007,Lázaro Cárdenas,6200205276,Promedio de hijos nacidos vivos de las mujeres de 12 años y más en unión libre,2020,2.07411067193676,Promedio
23,Quintana Roo,007,Lázaro Cárdenas,6200205277,Población de 5 años y más emigrante,2020,704,Personas
23,Quintana Roo,007,Lázaro Cárdenas,6200205279,Promedio de hijos nacidos vivos de las mujeres de 12 años y más casada sólo por lo civil,2020,3.14967462039046,Promedio
23,Quintana Roo,007,Lázaro Cárdenas,6200205280,Población con limitación en la actividad para ver,2020,1966,Personas
23,Quintana Roo,007,Lázaro Cárdenas,6200205282,Porcentaje de población femenina nacida en otro país residente en México,2020,0.411809869477211,Porcentaje
23,Quintana Roo,007,Lázaro Cárdenas,6200205283,Promedio de hijos nacidos vivos de las mujeres de 12 años y más viudas,2020,5.6728813559322,Promedio
23,Quintana Roo,007,Lázaro Cárdenas,6200205284,Población nacida en otro país residente en México mujeres,2020,59,Personas
23,Quintana Roo,007,Lázaro Cárdenas,6200205285,Porcentaje de la población migrante internacional destino Estados Unidos de América,2020,0,Porcentaje
23,Quintana Roo,007,Lázaro Cárdenas,6200205286,Población con limitación en la actividad mental,2020,280,Personas
23,Quintana Roo,007,Lázaro Cárdenas,6200205288,Índice de masculinidad de la población nacida en otro país residente en México,2020,103.389830508475,Índice
23,Quintana Roo,007,Lázaro Cárdenas,6200205289,Población de 5 años y más sin religión,2020,3241,Personas
23,Quintana Roo,007,Lázaro Cárdenas,6200240300,Porcentaje de hombres de 0 a 4 años,2020,4.92269719927325,Porcentaje
23,Quintana Roo,007,Lázaro Cárdenas,6200240301,Población católica,2020,15.665,Miles DE personas
23,Quintana Roo,007,Lázaro Cárdenas,6200240302,Porcentaje de la población de 60 a 84 años con limitación en la actividad,2020,33.0360604885615,Porcentaje
23,Quintana Roo,007,Lázaro Cárdenas,6200240304,Tasa de monolingüismo de la población de 5 años y más hablante de Tojolabal,2020,0,Porcentaje
23,Quintana Roo,007,Lázaro Cárdenas,6200240305,Porcentaje de la población que profesa la religión católica,2020,53.7005930547462,Porcentaje
23,Quintana Roo,007,Lázaro Cárdenas,6200240310,Porcentaje de mujeres de 75 a 79 años,2020,0.507353193239861,Porcentaje
23,Quintana Roo,007,Lázaro Cárdenas,6200240311,Porcentaje de hombres de 10 a 14 años,2020,5.27235953515478,Porcentaje
23,Quintana Roo,007,Lázaro Cárdenas,6200240312,Porcentaje de mujeres de 5 a 9 años,2020,4.74100990709952,Porcentaje
23,Quintana Roo,007,Lázaro Cárdenas,6200240314,Porcentaje de la población de 15 años y más con instrucción media superior,2020,21.1822660098522,Porcentaje
23,Quintana Roo,007,Lázaro Cárdenas,6200240315,Porcentaje de la población con limitación mental,2020,1.01438249465638,Porcentaje
23,Quintana Roo,007,Lázaro Cárdenas,6200240316,Tasa de monolingüismo de la población de 5 años y más hablante de Maya,2020,3.59281437125748,Porcentaje
23,Quintana Roo,007,Lázaro Cárdenas,6200240318,Población de 5 años y más hablante de Tzeltal  (Tseltal),2020,13,Personas
23,Quintana Roo,007,Lázaro Cárdenas,6200240319,Tasa de monolingüismo de la población de 5 años y más hablante de Mazateco,2020,0,Porcentaje
23,Quintana Roo,007,Lázaro Cárdenas,6200240320,Población de 5 años y más hablante de Lenguas chinantecas,2020,0,Personas
23,Quintana Roo,007,Lázaro Cárdenas,6200240323,Porcentaje de la población derechohabiente en el Seguro popular,2020,82.0166269629053,Porcentaje
23,Quintana Roo,007,Lázaro Cárdenas,6200240325,Tasa de monolingüismo de la población de 5 años y más hablante de Náhuatl,2020,0,Porcentaje
23,Quintana Roo,007,Lázaro Cárdenas,6200240326,Población de 5 años y más hablante de Lenguas zapotecas,2020,6,Personas
23,Quintana Roo,007,Lázaro Cárdenas,6200240328,Porcentaje de mujeres de 55 a 59 años,2020,1.87172191560111,Porcentaje
23,Quintana Roo,007,Lázaro Cárdenas,6200240330,Porcentaje de hombres de 75 a 79 años,2020,0.671900174831168,Porcentaje
23,Quintana Roo,007,Lázaro Cárdenas,6200240331,Población de 5 años y más hablante de Maya,2020,10187,Personas
23,Quintana Roo,007,Lázaro Cárdenas,6200240332,Población de 5 años y más hablante de Otomí,2020,2,Personas
23,Quintana Roo,007,Lázaro Cárdenas,6200240334,Población de 5 años y más hablante de Tojolabal,2020,0,Personas
23,Quintana Roo,007,Lázaro Cárdenas,6200240341,Porcentaje de mujeres de 40 a 44 años,2020,3.27037125912722,Porcentaje
23,Quintana Roo,007,Lázaro Cárdenas,6200240342,Porcentaje de mujeres de 70 a 74 años,2020,0.77817010044222,Porcentaje
23,Quintana Roo,007,Lázaro Cárdenas,6200240343,Porcentaje de hombres de 15 a 19 años,2020,4.5079016831785,Porcentaje
23,Quintana Roo,007,Lázaro Cárdenas,6200240344,Porcentaje de mujeres de 85 años y más,2020,0.298241404134243,Porcentaje
23,Quintana Roo,007,Lázaro Cárdenas,6200240345,Población de 5 años y más hablante de Mixe,2020,1,Personas
23,Quintana Roo,007,Lázaro Cárdenas,6200240354,Porcentaje de mujeres de 10 a 14 años,2020,4.95012169620513,Porcentaje
23,Quintana Roo,007,Lázaro Cárdenas,6200240356,Porcentaje de mujeres de 20 a 24 años,2020,4.11367453978266,Porcentaje
23,Quintana Roo,007,Lázaro Cárdenas,6200240357,Porcentaje de hombres de 35 a 39 años,2020,3.3217921908745,Porcentaje
23,Quintana Roo,007,Lázaro Cárdenas,6200240358,Porcentaje de la población de 0 a 14 años con limitación en la actividad,2020,4.3608675588371,Porcentaje
23,Quintana Roo,007,Lázaro Cárdenas,6200240361,Población de 5 años y más hablante de Mazahua,2020,0,Personas
23,Quintana Roo,007,Lázaro Cárdenas,6200240364,Tasa de monolingüismo de la población de 5 años y más hablante de Chatino,2020,0,Porcentaje
23,Quintana Roo,007,Lázaro Cárdenas,6200240365,Porcentaje de la población de 15 años y más con instrucción superior,2020,8.76944837340877,Porcentaje
23,Quintana Roo,007,Lázaro Cárdenas,6200240366,Tasa de monolingüismo de la población de 5 años y más hablante de Lenguas mixtecas,2020,0,Porcentaje
23,Quintana Roo,007,Lázaro Cárdenas,6200240367,Porcentaje de la población con limitación para hablar o comunicarse,2020,8.94442617560013,Porcentaje
23,Quintana Roo,007,Lázaro Cárdenas,6200240368,Porcentaje de la población de 15 años y más con instrucción no especificada,2020,0.102424035506999,Porcentaje
23,Quintana Roo,007,Lázaro Cárdenas,6200240377,Porcentaje de mujeres de 45 a 49 años,2020,2.86928799149841,Porcentaje
23,Quintana Roo,007,Lázaro Cárdenas,6200240378,Porcentaje de mujeres de 0 a 4 años,2020,4.70330122381818,Porcentaje
23,Quintana Roo,007,Lázaro Cárdenas,6200240379,Porcentaje de mujeres de 80 a 84 años,2020,0.281101093551815,Porcentaje
23,Quintana Roo,007,Lázaro Cárdenas,6200240381,Tasa de monolingüismo de la población de 5 años y más hablante de Tzotzil (Tsotsil),2020,0,Porcentaje
23,Quintana Roo,007,Lázaro Cárdenas,6200240384,Porcentaje de mujeres de 15 a 19 años,2020,4.52847005587741,Porcentaje
23,Quintana Roo,007,Lázaro Cárdenas,6200240386,Población de 5 años y más hablante de Lenguas mixtecas,2020,0,Personas
23,Quintana Roo,007,Lázaro Cárdenas,6200240388,Porcentaje de hombres de 65 a 69 años,2020,1.26152685886668,Porcentaje
23,Quintana Roo,007,Lázaro Cárdenas,6200240389,Tasa de crecimiento promedio anual de las viviendas particulares habitadas,2020,2.60331290556268,Tasa
23,Quintana Roo,007,Lázaro Cárdenas,6200240390,Porcentaje de la población con discapacidad por accidente,2020,9.56973293768546,Porcentaje
23,Quintana Roo,007,Lázaro Cárdenas,6200240395,"Viviendas, de cada cien que cuentan con electricidad, agua y drenaje",2020,86.7619168036414,Porcentaje
23,Quintana Roo,007,Lázaro Cárdenas,6200240396,Porcentaje de la población de 30 a 59 años con limitación en la actividad,2020,14.6292004634994,Porcentaje
23,Quintana Roo,007,Lázaro Cárdenas,6200240397,Tasa de monolingüismo de la población de 5 años y más hablante de Chol (Ch''ol),2020,0,Porcentaje
23,Quintana Roo,007,Lázaro Cárdenas,6200240398,Tasa de monolingüismo de la población de 5 años y más hablante de Totonaca (Totonaco),2020,0,Porcentaje
23,Quintana Roo,007,Lázaro Cárdenas,6200240407,Índice de envejecimiento,2020,32.0604522381172,Porcentaje
23,Quintana Roo,007,Lázaro Cárdenas,6200240410,Porcentaje de hombres de 60 a 64 años,2020,1.50491926913716,Porcentaje
23,Quintana Roo,007,Lázaro Cárdenas,6200240411,Porcentaje de hombres de 85 años y más,2020,0.387371019162867,Porcentaje
23,Quintana Roo,007,Lázaro Cárdenas,6200240413,Tasa de monolingüismo de la población de 5 años y más hablante de Huasteco,2020,0,Porcentaje
23,Quintana Roo,007,Lázaro Cárdenas,6200240414,"Porcentaje de la población derechohabiente en PEMEX, SDN o SM",2020,0.0680635908405853,Porcentaje
23,Quintana Roo,007,Lázaro Cárdenas,6200240416,Porcentaje de la población usuaria de servicios de salud en instituciones de servicios médicos privados,2020,0.204190772521756,Porcentaje
23,Quintana Roo,007,Lázaro Cárdenas,6200240421,Porcentaje de la población derechohabiente en el ISSSTE,2020,7.08347513248092,Porcentaje
23,Quintana Roo,007,Lázaro Cárdenas,6200240423,Porcentaje de hombres de 40 a 44 años,2020,3.25665901066127,Porcentaje
23,Quintana Roo,007,Lázaro Cárdenas,6200240424,Tasa de monolingüismo de la población de 5 años y más hablante de Mixe,2020,0,Porcentaje
23,Quintana Roo,007,Lázaro Cárdenas,6200240425,Porcentaje de hombres de 70 a 74 años,2020,0.959857392615954,Porcentaje
23,Quintana Roo,007,Lázaro Cárdenas,6200240426,Porcentaje de mujeres de 60 a 64 años,2020,1.37122484659422,Porcentaje
23,Quintana Roo,007,Lázaro Cárdenas,6200240427,Porcentaje de mujeres de 65 a 69 años,2020,1.07983956669295,Porcentaje
23,Quintana Roo,007,Lázaro Cárdenas,6200240428,Tasa de monolingüismo de la población de 5 años y más hablante de Otomí,2020,0,Porcentaje
23,Quintana Roo,007,Lázaro Cárdenas,6200240430,Porcentaje de la población con limitación para caminar y moverse,2020,31.426735218509,Porcentaje
23,Quintana Roo,007,Lázaro Cárdenas,6200240431,Población de 5 años y más hablante de Purépecha (Tarasco),2020,0,Personas
23,Quintana Roo,007,Lázaro Cárdenas,6200240432,Tasa de monolingüismo de la población de 5 años y más hablante de Zoque,2020,0,Porcentaje
23,Quintana Roo,007,Lázaro Cárdenas,6200240433,Tasa de monolingüismo de la población de 5 años y más hablante de Lenguas zapotecas,2020,0,Porcentaje
23,Quintana Roo,007,Lázaro Cárdenas,6200240434,Población de 5 años y más hablante de Chatino,2020,0,Personas
23,Quintana Roo,007,Lázaro Cárdenas,6200240435,Porcentaje de la población con limitación para atender el cuidado personal,2020,4.4987146529563,Porcentaje
23,Quintana Roo,007,Lázaro Cárdenas,6200240443,Porcentaje de mujeres de 35 a 39 años,2020,3.55490041479552,Porcentaje
23,Quintana Roo,007,Lázaro Cárdenas,6200240444,Porcentaje de hombres de 55 a 59 años,2020,2.08426176682321,Porcentaje
23,Quintana Roo,007,Lázaro Cárdenas,6200240445,Porcentaje de hombres de 5 a 9 años,2020,5.1249528641459,Porcentaje
23,Quintana Roo,007,Lázaro Cárdenas,6200240447,Porcentaje de la población de 15 años y más sin instrucción,2020,8.04760278983563,Porcentaje
23,Quintana Roo,007,Lázaro Cárdenas,6200240449,Tasa de monolingüismo de la población de 5 años y más hablante de lengua indígena,2020,3.56343101937494,Porcentaje
23,Quintana Roo,007,Lázaro Cárdenas,6200240450,Porcentaje de la población con limitación para ver,2020,63.1748071979435,Porcentaje
23,Quintana Roo,007,Lázaro Cárdenas,6200240451,Población de 5 años y más hablante de Tarahumara,2020,0,Personas
23,Quintana Roo,007,Lázaro Cárdenas,6200240452,Población de 5 años y más hablante de Chol (Ch''ol),2020,17,Personas
23,Quintana Roo,007,Lázaro Cárdenas,6200240453,Población de 5 años y más hablante de Totonaca (Totonaco),2020,0,Personas
23,Quintana Roo,007,Lázaro Cárdenas,6200240454,Tasa de monolingüismo de la población de 5 años y más hablante de Mazahua,2020,0,Porcentaje
23,Quintana Roo,007,Lázaro Cárdenas,6200240458,Porcentaje de la población con discapacidad por edad avanzada,2020,25.8902077151335,Porcentaje
23,Quintana Roo,007,Lázaro Cárdenas,6200240459,Porcentaje de la población con discapacidad por nacimiento,2020,16.3946587537092,Porcentaje
23,Quintana Roo,007,Lázaro Cárdenas,6200240466,Población de 5 años y más hablante de Tlapaneco,2020,0,Personas
23,Quintana Roo,007,Lázaro Cárdenas,6200240471,Porcentaje de la población derechohabiente en el IMSS,2020,8.14818416063008,Porcentaje
23,Quintana Roo,007,Lázaro Cárdenas,6200240475,Porcentaje de hombres de 80 a 84 años,2020,0.425079702444208,Porcentaje
23,Quintana Roo,007,Lázaro Cárdenas,6200240477,Porcentaje de la población de 85 y más con limitación en la actividad,2020,27,Porcentaje
23,Quintana Roo,007,Lázaro Cárdenas,6200240478,Porcentaje de la población con limitación para escuchar,2020,20.0192802056555,Porcentaje
23,Quintana Roo,007,Lázaro Cárdenas,6200240479,Porcentaje de la población con limitación para poner atención o aprender,2020,16.3881748071979,Porcentaje
23,Quintana Roo,007,Lázaro Cárdenas,6200240480,Población de 5 años y más hablante de Huasteco,2020,0,Personas
23,Quintana Roo,007,Lázaro Cárdenas,6200240481,Población de 5 años y más hablante de Tzotzil (Tsotsil),2020,13,Personas
23,Quintana Roo,007,Lázaro Cárdenas,6200240486,Porcentaje de hombres de 25 a 29 años,2020,3.90113468856056,Porcentaje
23,Quintana Roo,007,Lázaro Cárdenas,6200240488,Porcentaje de la población de 15 a 29 años con limitación en la actividad,2020,4.24809989142237,Porcentaje
23,Quintana Roo,007,Lázaro Cárdenas,6200240493,Porcentaje de la población de 5 años y más hablante de lengua indígena,2020,38.9599059287638,Porcentaje
23,Quintana Roo,007,Lázaro Cárdenas,6200240495,Porcentaje de la población con discapacidad por otra causa,2020,13.6498516320475,Porcentaje
23,Quintana Roo,007,Lázaro Cárdenas,6200240496,Población de 5 años y más hablante de Náhuatl,2020,3,Personas
23,Quintana Roo,007,Lázaro Cárdenas,6200240497,Población no católica,2020,9502,Miles DE personas
23,Quintana Roo,007,Lázaro Cárdenas,6200240499,Porcentaje de la población que profesa la religión protestante y evangélica,2020,32.5185972369819,Porcentaje
23,Quintana Roo,007,Lázaro Cárdenas,6200240507,Porcentaje de mujeres de 50 a 54 años,2020,2.25566487264749,Porcentaje
23,Quintana Roo,007,Lázaro Cárdenas,6200240509,Tasa de monolingüismo de la población de 5 años y más hablante de Tarahumara,2020,0,Porcentaje
23,Quintana Roo,007,Lázaro Cárdenas,6200240518,Porcentaje de hombres de 30 a 34 años,2020,3.76401220390113,Porcentaje
23,Quintana Roo,007,Lázaro Cárdenas,6200240520,Porcentaje de hombres de 20 a 24 años,2020,4.06568167015186,Porcentaje
23,Quintana Roo,007,Lázaro Cárdenas,6200240521,Población de 5 años y más hablante de Zoque,2020,2,Personas
23,Quintana Roo,007,Lázaro Cárdenas,6200240522,Tasa de monolingüismo de la población de 5 años y más hablante de Purépecha (Tarasco),2020,0,Porcentaje
23,Quintana Roo,007,Lázaro Cárdenas,6200240532,Porcentaje de hombres de 45 a 49 años,2020,3.09211202906997,Porcentaje
23,Quintana Roo,007,Lázaro Cárdenas,6200240533,Porcentaje de hombres de 50 a 54 años,2020,2.36193479825854,Porcentaje
23,Quintana Roo,007,Lázaro Cárdenas,6200240534,Tasa de monolingüismo de la población de 5 años y más hablante de Resto de lenguas,2020,0,Porcentaje
23,Quintana Roo,007,Lázaro Cárdenas,6200240535,Población de 5 años y más hablante de Mazateco,2020,0,Personas
23,Quintana Roo,007,Lázaro Cárdenas,6200240536,Tasa de monolingüismo de la población de 5 años y más hablante de Tlapaneco,2020,0,Porcentaje
23,Quintana Roo,007,Lázaro Cárdenas,6200240537,Tasa de monolingüismo de la población de 5 años y más hablante de Tzeltal (Tseltal),2020,0,Porcentaje
23,Quintana Roo,007,Lázaro Cárdenas,6200240538,Población de 5 años y más hablante del Resto de lenguas,2020,27,Personas
23,Quintana Roo,007,Lázaro Cárdenas,6200240539,Tasa de monolingüismo de la población de 5 años y más hablante de Lenguas chinantecas,2020,0,Porcentaje
23,Quintana Roo,007,Lázaro Cárdenas,6200240540,Porcentaje de la población con discapacidad por enfermedad,2020,32.6409495548961,Porcentaje
23,Quintana Roo,007,Lázaro Cárdenas,6200240548,Porcentaje de mujeres de 25 a 29 años,2020,4.14109903671455,Porcentaje
23,Quintana Roo,007,Lázaro Cárdenas,6200240549,Porcentaje de mujeres de 30 a 34 años,2020,3.79829282506599,Porcentaje
23,Quintana Roo,007,Lázaro Cárdenas,6205370864,Porcentaje de población que se considera afrodescendiente,2020,9.59514586404306,Porcentaje
23,Quintana Roo,007,Lázaro Cárdenas,6207019007,Porcentaje de la población de 12 años y más viuda,2020,3.95485286872397,Porcentaje
23,Quintana Roo,007,Lázaro Cárdenas,6207019009,Porcentaje de la población de 12 años y más casada,2020,43.3869306221167,Porcentaje
23,Quintana Roo,007,Lázaro Cárdenas,6207019010,Porcentaje de población de 25 años y más alfabeta,2020,89.7939409598863,Porcentaje
23,Quintana Roo,007,Lázaro Cárdenas,6207019011,Porcentaje de la población de 12 años y más soltera,2020,31.0834415729834,Porcentaje
23,Quintana Roo,007,Lázaro Cárdenas,6207019012,Porcentaje de la población de 12 años y más separada,2020,2.87096340753348,Porcentaje
23,Quintana Roo,007,Lázaro Cárdenas,6207019016,Porcentaje de la población de 12 años y más divorciada,2020,0.730057777578716,Porcentaje
23,Quintana Roo,007,Lázaro Cárdenas,6207019017,Porcentaje de población afiliada a otra institución,2020,0.918858476347902,Porcentaje
23,Quintana Roo,007,Lázaro Cárdenas,6207019018,Porcentaje de población afiliada a servicios de salud,2020,70.5118096739913,Porcentaje
23,Quintana Roo,007,Lázaro Cárdenas,6207019019,Porcentaje de la población de 12 años y más en unión libre,2020,17.9468804586375,Porcentaje
23,Quintana Roo,007,Lázaro Cárdenas,6207019020,Porcentaje de población de 15 años y más sin escolaridad,2020,7.55011461737307,Porcentaje
23,Quintana Roo,007,Lázaro Cárdenas,6207019022,Porcentaje de viviendas particulares habitadas propias,2020,77.2675521821632,Porcentaje
23,Quintana Roo,007,Lázaro Cárdenas,6207019023,Porcentaje de hijos fallecidos de las mujeres de 15 a 49 años,2020,2.9061988999554,Porcentaje
23,Quintana Roo,007,Lázaro Cárdenas,6207019024,Porcentaje de la población de 3 a 5 años que asiste a la escuela,2020,64.7619047619048,Porcentaje
23,Quintana Roo,007,Lázaro Cárdenas,6207019026,Porcentaje de la población de 6 a 11 años que asiste a la escuela,2020,95.9834613112817,Porcentaje
23,Quintana Roo,007,Lázaro Cárdenas,6207019028,Porcentaje de la población de 12 a 14 años que asiste a la escuela,2020,92.1600877192982,Porcentaje
23,Quintana Roo,007,Lázaro Cárdenas,6207019029,Porcentaje de la población de 15 a 24 años que asiste a la escuela,2020,38.3512544802867,Porcentaje
23,Quintana Roo,007,Lázaro Cárdenas,6207019030,Porcentaje de población de 12 años y más económicamente activa,2020,62.328122900524,Porcentaje
23,Quintana Roo,007,Lázaro Cárdenas,6207019031,Porcentaje de población de 15 años y más con escolaridad básica,2020,62.3957469638589,Porcentaje
23,Quintana Roo,007,Lázaro Cárdenas,6207019034,Porcentaje de población de 3 años y más hablante de lengua indígena,2020,37.4705647936818,Porcentaje
23,Quintana Roo,007,Lázaro Cárdenas,6207019035,Porcentaje de la población de 12 años y más No Económicamente Activa,2020,37.3359609441483,Porcentaje
23,Quintana Roo,007,Lázaro Cárdenas,6207019036,Promedio de hijos nacidos vivos de las mujeres de 15 a 49 años EI2015,2020,1.7566261914088,Promedio
23,Quintana Roo,007,Lázaro Cárdenas,6207019039,Porcentaje de la población de 12 años y más económicamente activa ocupada,2020,99.1448692152917,Porcentaje
23,Quintana Roo,007,Lázaro Cárdenas,6207019040,Porcentaje de la población femenina de 12 años y más económicamente activa,2020,35.2974992814027,Porcentaje
23,Quintana Roo,007,Lázaro Cárdenas,6207019042,Porcentaje de viviendas particulares habitadas que disponen de Internet,2020,20.710582880263,Porcentaje
23,Quintana Roo,007,Lázaro Cárdenas,6207019043,Porcentaje de la población masculina de 12 años y más económicamente activa,2020,64.7025007185973,Porcentaje
23,Quintana Roo,007,Lázaro Cárdenas,6207019046,Porcentaje de viviendas particulares habitadas que disponen de computadora,2020,15.4886837779745,Porcentaje
23,Quintana Roo,007,Lázaro Cárdenas,6207019047,Porcentaje de la población de 12 años y más no económicamente activa que estudia,2020,34.6449136276392,Porcentaje
23,Quintana Roo,007,Lázaro Cárdenas,6207019050,Porcentaje de viviendas particulares habitadas que disponen de teléfono fijo,2020,4.23568086989506,Porcentaje
23,Quintana Roo,007,Lázaro Cárdenas,6207019051,Porcentaje de la población de 12 años y más sin especificar su situación conyugal,2020,0.0268732924262104,Porcentaje
23,Quintana Roo,007,Lázaro Cárdenas,6207019054,Porcentaje de la población femenina de 12 años y más económicamente activa ocupada,2020,99.7557003257329,Porcentaje
23,Quintana Roo,007,Lázaro Cárdenas,6207019055,Porcentaje de viviendas particulares habitadas que disponen de teléfono celular,2020,73.9537236060185,Porcentaje
23,Quintana Roo,007,Lázaro Cárdenas,6207019056,Porcentaje de la población masculina de 12 años y más económicamente activa ocupada,2020,98.8116392714349,Porcentaje
23,Quintana Roo,007,Lázaro Cárdenas,6207019057,Porcentaje de viviendas particulares habitadas que disponen de televisión de paga,2020,55.9615627765836,Porcentaje
23,Quintana Roo,007,Lázaro Cárdenas,6207019058,Porcentaje de población de 3 años y más hablante de lengua indígena que no habla español,2020,3.53862515711109,Porcentaje
23,Quintana Roo,007,Lázaro Cárdenas,6207019059,Porcentaje de población de 12 años con condición de actividad económica no especificada,2020,0.33591615532763,Porcentaje
23,Quintana Roo,007,Lázaro Cárdenas,6207019060,Porcentaje de la población de 12 años y más no económicamente activa que es pensionada o jubilada,2020,1.25959692898273,Porcentaje
23,Quintana Roo,007,Lázaro Cárdenas,6207019063,Porcentaje de superficie en el ámbito geográfico de referencia respecto a la unidad geográfica superior,2020,8.03781822318878,Porcentaje
23,Quintana Roo,007,Lázaro Cárdenas,6207019064,Porcentaje de la población de 12 años y más no económicamente activa que se dedica a los quehaceres del hogar,2020,49.8440499040307,Porcentaje
23,Quintana Roo,007,Lázaro Cárdenas,6207019065,Porcentaje de la población de 12 años y más no económicamente activa que realiza otras actividades no económicas,2020,8.27735124760077,Porcentaje
23,Quintana Roo,007,Lázaro Cárdenas,6207019070,Porcentaje de la población de 12 años y más no económicamente activa con alguna limitación física o mental que les impide trabajar,2020,5.97408829174664,Porcentaje
23,Quintana Roo,007,Lázaro Cárdenas,6207020032,Porcentaje de hombres,2020,50.8861540571115,Porcentaje
23,Quintana Roo,007,Lázaro Cárdenas,6207020033,Porcentaje de mujeres,2020,49.1138459428885,Porcentaje
23,Quintana Roo,007,Lázaro Cárdenas,6207020035,Promedio de ocupantes por cuarto (Índice de hacinamiento),2020,1.47849025974026,Promedio
23,Quintana Roo,007,Lázaro Cárdenas,6207049066,Población de 6 a 14 años que sabe leer y escribir,2020,4568,Porcentaje
23,Quintana Roo,007,Lázaro Cárdenas,6207049067,Población de 6 a 14 años que no sabe leer y escribir,2020,626,Porcentaje
23,Quintana Roo,007,Lázaro Cárdenas,6207049068,Porcentaje de la población de 3 años y más que asiste a la escuela,2020,30.1090461181756,Porcentaje
23,Quintana Roo,007,Lázaro Cárdenas,6207049069,Porcentaje de la población de 3 años y más que no asiste a la escuela,2020,69.8438575517154,Porcentaje
23,Quintana Roo,007,Lázaro Cárdenas,6207049070,Población de 6 a 14 años que no especificó si sabe o no leer y escribir,2020,16,Porcentaje
23,Quintana Roo,007,Lázaro Cárdenas,6207049071,Porcentaje de la población de 3 años y más que no especificó si asiste o no a la escuela,2020,0.0470963301090461,Porcentaje
23,Quintana Roo,007,Lázaro Cárdenas,6207051593,Porcentaje de población de 6 a 14 años que no asiste a la escuela,2020,5.316699,Porcentaje
23,Quintana Roo,007,Lázaro Cárdenas,6207068394,Porcentaje de viviendas con agua entubada dentro de la vivienda,2020,44.4177519281831,Porcentaje
23,Quintana Roo,007,Lázaro Cárdenas,6207129629,Porcentaje de la población nacional/estatal que representa,2020,1.5700342037207,Porcentaje
23,Quintana Roo,007,Lázaro Cárdenas,6207129630,Promedio de ocupantes por dormitorio,2020,2.42120129600399,Promedio
23,Quintana Roo,007,Lázaro Cárdenas,6207129631,Porcentaje de viviendas particulares habitadas que disponen de tinaco,2020,75.9388038942976,Porcentaje
23,Quintana Roo,007,Lázaro Cárdenas,6207129632,Porcentaje de viviendas particulares habitadas que disponen de cisterna o aljibe,2020,14.4898217220888,Porcentaje
23,Quintana Roo,007,Lázaro Cárdenas,6207129635,Porcentaje de viviendas particulares habitadas que disponen de Automóvil o camioneta,2020,22.4554305221899,Porcentaje
23,Quintana Roo,007,Lázaro Cárdenas,6207129636,Porcentaje de viviendas particulares habitadas que disponen de motocicleta o motoneta,2020,20.5209255278796,Porcentaje
23,Quintana Roo,007,Lázaro Cárdenas,6207129637,Porcentaje de viviendas particulares habitadas que disponen de bicicleta como medio de transporte,2020,52.8385383740043,Porcentaje
23,Quintana Roo,007,Lázaro Cárdenas,6207129638,Porcentaje de la población con algún tipo de  discapacidad,2020,5.15580542319427,Porcentaje
23,Quintana Roo,007,Lázaro Cárdenas,6207129639,Porcentaje de la población entre 0 y 17 años con algún tipo de  discapacidad,2020,2.7206240858118,Porcentaje
23,Quintana Roo,007,Lázaro Cárdenas,6207129640,Porcentaje de la población entre 18 y 29 años con algún tipo de  discapacidad,2020,1.83359280401315,Porcentaje
23,Quintana Roo,007,Lázaro Cárdenas,6207129641,Porcentaje de la población entre 30 y 59 años con algún tipo de  discapacidad,2020,4.33565083043646,Porcentaje
23,Quintana Roo,007,Lázaro Cárdenas,6207129642,Porcentaje de la población de 60 años y más con algún tipo de  discapacidad,2020,24.1093918675783,Porcentaje
23,Quintana Roo,007,Lázaro Cárdenas,6207129643,Porcentaje de la población de 5 y más años migrante según causa: Trabajo,2020,37.8210116731518,Porcentaje
23,Quintana Roo,007,Lázaro Cárdenas,6207129644,Porcentaje de la población de 5 y más años migrante según causa: Familiar,2020,42.0233463035019,Porcentaje
23,Quintana Roo,007,Lázaro Cárdenas,6207129645,Porcentaje de la población de 5 y más años migrante según causa: Educativa,2020,3.57976653696498,Porcentaje
23,Quintana Roo,007,Lázaro Cárdenas,6207129646,Porcentaje de la población de 5 y más años migrante según causa: Inseguridad delictiva o violencia,2020,6.07003891050584,Porcentaje
23,Quintana Roo,007,Lázaro Cárdenas,6207129647,Porcentaje de la población de 5 y más años migrante según causa: Otra causa,2020,8.63813229571984,Porcentaje
23,Quintana Roo,007,Lázaro Cárdenas,6207129648,Promedio de hijos nacidos vivos por grupo de edad: 15-19,2020,0.143830431491294,Promedio
23,Quintana Roo,007,Lázaro Cárdenas,6207129649,Promedio de hijos nacidos vivos por grupo de edad: 20-24,2020,0.754166666666667,Promedio
23,Quintana Roo,007,Lázaro Cárdenas,6207129650,Promedio de hijos nacidos vivos por grupo de edad: 25-29,2020,1.4228855721393,Promedio
23,Quintana Roo,007,Lázaro Cárdenas,6207129651,Promedio de hijos nacidos vivos por grupo de edad: 30-34,2020,2.08047016274864,Promedio
23,Quintana Roo,007,Lázaro Cárdenas,6207129652,Promedio de hijos nacidos vivos por grupo de edad: 35-39,2020,2.56798457087753,Promedio
23,Quintana Roo,007,Lázaro Cárdenas,6207129653,Promedio de hijos nacidos vivos por grupo de edad: 40-44,2020,2.9706498951782,Promedio
23,Quintana Roo,007,Lázaro Cárdenas,6207129654,Promedio de hijos nacidos vivos por grupo de edad: 45-49,2020,3.40718562874252,Promedio
23,Quintana Roo,007,Lázaro Cárdenas,6207129812,Porcentaje de viviendas particulares habitadas que disponen de refrigerador,2020,66.2915665697307,Porcentaje
23,Quintana Roo,007,Lázaro Cárdenas,6207129813,Porcentaje de viviendas particulares habitadas que disponen de lavadora,2020,70.9571374383614,Porcentaje
23,Quintana Roo,007,Lázaro Cárdenas,6207129818,Porcentaje de la población derechohabiente en Instituto de Salud para el Bienestar (IMSS-PROSPERA o IMSS-BIENESTAR),2020,1.88147211823618,Porcentaje
23,Quintana Roo,007,Lázaro Cárdenas,6207129822,Ubicación geográfica con la mayor cantidad de pobladores. Primer lugar,2020,230070001,No aplica
23,Quintana Roo,007,Lázaro Cárdenas,6207129825,Población de la ubicación geográfica con la mayor cantidad de pobladores. Primer lugar,2020,8135,Personas
23,Quintana Roo,007,Lázaro Cárdenas,6207129828,Lengua indígena más frecuente. Descripción. Primer lugar,2020,602,No aplica
23,Quintana Roo,007,Lázaro Cárdenas,6207129830,Lengua indígena más frecuente. Porcentaje. Primer lugar,2020,99.428183756542,Porcentaje
23,Quintana Roo,007,Lázaro Cárdenas,6207129840,Total de áreas geográficas,2020,104,Municipios
23,Quintana Roo,008,Playa del Carmen,1001000001,Superficie continental,2020,2014.94942008,Kilómetros cuadrados
23,Quintana Roo,008,Playa del Carmen,1002000001,Población total,2020,333800,Personas
23,Quintana Roo,008,Playa del Carmen,1002000002,Población total hombres,2020,170476,Personas
23,Quintana Roo,008,Playa del Carmen,1002000003,Población total mujeres,2020,163324,Personas
23,Quintana Roo,008,Playa del Carmen,1002000004,Porcentaje de población de 15 a 29 años,2020,28.8405877941605,Porcentaje
23,Quintana Roo,008,Playa del Carmen,1002000005,Porcentaje de hombres de 15 a 29 años,2020,28.5809565386108,Porcentaje
23,Quintana Roo,008,Playa del Carmen,1002000006,Porcentaje de mujeres de 15 a 29 años,2020,29.1119984787983,Porcentaje
23,Quintana Roo,008,Playa del Carmen,1002000007,Porcentaje de población de 60 y más años,2020,4.06107258179474,Porcentaje
23,Quintana Roo,008,Playa del Carmen,1002000008,Porcentaje de hombres de 60 y más años,2020,3.75739716724874,Porcentaje
23,Quintana Roo,008,Playa del Carmen,1002000009,Porcentaje de mujeres de 60 y más años,2020,4.37852570197122,Porcentaje
23,Quintana Roo,008,Playa del Carmen,1002000010,Edad mediana,2020,28,Años
23,Quintana Roo,008,Playa del Carmen,1002000011,Edad mediana hombres,2020,28,Años
23,Quintana Roo,008,Playa del Carmen,1002000012,Edad mediana mujeres,2020,28,Años
23,Quintana Roo,008,Playa del Carmen,1002000013,Promedio de hijos nacidos vivos de las mujeres de 12 años y más,2020,1.48570368218931,Promedio
23,Quintana Roo,008,Playa del Carmen,1002000014,Población en hogares censales,2020,333104,Personas
23,Quintana Roo,008,Playa del Carmen,1002000015,Población en hogares familiares,2020,293115,Personas
23,Quintana Roo,008,Playa del Carmen,1002000016,Población en hogares no familiares,2020,29553,Personas
23,Quintana Roo,008,Playa del Carmen,1002000018,Hogares censales,2020,110763,Hogares
23,Quintana Roo,008,Playa del Carmen,1002000019,Hogares con jefatura masculina,2020,73289,Hogares
23,Quintana Roo,008,Playa del Carmen,1002000020,Hogares con jefatura femenina,2020,37474,Hogares
23,Quintana Roo,008,Playa del Carmen,1002000021,Tamaño promedio de los hogares censales,2020,3.00735805277936,Personas
23,Quintana Roo,008,Playa del Carmen,1002000022,Tamaño promedio de los hogares con jefe hombre,2020,3.02971796586118,Personas
23,Quintana Roo,008,Playa del Carmen,1002000023,Tamaño promedio de los hogares con jefe mujer,2020,2.96362811549341,Personas
23,Quintana Roo,008,Playa del Carmen,1002000024,Relación hombres-mujeres,2020,104.379025740246,Hombres por cada 100 mujeres
23,Quintana Roo,008,Playa del Carmen,1002000041,Porcentaje de personas de 15 años y más alfabetas,2020,97.964339584225,Porcentaje
23,Quintana Roo,008,Playa del Carmen,1002000050,Tasa de alfabetización de las personas de 15 a 24 años,2020,98.9138400826835,Tasa
23,Quintana Roo,008,Playa del Carmen,1002000055,Población de edad no especificada,2020,11102,Personas
23,Quintana Roo,008,Playa del Carmen,1002000056,Población de edad no especificada. Hombres,2020,5548,Personas
23,Quintana Roo,008,Playa del Carmen,1002000057,Población de edad no especificada. Mujeres,2020,5554,Personas
23,Quintana Roo,008,Playa del Carmen,1002000058,Población de 0 a 4 años,2020,28704,Personas
23,Quintana Roo,008,Playa del Carmen,1002000059,Población de 0 a 4 años. Hombres,2020,14508,Personas
23,Quintana Roo,008,Playa del Carmen,1002000060,Población de 0 a 4 años. Mujeres,2020,14196,Personas
23,Quintana Roo,008,Playa del Carmen,1002000061,Población de 10 a 14 años,2020,25311,Personas
23,Quintana Roo,008,Playa del Carmen,1002000062,Población de 10 a 14 años. Hombres,2020,12788,Personas
23,Quintana Roo,008,Playa del Carmen,1002000063,Población de 10 a 14 años. Mujeres,2020,12523,Personas
23,Quintana Roo,008,Playa del Carmen,1002000064,Población de 100 años y más,2020,6,Personas
23,Quintana Roo,008,Playa del Carmen,1002000065,Población de 100 años y más. Hombres,2020,4,Personas
23,Quintana Roo,008,Playa del Carmen,1002000066,Población de 100 años y más. Mujeres,2020,2,Personas
23,Quintana Roo,008,Playa del Carmen,1002000067,Población de 15 a 19 años,2020,23044,Personas
23,Quintana Roo,008,Playa del Carmen,1002000068,Población de 15 a 19 años. Hombres,2020,11599,Personas
23,Quintana Roo,008,Playa del Carmen,1002000069,Población de 15 a 19 años. Mujeres,2020,11445,Personas
23,Quintana Roo,008,Playa del Carmen,1002000070,Población de 20 a 24 años,2020,30171,Personas
23,Quintana Roo,008,Playa del Carmen,1002000071,Población de 20 a 24 años. Hombres,2020,15163,Personas
23,Quintana Roo,008,Playa del Carmen,1002000072,Población de 20 a 24 años. Mujeres,2020,15008,Personas
23,Quintana Roo,008,Playa del Carmen,1002000073,Población de 25 a 29 años,2020,39853,Personas
23,Quintana Roo,008,Playa del Carmen,1002000074,Población de 25 a 29 años. Hombres,2020,20376,Personas
23,Quintana Roo,008,Playa del Carmen,1002000075,Población de 25 a 29 años. Mujeres,2020,19477,Personas
23,Quintana Roo,008,Playa del Carmen,1002000076,Población de 30 a 34 años,2020,39326,Personas
23,Quintana Roo,008,Playa del Carmen,1002000077,Población de 30 a 34 años. Hombres,2020,20104,Personas
23,Quintana Roo,008,Playa del Carmen,1002000078,Población de 30 a 34 años. Mujeres,2020,19222,Personas
23,Quintana Roo,008,Playa del Carmen,1002000079,Población de 35 a 39 años,2020,33190,Personas
23,Quintana Roo,008,Playa del Carmen,1002000080,Población de 35 a 39 años. Hombres,2020,17443,Personas
23,Quintana Roo,008,Playa del Carmen,1002000081,Población de 35 a 39 años. Mujeres,2020,15747,Personas
23,Quintana Roo,008,Playa del Carmen,1002000082,Población de 40 a 44 años,2020,24579,Personas
23,Quintana Roo,008,Playa del Carmen,1002000083,Población de 40 a 44 años. Hombres,2020,12887,Personas
23,Quintana Roo,008,Playa del Carmen,1002000084,Población de 40 a 44 años. Mujeres,2020,11692,Personas
23,Quintana Roo,008,Playa del Carmen,1002000085,Población de 45 a 49 años,2020,17773,Personas
23,Quintana Roo,008,Playa del Carmen,1002000086,Población de 45 a 49 años. Hombres,2020,9584,Personas
23,Quintana Roo,008,Playa del Carmen,1002000087,Población de 45 a 49 años. Mujeres,2020,8189,Personas
23,Quintana Roo,008,Playa del Carmen,1002000088,Población de 5 a 9 años,2020,28024,Personas
23,Quintana Roo,008,Playa del Carmen,1002000089,Población de 5 a 9 años. Hombres,2020,14136,Personas
23,Quintana Roo,008,Playa del Carmen,1002000090,Población de 5 a 9 años. Mujeres,2020,13888,Personas
23,Quintana Roo,008,Playa del Carmen,1002000091,Población de 50 a 54 años,2020,11996,Personas
23,Quintana Roo,008,Playa del Carmen,1002000092,Población de 50 a 54 años. Hombres,2020,6284,Personas
23,Quintana Roo,008,Playa del Carmen,1002000093,Población de 50 a 54 años. Mujeres,2020,5712,Personas
23,Quintana Roo,008,Playa del Carmen,1002000094,Población de 55 a 59 años,2020,7622,Personas
23,Quintana Roo,008,Playa del Carmen,1002000095,Población de 55 a 59 años. Hombres,2020,3859,Número de personas
23,Quintana Roo,008,Playa del Carmen,1002000096,Población de 55 a 59 años. Mujeres,2020,3763,Número de personas
23,Quintana Roo,008,Playa del Carmen,1002000097,Población de 60 a 64 años,2020,5465,Personas
23,Quintana Roo,008,Playa del Carmen,1002000098,Población de 60 a 64 años. Hombres,2020,2579,Número de personas
23,Quintana Roo,008,Playa del Carmen,1002000099,Población de 60 a 64 años. Mujeres,2020,2886,Número de personas
23,Quintana Roo,008,Playa del Carmen,1002000100,Población de 65 a 69 años,2020,3626,Personas
23,Quintana Roo,008,Playa del Carmen,1002000101,Población de 65 a 69 años. Hombres,2020,1725,Número de personas
23,Quintana Roo,008,Playa del Carmen,1002000102,Población de 65 a 69 años. Mujeres,2020,1901,Número de personas
23,Quintana Roo,008,Playa del Carmen,1002000103,Población de 70 a 74 años,2020,2022,Personas
23,Quintana Roo,008,Playa del Carmen,1002000104,Población de 70 a 74 años. Hombres,2020,984,Número de personas
23,Quintana Roo,008,Playa del Carmen,1002000105,Población de 70 a 74 años. Mujeres,2020,1038,Número de personas
23,Quintana Roo,008,Playa del Carmen,1002000106,Población de 75 a 79 años,2020,1052,Personas
23,Quintana Roo,008,Playa del Carmen,1002000107,Población de 75 a 79 años. Hombres,2020,486,Número de personas
23,Quintana Roo,008,Playa del Carmen,1002000108,Población de 75 a 79 años. Mujeres,2020,566,Número de personas
23,Quintana Roo,008,Playa del Carmen,1002000109,Población de 80 a 84 años,2020,555,Personas
23,Quintana Roo,008,Playa del Carmen,1002000110,Población de 80 a 84 años. Hombres,2020,260,Número de personas
23,Quintana Roo,008,Playa del Carmen,1002000111,Población de 80 a 84 años. Mujeres,2020,295,Número de personas
23,Quintana Roo,008,Playa del Carmen,1002000112,Población de 85 a 89 años,2020,251,Personas
23,Quintana Roo,008,Playa del Carmen,1002000113,Población de 85 a 89 años. Hombres,2020,112,Número de personas
23,Quintana Roo,008,Playa del Carmen,1002000114,Población de 85 a 89 años. Mujeres,2020,139,Número de personas
23,Quintana Roo,008,Playa del Carmen,1002000115,Población de 90 a 94 años,2020,87,Personas
23,Quintana Roo,008,Playa del Carmen,1002000116,Población de 90 a 94 años. Hombres,2020,31,Número de personas
23,Quintana Roo,008,Playa del Carmen,1002000117,Población de 90 a 94 años. Mujeres,2020,56,Número de personas
23,Quintana Roo,008,Playa del Carmen,1002000118,Población de 95 a 99 años,2020,41,Personas
23,Quintana Roo,008,Playa del Carmen,1002000119,Población de 95 a 99 años. Hombres,2020,16,Número de personas
23,Quintana Roo,008,Playa del Carmen,1002000120,Población de 95 a 99 años. Mujeres,2020,25,Número de personas
23,Quintana Roo,008,Playa del Carmen,1002000127,Relación de dependencia,2020,38.4857028825976,Personas dependientes por cada 100 personas en edad de trabajar
23,Quintana Roo,008,Playa del Carmen,1003000001,Total de viviendas particulares habitadas,2020,110763,Viviendas
23,Quintana Roo,008,Playa del Carmen,1003000011,Viviendas particulares habitadas,2020,90727,Número de Viviendas
23,Quintana Roo,008,Playa del Carmen,1003000015,Promedio de ocupantes en viviendas particulares habitadas,2020,3.00789038421562,Promedio
23,Quintana Roo,008,Playa del Carmen,1003000017,Viviendas particulares habitadas que disponen de energía eléctrica,2020,106124,Viviendas
23,Quintana Roo,008,Playa del Carmen,1003000018,Viviendas particulares habitadas que disponen de agua de la red pública en el ámbito de la vivienda,2020,105851,Viviendas
23,Quintana Roo,008,Playa del Carmen,1003000019,Viviendas particulares habitadas que disponen de drenaje,2020,106256,Viviendas
23,Quintana Roo,008,Playa del Carmen,1003000020,Viviendas particulares habitadas que disponen de excusado o sanitario,2020,106599,Viviendas
23,Quintana Roo,008,Playa del Carmen,1003000023,Viviendas particulares habitadas que disponen de lavadora,2020,76377,Viviendas
23,Quintana Roo,008,Playa del Carmen,1003000024,Viviendas particulares habitadas que disponen de computadora,2020,39208,Viviendas
23,Quintana Roo,008,Playa del Carmen,1004000001,Población derechohabiente a servicios de salud,2020,230165,Personas
23,Quintana Roo,008,Playa del Carmen,1005000012,Población de 5 años y más que asiste a la escuela,2020,68773,Personas
23,Quintana Roo,008,Playa del Carmen,1005000038,Grado promedio de escolaridad de la población de 15 y más años,2020,10.6973363495217,Años de escolaridad
23,Quintana Roo,008,Playa del Carmen,1005000039,Población de 5 años y más hablante de lengua indígena,2020,26248,Personas
23,Quintana Roo,008,Playa del Carmen,3104003001,Porcentaje de población inmigrante (migración reciente),2020,18.5224665243077,Porcentaje
23,Quintana Roo,008,Playa del Carmen,3105001001,Densidad de población,2020,165.661726628725,Habitantes por kilómetro cuadrado
23,Quintana Roo,008,Playa del Carmen,3105004001,Porcentaje de población en localidades de menos de 2 500 habitantes,2020,1.79149191132415,Porcentaje
23,Quintana Roo,008,Playa del Carmen,3108001001,Porcentaje de analfabetas total,2020,1.72235403620891,Porcentaje
23,Quintana Roo,008,Playa del Carmen,3108001002,Porcentaje de analfabetas hombres,2020,1.33445617671827,Porcentaje
23,Quintana Roo,008,Playa del Carmen,3108001003,Porcentaje de analfabetas mujeres,2020,2.13121890016473,Porcentaje
23,Quintana Roo,008,Playa del Carmen,3114004001,Porcentaje de viviendas con piso de tierra,2020,1.49311737963323,Porcentaje
23,Quintana Roo,008,Playa del Carmen,3114006001,Porcentaje de viviendas con electricidad,2020,95.9174266320803,Porcentaje
23,Quintana Roo,008,Playa del Carmen,6200031290,Porcentaje de viviendas particulares habitadas con disponibilidad de drenaje,2020,96.0367314105982,Porcentaje
23,Quintana Roo,008,Playa del Carmen,6200031291,Porcentaje de viviendas particulares habitadas con disponibilidad de excusado,2020,96.3467430699289,Porcentaje
23,Quintana Roo,008,Playa del Carmen,6200108938,Porcentaje de viviendas con techos de materiales resistentes,2020,96.5926368375326,Porcentaje
23,Quintana Roo,008,Playa del Carmen,6200205238,Población de 8 a 14 años que sabe leer y escribir,2020,35039,Personas
23,Quintana Roo,008,Playa del Carmen,6200205244,Viviendas que son cuarto de azotea,2020,9,Viviendas
23,Quintana Roo,008,Playa del Carmen,6200205245,Viviendas móviles,2020,5,Viviendas
23,Quintana Roo,008,Playa del Carmen,6200205246,Viviendas que son departamento en edificio o vivienda en vecindad,2020,21701,Viviendas
23,Quintana Roo,008,Playa del Carmen,6200205247,Viviendas que son refugio,2020,9,Viviendas
23,Quintana Roo,008,Playa del Carmen,6200205248,Viviendas colectivas,2020,13,Viviendas
23,Quintana Roo,008,Playa del Carmen,6200205249,Viviendas que son casa independiente o local no construido para habitación,2020,58196,Viviendas
23,Quintana Roo,008,Playa del Carmen,6200205251,Promedio de hijos nacidos vivos de las mujeres de 12 años y más casada sólo religiosamente,2020,2.2314990512334,Promedio
23,Quintana Roo,008,Playa del Carmen,6200205252,Población de 5 años y más inmigrante,2020,50510,Personas
23,Quintana Roo,008,Playa del Carmen,6200205253,Población total sin limitación en la actividad,2020,290106,Personas
23,Quintana Roo,008,Playa del Carmen,6200205254,Población total que no especificó limitación en la actividad,2020,11650,Personas
23,Quintana Roo,008,Playa del Carmen,6200205255,Porcentaje de la población migrante internacional destino otro país,2020,29.6028880866426,Porcentaje
23,Quintana Roo,008,Playa del Carmen,6200205256,Población de 5 años y más con religión no especificada,2020,907,Personas
23,Quintana Roo,008,Playa del Carmen,6200205257,Población de 5 años y más católica,2020,148810,Personas
23,Quintana Roo,008,Playa del Carmen,6200205258,Promedio de hijos nacidos vivos de las mujeres de 12 años y más solteras,2020,0.292102032464875,Promedio
23,Quintana Roo,008,Playa del Carmen,6200205259,Población nacida en otro país residente en México,2020,9587,Personas
23,Quintana Roo,008,Playa del Carmen,6200205260,Población con limitación en la actividad para escuchar,2020,3085,Personas
23,Quintana Roo,008,Playa del Carmen,6200205261,Población con limitación en la actividad para hablar o comunicarse,2020,1672,Personas
23,Quintana Roo,008,Playa del Carmen,6200205263,Población con limitación en la actividad para caminar o moverse,2020,4684,Personas
23,Quintana Roo,008,Playa del Carmen,6200205264,Porcentaje de la población migrante internacional destino no especificado,2020,30.2346570397112,Porcentaje
23,Quintana Roo,008,Playa del Carmen,6200205265,Promedio de hijos nacidos vivos de las mujeres de 12 años y más que no especificó estado conyugal,2020,2,Promedio
23,Quintana Roo,008,Playa del Carmen,6200205266,Promedio de hijos nacidos vivos de las mujeres de 12 años y más casada civil y religiosamente,2020,2.24544634806132,Promedio
23,Quintana Roo,008,Playa del Carmen,6200205267,Promedio de hijos nacidos vivos de las mujeres de 12 años y más separadas,2020,2.46698635189967,Promedio
23,Quintana Roo,008,Playa del Carmen,6200205268,Población nacida en otro país residente en México hombres,2020,4637,Personas
23,Quintana Roo,008,Playa del Carmen,6200205269,Población con limitación en la actividad para atender el cuidado personal,2020,924,Personas
23,Quintana Roo,008,Playa del Carmen,6200205270,Población con limitación en la actividad para poner atención o aprender,2020,3182,Personas
23,Quintana Roo,008,Playa del Carmen,6200205271,Población con limitación en la actividad,2020,21924,Personas
23,Quintana Roo,008,Playa del Carmen,6200205272,Porcentaje de población nacida en otro país residente en México,2020,2.87207908927502,Porcentaje
23,Quintana Roo,008,Playa del Carmen,6200205273,Población de 5 años y más con religión distinta de católica,2020,60159,Personas
23,Quintana Roo,008,Playa del Carmen,6200205274,Porcentaje de población masculina nacida en otro país residente en México,2020,2.72003097210164,Porcentaje
23,Quintana Roo,008,Playa del Carmen,6200205275,Promedio de hijos nacidos vivos de las mujeres de 12 años y más divorciadas,2020,2.28299065420561,Promedio
23,Quintana Roo,008,Playa del Carmen,6200205276,Promedio de hijos nacidos vivos de las mujeres de 12 años y más en unión libre,2020,1.59555589649177,Promedio
23,Quintana Roo,008,Playa del Carmen,6200205277,Población de 5 años y más emigrante,2020,18907,Personas
23,Quintana Roo,008,Playa del Carmen,6200205279,Promedio de hijos nacidos vivos de las mujeres de 12 años y más casada sólo por lo civil,2020,2.02961043767928,Promedio
23,Quintana Roo,008,Playa del Carmen,6200205280,Población con limitación en la actividad para ver,2020,14693,Personas
23,Quintana Roo,008,Playa del Carmen,6200205282,Porcentaje de población femenina nacida en otro país residente en México,2020,3.03078543263697,Porcentaje
23,Quintana Roo,008,Playa del Carmen,6200205283,Promedio de hijos nacidos vivos de las mujeres de 12 años y más viudas,2020,3.8031561461794,Promedio
23,Quintana Roo,008,Playa del Carmen,6200205284,Población nacida en otro país residente en México mujeres,2020,4950,Personas
23,Quintana Roo,008,Playa del Carmen,6200205285,Porcentaje de la población migrante internacional destino Estados Unidos de América,2020,40.1624548736462,Porcentaje
23,Quintana Roo,008,Playa del Carmen,6200205286,Población con limitación en la actividad mental,2020,2726,Personas
23,Quintana Roo,008,Playa del Carmen,6200205288,Índice de masculinidad de la población nacida en otro país residente en México,2020,93.6767676767677,Índice
23,Quintana Roo,008,Playa del Carmen,6200205289,Población de 5 años y más sin religión,2020,84118,Personas
23,Quintana Roo,008,Playa del Carmen,6200240300,Porcentaje de hombres de 0 a 4 años,2020,4.49584441180299,Porcentaje
23,Quintana Roo,008,Playa del Carmen,6200240301,Población católica,2020,161.782,Miles DE personas
23,Quintana Roo,008,Playa del Carmen,6200240302,Porcentaje de la población de 60 a 84 años con limitación en la actividad,2020,24.6540880503145,Porcentaje
23,Quintana Roo,008,Playa del Carmen,6200240304,Tasa de monolingüismo de la población de 5 años y más hablante de Tojolabal,2020,0,Porcentaje
23,Quintana Roo,008,Playa del Carmen,6200240305,Porcentaje de la población que profesa la religión católica,2020,48.4667465548232,Porcentaje
23,Quintana Roo,008,Playa del Carmen,6200240310,Porcentaje de mujeres de 75 a 79 años,2020,0.175396190865763,Porcentaje
23,Quintana Roo,008,Playa del Carmen,6200240311,Porcentaje de hombres de 10 a 14 años,2020,3.96283831941939,Porcentaje
23,Quintana Roo,008,Playa del Carmen,6200240312,Porcentaje de mujeres de 5 a 9 años,2020,4.30371430873448,Porcentaje
23,Quintana Roo,008,Playa del Carmen,6200240314,Porcentaje de la población de 15 años y más con instrucción media superior,2020,31.276204089604,Porcentaje
23,Quintana Roo,008,Playa del Carmen,6200240315,Porcentaje de la población con limitación mental,2020,0.890041073795702,Porcentaje
23,Quintana Roo,008,Playa del Carmen,6200240316,Tasa de monolingüismo de la población de 5 años y más hablante de Maya,2020,0.9298245614035,Porcentaje
23,Quintana Roo,008,Playa del Carmen,6200240318,Población de 5 años y más hablante de Tzeltal  (Tseltal),2020,2909,Personas
23,Quintana Roo,008,Playa del Carmen,6200240319,Tasa de monolingüismo de la población de 5 años y más hablante de Mazateco,2020,0,Porcentaje
23,Quintana Roo,008,Playa del Carmen,6200240320,Población de 5 años y más hablante de Lenguas chinantecas,2020,20,Personas
23,Quintana Roo,008,Playa del Carmen,6200240323,Porcentaje de la población derechohabiente en el Seguro popular,2020,20.3693002845785,Porcentaje
23,Quintana Roo,008,Playa del Carmen,6200240325,Tasa de monolingüismo de la población de 5 años y más hablante de Náhuatl,2020,0.9367681498829,Porcentaje
23,Quintana Roo,008,Playa del Carmen,6200240326,Población de 5 años y más hablante de Lenguas zapotecas,2020,193,Personas
23,Quintana Roo,008,Playa del Carmen,6200240328,Porcentaje de mujeres de 55 a 59 años,2020,1.16610577072061,Porcentaje
23,Quintana Roo,008,Playa del Carmen,6200240330,Porcentaje de hombres de 75 a 79 años,2020,0.150605209824666,Porcentaje
23,Quintana Roo,008,Playa del Carmen,6200240331,Población de 5 años y más hablante de Maya,2020,17100,Personas
23,Quintana Roo,008,Playa del Carmen,6200240332,Población de 5 años y más hablante de Otomí,2020,14,Personas
23,Quintana Roo,008,Playa del Carmen,6200240334,Población de 5 años y más hablante de Tojolabal,2020,156,Personas
23,Quintana Roo,008,Playa del Carmen,6200240341,Porcentaje de mujeres de 40 a 44 años,2020,3.62320187915636,Porcentaje
23,Quintana Roo,008,Playa del Carmen,6200240342,Porcentaje de mujeres de 70 a 74 años,2020,0.321662979008237,Porcentaje
23,Quintana Roo,008,Playa del Carmen,6200240343,Porcentaje de hombres de 15 a 19 años,2020,3.59438236369609,Porcentaje
23,Quintana Roo,008,Playa del Carmen,6200240344,Porcentaje de mujeres de 85 años y más,2020,0.0687949723890449,Porcentaje
23,Quintana Roo,008,Playa del Carmen,6200240345,Población de 5 años y más hablante de Mixe,2020,44,Personas
23,Quintana Roo,008,Playa del Carmen,6200240354,Porcentaje de mujeres de 10 a 14 años,2020,3.88071819472076,Porcentaje
23,Quintana Roo,008,Playa del Carmen,6200240356,Porcentaje de mujeres de 20 a 24 años,2020,4.65078804330984,Porcentaje
23,Quintana Roo,008,Playa del Carmen,6200240357,Porcentaje de hombres de 35 a 39 años,2020,5.40536352874824,Porcentaje
23,Quintana Roo,008,Playa del Carmen,6200240358,Porcentaje de la población de 0 a 14 años con limitación en la actividad,2020,3.67264349882373,Porcentaje
23,Quintana Roo,008,Playa del Carmen,6200240361,Población de 5 años y más hablante de Mazahua,2020,7,Personas
23,Quintana Roo,008,Playa del Carmen,6200240364,Tasa de monolingüismo de la población de 5 años y más hablante de Chatino,2020,0,Porcentaje
23,Quintana Roo,008,Playa del Carmen,6200240365,Porcentaje de la población de 15 años y más con instrucción superior,2020,22.7965710819043,Porcentaje
23,Quintana Roo,008,Playa del Carmen,6200240366,Tasa de monolingüismo de la población de 5 años y más hablante de Lenguas mixtecas,2020,6.06060606060606,Porcentaje
23,Quintana Roo,008,Playa del Carmen,6200240367,Porcentaje de la población con limitación para hablar o comunicarse,2020,6.35142046775468,Porcentaje
23,Quintana Roo,008,Playa del Carmen,6200240368,Porcentaje de la población de 15 años y más con instrucción no especificada,2020,0.301671659900523,Porcentaje
23,Quintana Roo,008,Playa del Carmen,6200240377,Porcentaje de mujeres de 45 a 49 años,2020,2.53766679681932,Porcentaje
23,Quintana Roo,008,Playa del Carmen,6200240378,Porcentaje de mujeres de 0 a 4 años,2020,4.39915958574271,Porcentaje
23,Quintana Roo,008,Playa del Carmen,6200240379,Porcentaje de mujeres de 80 a 84 años,2020,0.0914167425890461,Porcentaje
23,Quintana Roo,008,Playa del Carmen,6200240381,Tasa de monolingüismo de la población de 5 años y más hablante de Tzotzil (Tsotsil),2020,1.07142857142857,Porcentaje
23,Quintana Roo,008,Playa del Carmen,6200240384,Porcentaje de mujeres de 15 a 19 años,2020,3.54665972519197,Porcentaje
23,Quintana Roo,008,Playa del Carmen,6200240386,Población de 5 años y más hablante de Lenguas mixtecas,2020,33,Personas
23,Quintana Roo,008,Playa del Carmen,6200240388,Porcentaje de hombres de 65 a 69 años,2020,0.534555528698659,Porcentaje
23,Quintana Roo,008,Playa del Carmen,6200240389,Tasa de crecimiento promedio anual de las viviendas particulares habitadas,2020,8.73933713803661,Tasa
23,Quintana Roo,008,Playa del Carmen,6200240390,Porcentaje de la población con discapacidad por accidente,2020,13.344120819849,Porcentaje
23,Quintana Roo,008,Playa del Carmen,6200240395,"Viviendas, de cada cien que cuentan con electricidad, agua y drenaje",2020,94.8843557090048,Porcentaje
23,Quintana Roo,008,Playa del Carmen,6200240396,Porcentaje de la población de 30 a 59 años con limitación en la actividad,2020,8.41500230507265,Porcentaje
23,Quintana Roo,008,Playa del Carmen,6200240397,Tasa de monolingüismo de la población de 5 años y más hablante de Chol (Ch''ol),2020,0.58873002523128,Porcentaje
23,Quintana Roo,008,Playa del Carmen,6200240398,Tasa de monolingüismo de la población de 5 años y más hablante de Totonaca (Totonaco),2020,0,Porcentaje
23,Quintana Roo,008,Playa del Carmen,6200240407,Índice de envejecimiento,2020,15.9741098745719,Porcentaje
23,Quintana Roo,008,Playa del Carmen,6200240410,Porcentaje de hombres de 60 a 64 años,2020,0.799199251312373,Porcentaje
23,Quintana Roo,008,Playa del Carmen,6200240411,Porcentaje de hombres de 85 años y más,2020,0.0505116238712356,Porcentaje
23,Quintana Roo,008,Playa del Carmen,6200240413,Tasa de monolingüismo de la población de 5 años y más hablante de Huasteco,2020,0,Porcentaje
23,Quintana Roo,008,Playa del Carmen,6200240414,"Porcentaje de la población derechohabiente en PEMEX, SDN o SM",2020,0.132079160602177,Porcentaje
23,Quintana Roo,008,Playa del Carmen,6200240416,Porcentaje de la población usuaria de servicios de salud en instituciones de servicios médicos privados,2020,3.11559098907306,Porcentaje
23,Quintana Roo,008,Playa del Carmen,6200240421,Porcentaje de la población derechohabiente en el ISSSTE,2020,3.0317381009276,Porcentaje
23,Quintana Roo,008,Playa del Carmen,6200240423,Porcentaje de hombres de 40 a 44 años,2020,3.99351715845775,Porcentaje
23,Quintana Roo,008,Playa del Carmen,6200240424,Tasa de monolingüismo de la población de 5 años y más hablante de Mixe,2020,0,Porcentaje
23,Quintana Roo,008,Playa del Carmen,6200240425,Porcentaje de hombres de 70 a 74 años,2020,0.304929066805496,Porcentaje
23,Quintana Roo,008,Playa del Carmen,6200240426,Porcentaje de mujeres de 60 a 64 años,2020,0.894334641057583,Porcentaje
23,Quintana Roo,008,Playa del Carmen,6200240427,Porcentaje de mujeres de 65 a 69 años,2020,0.589095686989073,Porcentaje
23,Quintana Roo,008,Playa del Carmen,6200240428,Tasa de monolingüismo de la población de 5 años y más hablante de Otomí,2020,0,Porcentaje
23,Quintana Roo,008,Playa del Carmen,6200240430,Porcentaje de la población con limitación para caminar y moverse,2020,21.3647144681627,Porcentaje
23,Quintana Roo,008,Playa del Carmen,6200240431,Población de 5 años y más hablante de Purépecha (Tarasco),2020,1,Personas
23,Quintana Roo,008,Playa del Carmen,6200240432,Tasa de monolingüismo de la población de 5 años y más hablante de Zoque,2020,0.17699115044247,Porcentaje
23,Quintana Roo,008,Playa del Carmen,6200240433,Tasa de monolingüismo de la población de 5 años y más hablante de Lenguas zapotecas,2020,0.5181347150259,Porcentaje
23,Quintana Roo,008,Playa del Carmen,6200240434,Población de 5 años y más hablante de Chatino,2020,1,Personas
23,Quintana Roo,008,Playa del Carmen,6200240435,Porcentaje de la población con limitación para atender el cuidado personal,2020,4.21455938697318,Porcentaje
23,Quintana Roo,008,Playa del Carmen,6200240443,Porcentaje de mujeres de 35 a 39 años,2020,4.87979473067698,Porcentaje
23,Quintana Roo,008,Playa del Carmen,6200240444,Porcentaje de hombres de 55 a 59 años,2020,1.19585494796993,Porcentaje
23,Quintana Roo,008,Playa del Carmen,6200240445,Porcentaje de hombres de 5 a 9 años,2020,4.38056634996188,Porcentaje
23,Quintana Roo,008,Playa del Carmen,6200240447,Porcentaje de la población de 15 años y más sin instrucción,2020,2.666843957633,Porcentaje
23,Quintana Roo,008,Playa del Carmen,6200240449,Tasa de monolingüismo de la población de 5 años y más hablante de lengua indígena,2020,0.83053946967388,Porcentaje
23,Quintana Roo,008,Playa del Carmen,6200240450,Porcentaje de la población con limitación para ver,2020,67.0178799489144,Porcentaje
23,Quintana Roo,008,Playa del Carmen,6200240451,Población de 5 años y más hablante de Tarahumara,2020,3,Personas
23,Quintana Roo,008,Playa del Carmen,6200240452,Población de 5 años y más hablante de Chol (Ch''ol),2020,2378,Personas
23,Quintana Roo,008,Playa del Carmen,6200240453,Población de 5 años y más hablante de Totonaca (Totonaco),2020,67,Personas
23,Quintana Roo,008,Playa del Carmen,6200240454,Tasa de monolingüismo de la población de 5 años y más hablante de Mazahua,2020,0,Porcentaje
23,Quintana Roo,008,Playa del Carmen,6200240458,Porcentaje de la población con discapacidad por edad avanzada,2020,6.85005393743258,Porcentaje
23,Quintana Roo,008,Playa del Carmen,6200240459,Porcentaje de la población con discapacidad por nacimiento,2020,15.2750809061489,Porcentaje
23,Quintana Roo,008,Playa del Carmen,6200240466,Población de 5 años y más hablante de Tlapaneco,2020,2,Personas
23,Quintana Roo,008,Playa del Carmen,6200240471,Porcentaje de la población derechohabiente en el IMSS,2020,73.4034279755827,Porcentaje
23,Quintana Roo,008,Playa del Carmen,6200240475,Porcentaje de hombres de 80 a 84 años,2020,0.080570688383566,Porcentaje
23,Quintana Roo,008,Playa del Carmen,6200240477,Porcentaje de la población de 85 y más con limitación en la actividad,2020,30.3896103896104,Porcentaje
23,Quintana Roo,008,Playa del Carmen,6200240478,Porcentaje de la población con limitación para escuchar,2020,14.0713373471994,Porcentaje
23,Quintana Roo,008,Playa del Carmen,6200240479,Porcentaje de la población con limitación para poner atención o aprender,2020,14.5137748586024,Porcentaje
23,Quintana Roo,008,Playa del Carmen,6200240480,Población de 5 años y más hablante de Huasteco,2020,5,Personas
23,Quintana Roo,008,Playa del Carmen,6200240481,Población de 5 años y más hablante de Tzotzil (Tsotsil),2020,1400,Personas
23,Quintana Roo,008,Playa del Carmen,6200240486,Porcentaje de hombres de 25 a 29 años,2020,6.31426287116747,Porcentaje
23,Quintana Roo,008,Playa del Carmen,6200240488,Porcentaje de la población de 15 a 29 años con limitación en la actividad,2020,4.66433145656939,Porcentaje
23,Quintana Roo,008,Playa del Carmen,6200240493,Porcentaje de la población de 5 años y más hablante de lengua indígena,2020,8.9280733620414,Porcentaje
23,Quintana Roo,008,Playa del Carmen,6200240495,Porcentaje de la población con discapacidad por otra causa,2020,30.6148867313916,Porcentaje
23,Quintana Roo,008,Playa del Carmen,6200240496,Población de 5 años y más hablante de Náhuatl,2020,427,Personas
23,Quintana Roo,008,Playa del Carmen,6200240497,Población no católica,2020,62104,Miles DE personas
23,Quintana Roo,008,Playa del Carmen,6200240499,Porcentaje de la población que profesa la religión protestante y evangélica,2020,18.3346315158778,Porcentaje
23,Quintana Roo,008,Playa del Carmen,6200240507,Porcentaje de mujeres de 50 a 54 años,2020,1.77007604633434,Porcentaje
23,Quintana Roo,008,Playa del Carmen,6200240509,Tasa de monolingüismo de la población de 5 años y más hablante de Tarahumara,2020,0,Porcentaje
23,Quintana Roo,008,Playa del Carmen,6200240518,Porcentaje de hombres de 30 a 34 años,2020,6.22997353562774,Porcentaje
23,Quintana Roo,008,Playa del Carmen,6200240520,Porcentaje de hombres de 20 a 24 años,2020,4.69882056907697,Porcentaje
23,Quintana Roo,008,Playa del Carmen,6200240521,Población de 5 años y más hablante de Zoque,2020,565,Personas
23,Quintana Roo,008,Playa del Carmen,6200240522,Tasa de monolingüismo de la población de 5 años y más hablante de Purépecha (Tarasco),2020,0,Porcentaje
23,Quintana Roo,008,Playa del Carmen,6200240532,Porcentaje de hombres de 45 a 49 años,2020,2.96995952872345,Porcentaje
23,Quintana Roo,008,Playa del Carmen,6200240533,Porcentaje de hombres de 50 a 54 años,2020,1.94733156077819,Porcentaje
23,Quintana Roo,008,Playa del Carmen,6200240534,Tasa de monolingüismo de la población de 5 años y más hablante de Resto de lenguas,2020,1.09890109890109,Porcentaje
23,Quintana Roo,008,Playa del Carmen,6200240535,Población de 5 años y más hablante de Mazateco,2020,13,Personas
23,Quintana Roo,008,Playa del Carmen,6200240536,Tasa de monolingüismo de la población de 5 años y más hablante de Tlapaneco,2020,0,Porcentaje
23,Quintana Roo,008,Playa del Carmen,6200240537,Tasa de monolingüismo de la población de 5 años y más hablante de Tzeltal (Tseltal),2020,0.41251289102784,Porcentaje
23,Quintana Roo,008,Playa del Carmen,6200240538,Población de 5 años y más hablante del Resto de lenguas,2020,910,Personas
23,Quintana Roo,008,Playa del Carmen,6200240539,Tasa de monolingüismo de la población de 5 años y más hablante de Lenguas chinantecas,2020,0,Porcentaje
23,Quintana Roo,008,Playa del Carmen,6200240540,Porcentaje de la población con discapacidad por enfermedad,2020,29.5361380798274,Porcentaje
23,Quintana Roo,008,Playa del Carmen,6200240548,Porcentaje de mujeres de 25 a 29 años,2020,6.03567422171814,Porcentaje
23,Quintana Roo,008,Playa del Carmen,6200240549,Porcentaje de mujeres de 30 a 34 años,2020,5.95665296964964,Porcentaje
23,Quintana Roo,008,Playa del Carmen,6205370864,Porcentaje de población que se considera afrodescendiente,2020,3.2336728579988,Porcentaje
23,Quintana Roo,008,Playa del Carmen,6207019007,Porcentaje de la población de 12 años y más viuda,2020,1.82351880736462,Porcentaje
23,Quintana Roo,008,Playa del Carmen,6207019009,Porcentaje de la población de 12 años y más casada,2020,27.2148326971462,Porcentaje
23,Quintana Roo,008,Playa del Carmen,6207019010,Porcentaje de población de 25 años y más alfabeta,2020,97.6947781737479,Porcentaje
23,Quintana Roo,008,Playa del Carmen,6207019011,Porcentaje de la población de 12 años y más soltera,2020,32.476113588801,Porcentaje
23,Quintana Roo,008,Playa del Carmen,6207019012,Porcentaje de la población de 12 años y más separada,2020,5.21307697734024,Porcentaje
23,Quintana Roo,008,Playa del Carmen,6207019016,Porcentaje de la población de 12 años y más divorciada,2020,1.74944937805193,Porcentaje
23,Quintana Roo,008,Playa del Carmen,6207019017,Porcentaje de población afiliada a otra institución,2020,0.41491973149697,Porcentaje
23,Quintana Roo,008,Playa del Carmen,6207019018,Porcentaje de población afiliada a servicios de salud,2020,68.9529658478131,Porcentaje
23,Quintana Roo,008,Playa del Carmen,6207019019,Porcentaje de la población de 12 años y más en unión libre,2020,31.3399904375975,Porcentaje
23,Quintana Roo,008,Playa del Carmen,6207019020,Porcentaje de población de 15 años y más sin escolaridad,2020,2.37348281177932,Porcentaje
23,Quintana Roo,008,Playa del Carmen,6207019022,Porcentaje de viviendas particulares habitadas propias,2020,44.9599985519838,Porcentaje
23,Quintana Roo,008,Playa del Carmen,6207019023,Porcentaje de hijos fallecidos de las mujeres de 15 a 49 años,2020,3.13935915245699,Porcentaje
23,Quintana Roo,008,Playa del Carmen,6207019024,Porcentaje de la población de 3 a 5 años que asiste a la escuela,2020,49.5986805937328,Porcentaje
23,Quintana Roo,008,Playa del Carmen,6207019026,Porcentaje de la población de 6 a 11 años que asiste a la escuela,2020,91.8747342202782,Porcentaje
23,Quintana Roo,008,Playa del Carmen,6207019028,Porcentaje de la población de 12 a 14 años que asiste a la escuela,2020,89.3430757565313,Porcentaje
23,Quintana Roo,008,Playa del Carmen,6207019029,Porcentaje de la población de 15 a 24 años que asiste a la escuela,2020,31.9139340411538,Porcentaje
23,Quintana Roo,008,Playa del Carmen,6207019030,Porcentaje de población de 12 años y más económicamente activa,2020,73.8323287585337,Porcentaje
23,Quintana Roo,008,Playa del Carmen,6207019031,Porcentaje de población de 15 años y más con escolaridad básica,2020,43.2520703568119,Porcentaje
23,Quintana Roo,008,Playa del Carmen,6207019034,Porcentaje de población de 3 años y más hablante de lengua indígena,2020,8.61341656926061,Porcentaje
23,Quintana Roo,008,Playa del Carmen,6207019035,Porcentaje de la población de 12 años y más No Económicamente Activa,2020,25.8310276447489,Porcentaje
23,Quintana Roo,008,Playa del Carmen,6207019036,Promedio de hijos nacidos vivos de las mujeres de 15 a 49 años EI2015,2020,1.30606455722661,Promedio
23,Quintana Roo,008,Playa del Carmen,6207019039,Porcentaje de la población de 12 años y más económicamente activa ocupada,2020,98.1565328166883,Porcentaje
23,Quintana Roo,008,Playa del Carmen,6207019040,Porcentaje de la población femenina de 12 años y más económicamente activa,2020,40.9782637543459,Porcentaje
23,Quintana Roo,008,Playa del Carmen,6207019042,Porcentaje de viviendas particulares habitadas que disponen de Internet,2020,52.5456205204219,Porcentaje
23,Quintana Roo,008,Playa del Carmen,6207019043,Porcentaje de la población masculina de 12 años y más económicamente activa,2020,59.0217362456541,Porcentaje
23,Quintana Roo,008,Playa del Carmen,6207019046,Porcentaje de viviendas particulares habitadas que disponen de computadora,2020,35.4371345161378,Porcentaje
23,Quintana Roo,008,Playa del Carmen,6207019047,Porcentaje de la población de 12 años y más no económicamente activa que estudia,2020,39.1021361815754,Porcentaje
23,Quintana Roo,008,Playa del Carmen,6207019050,Porcentaje de viviendas particulares habitadas que disponen de teléfono fijo,2020,21.516436040889,Porcentaje
23,Quintana Roo,008,Playa del Carmen,6207019051,Porcentaje de la población de 12 años y más sin especificar su situación conyugal,2020,0.183018113698534,Porcentaje
23,Quintana Roo,008,Playa del Carmen,6207019054,Porcentaje de la población femenina de 12 años y más económicamente activa ocupada,2020,98.3368091086903,Porcentaje
23,Quintana Roo,008,Playa del Carmen,6207019055,Porcentaje de viviendas particulares habitadas que disponen de teléfono celular,2020,92.2985150170371,Porcentaje
23,Quintana Roo,008,Playa del Carmen,6207019056,Porcentaje de la población masculina de 12 años y más económicamente activa ocupada,2020,98.0313685990251,Porcentaje
23,Quintana Roo,008,Playa del Carmen,6207019057,Porcentaje de viviendas particulares habitadas que disponen de televisión de paga,2020,41.9184569915312,Porcentaje
23,Quintana Roo,008,Playa del Carmen,6207019058,Porcentaje de población de 3 años y más hablante de lengua indígena que no habla español,2020,0.841514726507714,Porcentaje
23,Quintana Roo,008,Playa del Carmen,6207019059,Porcentaje de población de 12 años con condición de actividad económica no especificada,2020,0.336643596717431,Porcentaje
23,Quintana Roo,008,Playa del Carmen,6207019060,Porcentaje de la población de 12 años y más no económicamente activa que es pensionada o jubilada,2020,4.16160941861876,Porcentaje
23,Quintana Roo,008,Playa del Carmen,6207019063,Porcentaje de superficie en el ámbito geográfico de referencia respecto a la unidad geográfica superior,2020,4.50718857656791,Porcentaje
23,Quintana Roo,008,Playa del Carmen,6207019064,Porcentaje de la población de 12 años y más no económicamente activa que se dedica a los quehaceres del hogar,2020,44.0617793421532,Porcentaje
23,Quintana Roo,008,Playa del Carmen,6207019065,Porcentaje de la población de 12 años y más no económicamente activa que realiza otras actividades no económicas,2020,11.3029493870615,Porcentaje
23,Quintana Roo,008,Playa del Carmen,6207019070,Porcentaje de la población de 12 años y más no económicamente activa con alguna limitación física o mental que les impide trabajar,2020,1.37152567059109,Porcentaje
23,Quintana Roo,008,Playa del Carmen,6207020032,Porcentaje de hombres,2020,51.0713001797483,Porcentaje
23,Quintana Roo,008,Playa del Carmen,6207020033,Porcentaje de mujeres,2020,48.9286998202516,Porcentaje
23,Quintana Roo,008,Playa del Carmen,6207020035,Promedio de ocupantes por cuarto (Índice de hacinamiento),2020,1.15408841126591,Promedio
23,Quintana Roo,008,Playa del Carmen,6207049066,Población de 6 a 14 años que sabe leer y escribir,2020,42080,Porcentaje
23,Quintana Roo,008,Playa del Carmen,6207049067,Población de 6 a 14 años que no sabe leer y escribir,2020,5008,Porcentaje
23,Quintana Roo,008,Playa del Carmen,6207049068,Porcentaje de la población de 3 años y más que asiste a la escuela,2020,23.8009259561575,Porcentaje
23,Quintana Roo,008,Playa del Carmen,6207049069,Porcentaje de la población de 3 años y más que no asiste a la escuela,2020,75.9865220485964,Porcentaje
23,Quintana Roo,008,Playa del Carmen,6207049070,Población de 6 a 14 años que no especificó si sabe o no leer y escribir,2020,341,Porcentaje
23,Quintana Roo,008,Playa del Carmen,6207049071,Porcentaje de la población de 3 años y más que no especificó si asiste o no a la escuela,2020,0.212551995246149,Porcentaje
23,Quintana Roo,008,Playa del Carmen,6207051593,Porcentaje de población de 6 a 14 años que no asiste a la escuela,2020,8.678235,Porcentaje
23,Quintana Roo,008,Playa del Carmen,6207068394,Porcentaje de viviendas con agua entubada dentro de la vivienda,2020,91.6821069946945,Porcentaje
23,Quintana Roo,008,Playa del Carmen,6207129629,Porcentaje de la población nacional/estatal que representa,2020,17.9656994001566,Porcentaje
23,Quintana Roo,008,Playa del Carmen,6207129630,Promedio de ocupantes por dormitorio,2020,1.84091546273781,Promedio
23,Quintana Roo,008,Playa del Carmen,6207129631,Porcentaje de viviendas particulares habitadas que disponen de tinaco,2020,92.0382136820889,Porcentaje
23,Quintana Roo,008,Playa del Carmen,6207129632,Porcentaje de viviendas particulares habitadas que disponen de cisterna o aljibe,2020,23.6142117298289,Porcentaje
23,Quintana Roo,008,Playa del Carmen,6207129635,Porcentaje de viviendas particulares habitadas que disponen de Automóvil o camioneta,2020,34.3661029817156,Porcentaje
23,Quintana Roo,008,Playa del Carmen,6207129636,Porcentaje de viviendas particulares habitadas que disponen de motocicleta o motoneta,2020,16.9259135401885,Porcentaje
23,Quintana Roo,008,Playa del Carmen,6207129637,Porcentaje de viviendas particulares habitadas que disponen de bicicleta como medio de transporte,2020,25.2871901013187,Porcentaje
23,Quintana Roo,008,Playa del Carmen,6207129638,Porcentaje de la población con algún tipo de  discapacidad,2020,2.50689035350509,Porcentaje
23,Quintana Roo,008,Playa del Carmen,6207129639,Porcentaje de la población entre 0 y 17 años con algún tipo de  discapacidad,2020,2.1062684311606,Porcentaje
23,Quintana Roo,008,Playa del Carmen,6207129640,Porcentaje de la población entre 18 y 29 años con algún tipo de  discapacidad,2020,1.34928589325983,Porcentaje
23,Quintana Roo,008,Playa del Carmen,6207129641,Porcentaje de la población entre 30 y 59 años con algún tipo de  discapacidad,2020,2.36604553633835,Porcentaje
23,Quintana Roo,008,Playa del Carmen,6207129642,Porcentaje de la población de 60 años y más con algún tipo de  discapacidad,2020,15.9786341091187,Porcentaje
23,Quintana Roo,008,Playa del Carmen,6207129643,Porcentaje de la población de 5 y más años migrante según causa: Trabajo,2020,59.367349877598,Porcentaje
23,Quintana Roo,008,Playa del Carmen,6207129644,Porcentaje de la población de 5 y más años migrante según causa: Familiar,2020,29.8196771148338,Porcentaje
23,Quintana Roo,008,Playa del Carmen,6207129645,Porcentaje de la población de 5 y más años migrante según causa: Educativa,2020,3.36965391446263,Porcentaje
23,Quintana Roo,008,Playa del Carmen,6207129646,Porcentaje de la población de 5 y más años migrante según causa: Inseguridad delictiva o violencia,2020,2.44483911742588,Porcentaje
23,Quintana Roo,008,Playa del Carmen,6207129647,Porcentaje de la población de 5 y más años migrante según causa: Otra causa,2020,3.72805964895438,Porcentaje
23,Quintana Roo,008,Playa del Carmen,6207129648,Promedio de hijos nacidos vivos por grupo de edad: 15-19,2020,0.121057717649126,Promedio
23,Quintana Roo,008,Playa del Carmen,6207129649,Promedio de hijos nacidos vivos por grupo de edad: 20-24,2020,0.628517949060766,Promedio
23,Quintana Roo,008,Playa del Carmen,6207129650,Promedio de hijos nacidos vivos por grupo de edad: 25-29,2020,1.03888288844314,Promedio
23,Quintana Roo,008,Playa del Carmen,6207129651,Promedio de hijos nacidos vivos por grupo de edad: 30-34,2020,1.45175095245551,Promedio
23,Quintana Roo,008,Playa del Carmen,6207129652,Promedio de hijos nacidos vivos por grupo de edad: 35-39,2020,1.80961477236549,Promedio
23,Quintana Roo,008,Playa del Carmen,6207129653,Promedio de hijos nacidos vivos por grupo de edad: 40-44,2020,2.12004121586811,Promedio
23,Quintana Roo,008,Playa del Carmen,6207129654,Promedio de hijos nacidos vivos por grupo de edad: 45-49,2020,2.36331375428292,Promedio
23,Quintana Roo,008,Playa del Carmen,6207129812,Porcentaje de viviendas particulares habitadas que disponen de refrigerador,2020,86.1046085989823,Porcentaje
23,Quintana Roo,008,Playa del Carmen,6207129813,Porcentaje de viviendas particulares habitadas que disponen de lavadora,2020,69.0313717338057,Porcentaje
23,Quintana Roo,008,Playa del Carmen,6207129818,Porcentaje de la población derechohabiente en Instituto de Salud para el Bienestar (IMSS-PROSPERA o IMSS-BIENESTAR),2020,0.744683162079378,Porcentaje
23,Quintana Roo,008,Playa del Carmen,6207129822,Ubicación geográfica con la mayor cantidad de pobladores. Primer lugar,2020,230080001,No aplica
23,Quintana Roo,008,Playa del Carmen,6207129825,Población de la ubicación geográfica con la mayor cantidad de pobladores. Primer lugar,2020,304942,Personas
23,Quintana Roo,008,Playa del Carmen,6207129828,Lengua indígena más frecuente. Descripción. Primer lugar,2020,602,No aplica
23,Quintana Roo,008,Playa del Carmen,6207129830,Lengua indígena más frecuente. Porcentaje. Primer lugar,2020,65.7712205403334,Porcentaje
23,Quintana Roo,008,Playa del Carmen,6207129840,Total de áreas geográficas,2020,136,Municipios
23,Quintana Roo,009,Tulum,1001000001,Superficie continental,2020,2018.60606941,Kilómetros cuadrados
23,Quintana Roo,009,Tulum,1002000001,Población total,2020,46721,Personas
23,Quintana Roo,009,Tulum,1002000002,Población total hombres,2020,24390,Personas
23,Quintana Roo,009,Tulum,1002000003,Población total mujeres,2020,22331,Personas
23,Quintana Roo,009,Tulum,1002000004,Porcentaje de población de 15 a 29 años,2020,29.1853312471869,Porcentaje
23,Quintana Roo,009,Tulum,1002000005,Porcentaje de hombres de 15 a 29 años,2020,29.2758026110518,Porcentaje
23,Quintana Roo,009,Tulum,1002000006,Porcentaje de mujeres de 15 a 29 años,2020,29.0865061213507,Porcentaje
23,Quintana Roo,009,Tulum,1002000007,Porcentaje de población de 60 y más años,2020,4.76027177058105,Porcentaje
23,Quintana Roo,009,Tulum,1002000008,Porcentaje de hombres de 60 y más años,2020,4.91419656786271,Porcentaje
23,Quintana Roo,009,Tulum,1002000009,Porcentaje de mujeres de 60 y más años,2020,4.59213417642047,Porcentaje
23,Quintana Roo,009,Tulum,1002000010,Edad mediana,2020,26,Años
23,Quintana Roo,009,Tulum,1002000011,Edad mediana hombres,2020,26,Años
23,Quintana Roo,009,Tulum,1002000012,Edad mediana mujeres,2020,26,Años
23,Quintana Roo,009,Tulum,1002000013,Promedio de hijos nacidos vivos de las mujeres de 12 años y más,2020,1.80575284090909,Promedio
23,Quintana Roo,009,Tulum,1002000014,Población en hogares censales,2020,46645,Personas
23,Quintana Roo,009,Tulum,1002000015,Población en hogares familiares,2020,42683,Personas
23,Quintana Roo,009,Tulum,1002000016,Población en hogares no familiares,2020,3905,Personas
23,Quintana Roo,009,Tulum,1002000018,Hogares censales,2020,14022,Hogares
23,Quintana Roo,009,Tulum,1002000019,Hogares con jefatura masculina,2020,9563,Hogares
23,Quintana Roo,009,Tulum,1002000020,Hogares con jefatura femenina,2020,4459,Hogares
23,Quintana Roo,009,Tulum,1002000021,Tamaño promedio de los hogares censales,2020,3.32655826558266,Personas
23,Quintana Roo,009,Tulum,1002000022,Tamaño promedio de los hogares con jefe hombre,2020,3.31726445676043,Personas
23,Quintana Roo,009,Tulum,1002000023,Tamaño promedio de los hogares con jefe mujer,2020,3.34649024444943,Personas
23,Quintana Roo,009,Tulum,1002000024,Relación hombres-mujeres,2020,109.220366306928,Hombres por cada 100 mujeres
23,Quintana Roo,009,Tulum,1002000041,Porcentaje de personas de 15 años y más alfabetas,2020,95.0281538277225,Porcentaje
23,Quintana Roo,009,Tulum,1002000050,Tasa de alfabetización de las personas de 15 a 24 años,2020,98.5422055019986,Tasa
23,Quintana Roo,009,Tulum,1002000055,Población de edad no especificada,2020,64,Personas
23,Quintana Roo,009,Tulum,1002000056,Población de edad no especificada. Hombres,2020,32,Personas
23,Quintana Roo,009,Tulum,1002000057,Población de edad no especificada. Mujeres,2020,32,Personas
23,Quintana Roo,009,Tulum,1002000058,Población de 0 a 4 años,2020,5001,Personas
23,Quintana Roo,009,Tulum,1002000059,Población de 0 a 4 años. Hombres,2020,2503,Personas
23,Quintana Roo,009,Tulum,1002000060,Población de 0 a 4 años. Mujeres,2020,2498,Personas
23,Quintana Roo,009,Tulum,1002000061,Población de 10 a 14 años,2020,3922,Personas
23,Quintana Roo,009,Tulum,1002000062,Población de 10 a 14 años. Hombres,2020,2068,Personas
23,Quintana Roo,009,Tulum,1002000063,Población de 10 a 14 años. Mujeres,2020,1854,Personas
23,Quintana Roo,009,Tulum,1002000064,Población de 100 años y más,2020,1,Personas
23,Quintana Roo,009,Tulum,1002000065,Población de 100 años y más. Hombres,2020,0,Personas
23,Quintana Roo,009,Tulum,1002000066,Población de 100 años y más. Mujeres,2020,1,Personas
23,Quintana Roo,009,Tulum,1002000067,Población de 15 a 19 años,2020,3786,Personas
23,Quintana Roo,009,Tulum,1002000068,Población de 15 a 19 años. Hombres,2020,1916,Personas
23,Quintana Roo,009,Tulum,1002000069,Población de 15 a 19 años. Mujeres,2020,1870,Personas
23,Quintana Roo,009,Tulum,1002000070,Población de 20 a 24 años,2020,4720,Personas
23,Quintana Roo,009,Tulum,1002000071,Población de 20 a 24 años. Hombres,2020,2509,Personas
23,Quintana Roo,009,Tulum,1002000072,Población de 20 a 24 años. Mujeres,2020,2211,Personas
23,Quintana Roo,009,Tulum,1002000073,Población de 25 a 29 años,2020,5111,Personas
23,Quintana Roo,009,Tulum,1002000074,Población de 25 a 29 años. Hombres,2020,2706,Personas
23,Quintana Roo,009,Tulum,1002000075,Población de 25 a 29 años. Mujeres,2020,2405,Personas
23,Quintana Roo,009,Tulum,1002000076,Población de 30 a 34 años,2020,4699,Personas
23,Quintana Roo,009,Tulum,1002000077,Población de 30 a 34 años. Hombres,2020,2430,Personas
23,Quintana Roo,009,Tulum,1002000078,Población de 30 a 34 años. Mujeres,2020,2269,Personas
23,Quintana Roo,009,Tulum,1002000079,Población de 35 a 39 años,2020,4081,Personas
23,Quintana Roo,009,Tulum,1002000080,Población de 35 a 39 años. Hombres,2020,2152,Personas
23,Quintana Roo,009,Tulum,1002000081,Población de 35 a 39 años. Mujeres,2020,1929,Personas
23,Quintana Roo,009,Tulum,1002000082,Población de 40 a 44 años,2020,3161,Personas
23,Quintana Roo,009,Tulum,1002000083,Población de 40 a 44 años. Hombres,2020,1657,Personas
23,Quintana Roo,009,Tulum,1002000084,Población de 40 a 44 años. Mujeres,2020,1504,Personas
23,Quintana Roo,009,Tulum,1002000085,Población de 45 a 49 años,2020,2467,Personas
23,Quintana Roo,009,Tulum,1002000086,Población de 45 a 49 años. Hombres,2020,1329,Personas
23,Quintana Roo,009,Tulum,1002000087,Población de 45 a 49 años. Mujeres,2020,1138,Personas
23,Quintana Roo,009,Tulum,1002000088,Población de 5 a 9 años,2020,4346,Personas
23,Quintana Roo,009,Tulum,1002000089,Población de 5 a 9 años. Hombres,2020,2246,Personas
23,Quintana Roo,009,Tulum,1002000090,Población de 5 a 9 años. Mujeres,2020,2100,Personas
23,Quintana Roo,009,Tulum,1002000091,Población de 50 a 54 años,2020,1868,Personas
23,Quintana Roo,009,Tulum,1002000092,Población de 50 a 54 años. Hombres,2020,987,Personas
23,Quintana Roo,009,Tulum,1002000093,Población de 50 a 54 años. Mujeres,2020,881,Personas
23,Quintana Roo,009,Tulum,1002000094,Población de 55 a 59 años,2020,1274,Personas
23,Quintana Roo,009,Tulum,1002000095,Población de 55 a 59 años. Hombres,2020,658,Número de personas
23,Quintana Roo,009,Tulum,1002000096,Población de 55 a 59 años. Mujeres,2020,616,Número de personas
23,Quintana Roo,009,Tulum,1002000097,Población de 60 a 64 años,2020,926,Personas
23,Quintana Roo,009,Tulum,1002000098,Población de 60 a 64 años. Hombres,2020,490,Número de personas
23,Quintana Roo,009,Tulum,1002000099,Población de 60 a 64 años. Mujeres,2020,436,Número de personas
23,Quintana Roo,009,Tulum,1002000100,Población de 65 a 69 años,2020,581,Personas
23,Quintana Roo,009,Tulum,1002000101,Población de 65 a 69 años. Hombres,2020,334,Número de personas
23,Quintana Roo,009,Tulum,1002000102,Población de 65 a 69 años. Mujeres,2020,247,Número de personas
23,Quintana Roo,009,Tulum,1002000103,Población de 70 a 74 años,2020,342,Personas
23,Quintana Roo,009,Tulum,1002000104,Población de 70 a 74 años. Hombres,2020,185,Número de personas
23,Quintana Roo,009,Tulum,1002000105,Población de 70 a 74 años. Mujeres,2020,157,Número de personas
23,Quintana Roo,009,Tulum,1002000106,Población de 75 a 79 años,2020,181,Personas
23,Quintana Roo,009,Tulum,1002000107,Población de 75 a 79 años. Hombres,2020,89,Número de personas
23,Quintana Roo,009,Tulum,1002000108,Población de 75 a 79 años. Mujeres,2020,92,Número de personas
23,Quintana Roo,009,Tulum,1002000109,Población de 80 a 84 años,2020,101,Personas
23,Quintana Roo,009,Tulum,1002000110,Población de 80 a 84 años. Hombres,2020,57,Número de personas
23,Quintana Roo,009,Tulum,1002000111,Población de 80 a 84 años. Mujeres,2020,44,Número de personas
23,Quintana Roo,009,Tulum,1002000112,Población de 85 a 89 años,2020,58,Personas
23,Quintana Roo,009,Tulum,1002000113,Población de 85 a 89 años. Hombres,2020,29,Número de personas
23,Quintana Roo,009,Tulum,1002000114,Población de 85 a 89 años. Mujeres,2020,29,Número de personas
23,Quintana Roo,009,Tulum,1002000115,Población de 90 a 94 años,2020,23,Personas
23,Quintana Roo,009,Tulum,1002000116,Población de 90 a 94 años. Hombres,2020,9,Número de personas
23,Quintana Roo,009,Tulum,1002000117,Población de 90 a 94 años. Mujeres,2020,14,Número de personas
23,Quintana Roo,009,Tulum,1002000118,Población de 95 a 99 años,2020,8,Personas
23,Quintana Roo,009,Tulum,1002000119,Población de 95 a 99 años. Hombres,2020,4,Número de personas
23,Quintana Roo,009,Tulum,1002000120,Población de 95 a 99 años. Mujeres,2020,4,Número de personas
23,Quintana Roo,009,Tulum,1002000127,Relación de dependencia,2020,45.3806125946468,Personas dependientes por cada 100 personas en edad de trabajar
23,Quintana Roo,009,Tulum,1003000001,Total de viviendas particulares habitadas,2020,14022,Viviendas
23,Quintana Roo,009,Tulum,1003000011,Viviendas particulares habitadas,2020,12700,Número de Viviendas
23,Quintana Roo,009,Tulum,1003000015,Promedio de ocupantes en viviendas particulares habitadas,2020,3.32923408845739,Promedio
23,Quintana Roo,009,Tulum,1003000017,Viviendas particulares habitadas que disponen de energía eléctrica,2020,13557,Viviendas
23,Quintana Roo,009,Tulum,1003000018,Viviendas particulares habitadas que disponen de agua de la red pública en el ámbito de la vivienda,2020,13463,Viviendas
23,Quintana Roo,009,Tulum,1003000019,Viviendas particulares habitadas que disponen de drenaje,2020,12790,Viviendas
23,Quintana Roo,009,Tulum,1003000020,Viviendas particulares habitadas que disponen de excusado o sanitario,2020,13316,Viviendas
23,Quintana Roo,009,Tulum,1003000023,Viviendas particulares habitadas que disponen de lavadora,2020,9023,Viviendas
23,Quintana Roo,009,Tulum,1003000024,Viviendas particulares habitadas que disponen de computadora,2020,3805,Viviendas
23,Quintana Roo,009,Tulum,1004000001,Población derechohabiente a servicios de salud,2020,28331,Personas
23,Quintana Roo,009,Tulum,1005000012,Población de 5 años y más que asiste a la escuela,2020,10051,Personas
23,Quintana Roo,009,Tulum,1005000038,Grado promedio de escolaridad de la población de 15 y más años,2020,9.28438354517864,Años de escolaridad
23,Quintana Roo,009,Tulum,1005000039,Población de 5 años y más hablante de lengua indígena,2020,10928,Personas
23,Quintana Roo,009,Tulum,3104003001,Porcentaje de población inmigrante (migración reciente),2020,13.9812737735297,Porcentaje
23,Quintana Roo,009,Tulum,3105001001,Densidad de población,2020,23.1451795910114,Habitantes por kilómetro cuadrado
23,Quintana Roo,009,Tulum,3105004001,Porcentaje de población en localidades de menos de 2 500 habitantes,2020,28.5674536075855,Porcentaje
23,Quintana Roo,009,Tulum,3108001001,Porcentaje de analfabetas total,2020,4.72924403977477,Porcentaje
23,Quintana Roo,009,Tulum,3108001002,Porcentaje de analfabetas hombres,2020,3.67709936719685,Porcentaje
23,Quintana Roo,009,Tulum,3108001003,Porcentaje de analfabetas mujeres,2020,5.89386003659999,Porcentaje
23,Quintana Roo,009,Tulum,3114004001,Porcentaje de viviendas con piso de tierra,2020,7.26357425386552,Porcentaje
23,Quintana Roo,009,Tulum,3114006001,Porcentaje de viviendas con electricidad,2020,97.4973031283711,Porcentaje
23,Quintana Roo,009,Tulum,6200031290,Porcentaje de viviendas particulares habitadas con disponibilidad de drenaje,2020,91.9813016900396,Porcentaje
23,Quintana Roo,009,Tulum,6200031291,Porcentaje de viviendas particulares habitadas con disponibilidad de excusado,2020,95.7641136281913,Porcentaje
23,Quintana Roo,009,Tulum,6200108938,Porcentaje de viviendas con techos de materiales resistentes,2020,73.9616495150663,Porcentaje
23,Quintana Roo,009,Tulum,6200205238,Población de 8 a 14 años que sabe leer y escribir,2020,5299,Personas
23,Quintana Roo,009,Tulum,6200205244,Viviendas que son cuarto de azotea,2020,2,Viviendas
23,Quintana Roo,009,Tulum,6200205245,Viviendas móviles,2020,1,Viviendas
23,Quintana Roo,009,Tulum,6200205246,Viviendas que son departamento en edificio o vivienda en vecindad,2020,2669,Viviendas
23,Quintana Roo,009,Tulum,6200205247,Viviendas que son refugio,2020,4,Viviendas
23,Quintana Roo,009,Tulum,6200205248,Viviendas colectivas,2020,7,Viviendas
23,Quintana Roo,009,Tulum,6200205249,Viviendas que son casa independiente o local no construido para habitación,2020,7795,Viviendas
23,Quintana Roo,009,Tulum,6200205251,Promedio de hijos nacidos vivos de las mujeres de 12 años y más casada sólo religiosamente,2020,2.54444444444444,Promedio
23,Quintana Roo,009,Tulum,6200205252,Población de 5 años y más inmigrante,2020,6426,Personas
23,Quintana Roo,009,Tulum,6200205253,Población total sin limitación en la actividad,2020,42052,Personas
23,Quintana Roo,009,Tulum,6200205254,Población total que no especificó limitación en la actividad,2020,118,Personas
23,Quintana Roo,009,Tulum,6200205255,Porcentaje de la población migrante internacional destino otro país,2020,16.6666666666667,Porcentaje
23,Quintana Roo,009,Tulum,6200205256,Población de 5 años y más con religión no especificada,2020,88,Personas
23,Quintana Roo,009,Tulum,6200205257,Población de 5 años y más católica,2020,20782,Personas
23,Quintana Roo,009,Tulum,6200205258,Promedio de hijos nacidos vivos de las mujeres de 12 años y más solteras,2020,0.223152307064108,Promedio
23,Quintana Roo,009,Tulum,6200205259,Población nacida en otro país residente en México,2020,1226,Personas
23,Quintana Roo,009,Tulum,6200205260,Población con limitación en la actividad para escuchar,2020,539,Personas
23,Quintana Roo,009,Tulum,6200205261,Población con limitación en la actividad para hablar o comunicarse,2020,211,Personas
23,Quintana Roo,009,Tulum,6200205263,Población con limitación en la actividad para caminar o moverse,2020,712,Personas
23,Quintana Roo,009,Tulum,6200205264,Porcentaje de la población migrante internacional destino no especificado,2020,28.5714285714286,Porcentaje
23,Quintana Roo,009,Tulum,6200205265,Promedio de hijos nacidos vivos de las mujeres de 12 años y más que no especificó estado conyugal,2020,0,Promedio
23,Quintana Roo,009,Tulum,6200205266,Promedio de hijos nacidos vivos de las mujeres de 12 años y más casada civil y religiosamente,2020,3.1899918633035,Promedio
23,Quintana Roo,009,Tulum,6200205267,Promedio de hijos nacidos vivos de las mujeres de 12 años y más separadas,2020,2.7656405163853,Promedio
23,Quintana Roo,009,Tulum,6200205268,Población nacida en otro país residente en México hombres,2020,595,Personas
23,Quintana Roo,009,Tulum,6200205269,Población con limitación en la actividad para atender el cuidado personal,2020,158,Personas
23,Quintana Roo,009,Tulum,6200205270,Población con limitación en la actividad para poner atención o aprender,2020,479,Personas
23,Quintana Roo,009,Tulum,6200205271,Población con limitación en la actividad,2020,3085,Personas
23,Quintana Roo,009,Tulum,6200205272,Porcentaje de población nacida en otro país residente en México,2020,2.62408766935639,Porcentaje
23,Quintana Roo,009,Tulum,6200205273,Población de 5 años y más con religión distinta de católica,2020,10177,Personas
23,Quintana Roo,009,Tulum,6200205274,Porcentaje de población masculina nacida en otro país residente en México,2020,2.43952439524395,Porcentaje
23,Quintana Roo,009,Tulum,6200205275,Promedio de hijos nacidos vivos de las mujeres de 12 años y más divorciadas,2020,2.60516605166052,Promedio
23,Quintana Roo,009,Tulum,6200205276,Promedio de hijos nacidos vivos de las mujeres de 12 años y más en unión libre,2020,1.78692946058091,Promedio
23,Quintana Roo,009,Tulum,6200205277,Población de 5 años y más emigrante,2020,2669,Personas
23,Quintana Roo,009,Tulum,6200205279,Promedio de hijos nacidos vivos de las mujeres de 12 años y más casada sólo por lo civil,2020,2.34026687598116,Promedio
23,Quintana Roo,009,Tulum,6200205280,Población con limitación en la actividad para ver,2020,2055,Personas
23,Quintana Roo,009,Tulum,6200205282,Porcentaje de población femenina nacida en otro país residente en México,2020,2.82566835341006,Porcentaje
23,Quintana Roo,009,Tulum,6200205283,Promedio de hijos nacidos vivos de las mujeres de 12 años y más viudas,2020,4.52969502407705,Promedio
23,Quintana Roo,009,Tulum,6200205284,Población nacida en otro país residente en México mujeres,2020,631,Personas
23,Quintana Roo,009,Tulum,6200205285,Porcentaje de la población migrante internacional destino Estados Unidos de América,2020,54.7619047619048,Porcentaje
23,Quintana Roo,009,Tulum,6200205286,Población con limitación en la actividad mental,2020,420,Personas
23,Quintana Roo,009,Tulum,6200205288,Índice de masculinidad de la población nacida en otro país residente en México,2020,94.2947702060222,Índice
23,Quintana Roo,009,Tulum,6200205289,Población de 5 años y más sin religión,2020,10609,Personas
23,Quintana Roo,009,Tulum,6200240300,Porcentaje de hombres de 0 a 4 años,2020,5.36468268427031,Porcentaje
23,Quintana Roo,009,Tulum,6200240301,Población católica,2020,22.829,Miles DE personas
23,Quintana Roo,009,Tulum,6200240302,Porcentaje de la población de 60 a 84 años con limitación en la actividad,2020,26.4664476771469,Porcentaje
23,Quintana Roo,009,Tulum,6200240304,Tasa de monolingüismo de la población de 5 años y más hablante de Tojolabal,2020,0,Porcentaje
23,Quintana Roo,009,Tulum,6200240305,Porcentaje de la población que profesa la religión católica,2020,48.8623959247448,Porcentaje
23,Quintana Roo,009,Tulum,6200240310,Porcentaje de mujeres de 75 a 79 años,2020,0.197183702338342,Porcentaje
23,Quintana Roo,009,Tulum,6200240311,Porcentaje de hombres de 10 a 14 años,2020,4.43234670038794,Porcentaje
23,Quintana Roo,009,Tulum,6200240312,Porcentaje de mujeres de 5 a 9 años,2020,4.50093233598388,Porcentaje
23,Quintana Roo,009,Tulum,6200240314,Porcentaje de la población de 15 años y más con instrucción media superior,2020,26.4256619144603,Porcentaje
23,Quintana Roo,009,Tulum,6200240315,Porcentaje de la población con limitación mental,2020,0.962949376375642,Porcentaje
23,Quintana Roo,009,Tulum,6200240316,Tasa de monolingüismo de la población de 5 años y más hablante de Maya,2020,5.77808932505507,Porcentaje
23,Quintana Roo,009,Tulum,6200240318,Población de 5 años y más hablante de Tzeltal  (Tseltal),2020,356,Personas
23,Quintana Roo,009,Tulum,6200240319,Tasa de monolingüismo de la población de 5 años y más hablante de Mazateco,2020,0,Porcentaje
23,Quintana Roo,009,Tulum,6200240320,Población de 5 años y más hablante de Lenguas chinantecas,2020,4,Personas
23,Quintana Roo,009,Tulum,6200240323,Porcentaje de la población derechohabiente en el Seguro popular,2020,55.9846104973351,Porcentaje
23,Quintana Roo,009,Tulum,6200240325,Tasa de monolingüismo de la población de 5 años y más hablante de Náhuatl,2020,0,Porcentaje
23,Quintana Roo,009,Tulum,6200240326,Población de 5 años y más hablante de Lenguas zapotecas,2020,8,Personas
23,Quintana Roo,009,Tulum,6200240328,Porcentaje de mujeres de 55 a 59 años,2020,1.32027348522194,Porcentaje
23,Quintana Roo,009,Tulum,6200240330,Porcentaje de hombres de 75 a 79 años,2020,0.190753799001222,Porcentaje
23,Quintana Roo,009,Tulum,6200240331,Población de 5 años y más hablante de Maya,2020,9986,Personas
23,Quintana Roo,009,Tulum,6200240332,Población de 5 años y más hablante de Otomí,2020,0,Personas
23,Quintana Roo,009,Tulum,6200240334,Población de 5 años y más hablante de Tojolabal,2020,12,Personas
23,Quintana Roo,009,Tulum,6200240341,Porcentaje de mujeres de 40 a 44 años,2020,3.22352487300941,Porcentaje
23,Quintana Roo,009,Tulum,6200240342,Porcentaje de mujeres de 70 a 74 años,2020,0.336498274642605,Porcentaje
23,Quintana Roo,009,Tulum,6200240343,Porcentaje de hombres de 15 a 19 años,2020,4.1065649313072,Porcentaje
23,Quintana Roo,009,Tulum,6200240344,Porcentaje de mujeres de 85 años y más,2020,0.102878453393917,Porcentaje
23,Quintana Roo,009,Tulum,6200240345,Población de 5 años y más hablante de Mixe,2020,18,Personas
23,Quintana Roo,009,Tulum,6200240354,Porcentaje de mujeres de 10 a 14 años,2020,3.97368026234006,Porcentaje
23,Quintana Roo,009,Tulum,6200240356,Porcentaje de mujeres de 20 a 24 años,2020,4.73883875945732,Porcentaje
23,Quintana Roo,009,Tulum,6200240357,Porcentaje de hombres de 35 a 39 años,2020,4.61238399382729,Porcentaje
23,Quintana Roo,009,Tulum,6200240358,Porcentaje de la población de 0 a 14 años con limitación en la actividad,2020,2.53975431456779,Porcentaje
23,Quintana Roo,009,Tulum,6200240361,Población de 5 años y más hablante de Mazahua,2020,1,Personas
23,Quintana Roo,009,Tulum,6200240364,Tasa de monolingüismo de la población de 5 años y más hablante de Chatino,2020,0,Porcentaje
23,Quintana Roo,009,Tulum,6200240365,Porcentaje de la población de 15 años y más con instrucción superior,2020,14.1068647418234,Porcentaje
23,Quintana Roo,009,Tulum,6200240366,Tasa de monolingüismo de la población de 5 años y más hablante de Lenguas mixtecas,2020,0,Porcentaje
23,Quintana Roo,009,Tulum,6200240367,Porcentaje de la población con limitación para hablar o comunicarse,2020,5.68407138136153,Porcentaje
23,Quintana Roo,009,Tulum,6200240368,Porcentaje de la población de 15 años y más con instrucción no especificada,2020,0.233616868335929,Porcentaje
23,Quintana Roo,009,Tulum,6200240377,Porcentaje de mujeres de 45 a 49 años,2020,2.43907666588079,Porcentaje
23,Quintana Roo,009,Tulum,6200240378,Porcentaje de mujeres de 0 a 4 años,2020,5.35396617870845,Porcentaje
23,Quintana Roo,009,Tulum,6200240379,Porcentaje de mujeres de 80 a 84 años,2020,0.0943052489444242,Porcentaje
23,Quintana Roo,009,Tulum,6200240381,Tasa de monolingüismo de la población de 5 años y más hablante de Tzotzil (Tsotsil),2020,2.5,Porcentaje
23,Quintana Roo,009,Tulum,6200240384,Porcentaje de mujeres de 15 a 19 años,2020,4.00797308013803,Porcentaje
23,Quintana Roo,009,Tulum,6200240386,Población de 5 años y más hablante de Lenguas mixtecas,2020,2,Personas
23,Quintana Roo,009,Tulum,6200240388,Porcentaje de hombres de 65 a 69 años,2020,0.715862571532675,Porcentaje
23,Quintana Roo,009,Tulum,6200240389,Tasa de crecimiento promedio anual de las viviendas particulares habitadas,2020,6.43794349144233,Tasa
23,Quintana Roo,009,Tulum,6200240390,Porcentaje de la población con discapacidad por accidente,2020,12.4269005847953,Porcentaje
23,Quintana Roo,009,Tulum,6200240395,"Viviendas, de cada cien que cuentan con electricidad, agua y drenaje",2020,88.7882056814096,Porcentaje
23,Quintana Roo,009,Tulum,6200240396,Porcentaje de la población de 30 a 59 años con limitación en la actividad,2020,9.00854700854701,Porcentaje
23,Quintana Roo,009,Tulum,6200240397,Tasa de monolingüismo de la población de 5 años y más hablante de Chol (Ch''ol),2020,0,Porcentaje
23,Quintana Roo,009,Tulum,6200240398,Tasa de monolingüismo de la población de 5 años y más hablante de Totonaca (Totonaco),2020,0,Porcentaje
23,Quintana Roo,009,Tulum,6200240407,Índice de envejecimiento,2020,16.7382621147034,Porcentaje
23,Quintana Roo,009,Tulum,6200240410,Porcentaje de hombres de 60 a 64 años,2020,1.05021754506291,Porcentaje
23,Quintana Roo,009,Tulum,6200240411,Porcentaje de hombres de 85 años y más,2020,0.0900186467196776,Porcentaje
23,Quintana Roo,009,Tulum,6200240413,Tasa de monolingüismo de la población de 5 años y más hablante de Huasteco,2020,0,Porcentaje
23,Quintana Roo,009,Tulum,6200240414,"Porcentaje de la población derechohabiente en PEMEX, SDN o SM",2020,0.123539585612933,Porcentaje
23,Quintana Roo,009,Tulum,6200240416,Porcentaje de la población usuaria de servicios de salud en instituciones de servicios médicos privados,2020,4.14740037414846,Porcentaje
23,Quintana Roo,009,Tulum,6200240421,Porcentaje de la población derechohabiente en el ISSSTE,2020,3.35674702622569,Porcentaje
23,Quintana Roo,009,Tulum,6200240423,Porcentaje de hombres de 40 a 44 años,2020,3.55144994320252,Porcentaje
23,Quintana Roo,009,Tulum,6200240424,Tasa de monolingüismo de la población de 5 años y más hablante de Mixe,2020,0,Porcentaje
23,Quintana Roo,009,Tulum,6200240425,Porcentaje de hombres de 70 a 74 años,2020,0.396510705789056,Porcentaje
23,Quintana Roo,009,Tulum,6200240426,Porcentaje de mujeres de 60 a 64 años,2020,0.934479284994749,Porcentaje
23,Quintana Roo,009,Tulum,6200240427,Porcentaje de mujeres de 65 a 69 años,2020,0.529395374756199,Porcentaje
23,Quintana Roo,009,Tulum,6200240428,Tasa de monolingüismo de la población de 5 años y más hablante de Otomí,2020,0,Porcentaje
23,Quintana Roo,009,Tulum,6200240430,Porcentaje de la población con limitación para caminar y moverse,2020,23.0794165316045,Porcentaje
23,Quintana Roo,009,Tulum,6200240431,Población de 5 años y más hablante de Purépecha (Tarasco),2020,2,Personas
23,Quintana Roo,009,Tulum,6200240432,Tasa de monolingüismo de la población de 5 años y más hablante de Zoque,2020,0,Porcentaje
23,Quintana Roo,009,Tulum,6200240433,Tasa de monolingüismo de la población de 5 años y más hablante de Lenguas zapotecas,2020,0,Porcentaje
23,Quintana Roo,009,Tulum,6200240434,Población de 5 años y más hablante de Chatino,2020,0,Personas
23,Quintana Roo,009,Tulum,6200240435,Porcentaje de la población con limitación para atender el cuidado personal,2020,5.12155591572123,Porcentaje
23,Quintana Roo,009,Tulum,6200240443,Porcentaje de mujeres de 35 a 39 años,2020,4.13442784576805,Porcentaje
23,Quintana Roo,009,Tulum,6200240444,Porcentaje de hombres de 55 a 59 años,2020,1.41029213194162,Porcentaje
23,Quintana Roo,009,Tulum,6200240445,Porcentaje de hombres de 5 a 9 años,2020,4.81385429839038,Porcentaje
23,Quintana Roo,009,Tulum,6200240447,Porcentaje de la población de 15 años y más sin instrucción,2020,5.94524979034384,Porcentaje
23,Quintana Roo,009,Tulum,6200240449,Tasa de monolingüismo de la población de 5 años y más hablante de lengua indígena,2020,5.44472913616398,Porcentaje
23,Quintana Roo,009,Tulum,6200240450,Porcentaje de la población con limitación para ver,2020,66.612641815235,Porcentaje
23,Quintana Roo,009,Tulum,6200240451,Población de 5 años y más hablante de Tarahumara,2020,0,Personas
23,Quintana Roo,009,Tulum,6200240452,Población de 5 años y más hablante de Chol (Ch''ol),2020,199,Personas
23,Quintana Roo,009,Tulum,6200240453,Población de 5 años y más hablante de Totonaca (Totonaco),2020,7,Personas
23,Quintana Roo,009,Tulum,6200240454,Tasa de monolingüismo de la población de 5 años y más hablante de Mazahua,2020,0,Porcentaje
23,Quintana Roo,009,Tulum,6200240458,Porcentaje de la población con discapacidad por edad avanzada,2020,18.0555555555556,Porcentaje
23,Quintana Roo,009,Tulum,6200240459,Porcentaje de la población con discapacidad por nacimiento,2020,17.0321637426901,Porcentaje
23,Quintana Roo,009,Tulum,6200240466,Población de 5 años y más hablante de Tlapaneco,2020,1,Personas
23,Quintana Roo,009,Tulum,6200240471,Porcentaje de la población derechohabiente en el IMSS,2020,34.5028414104691,Porcentaje
23,Quintana Roo,009,Tulum,6200240475,Porcentaje de hombres de 80 a 84 años,2020,0.122168163405277,Porcentaje
23,Quintana Roo,009,Tulum,6200240477,Porcentaje de la población de 85 y más con limitación en la actividad,2020,26.6666666666667,Porcentaje
23,Quintana Roo,009,Tulum,6200240478,Porcentaje de la población con limitación para escuchar,2020,17.4716369529984,Porcentaje
23,Quintana Roo,009,Tulum,6200240479,Porcentaje de la población con limitación para poner atención o aprender,2020,15.5267423014587,Porcentaje
23,Quintana Roo,009,Tulum,6200240480,Población de 5 años y más hablante de Huasteco,2020,0,Personas
23,Quintana Roo,009,Tulum,6200240481,Población de 5 años y más hablante de Tzotzil (Tsotsil),2020,120,Personas
23,Quintana Roo,009,Tulum,6200240486,Porcentaje de hombres de 25 a 29 años,2020,5.79977281008209,Porcentaje
23,Quintana Roo,009,Tulum,6200240488,Porcentaje de la población de 15 a 29 años con limitación en la actividad,2020,4.25203789380921,Porcentaje
23,Quintana Roo,009,Tulum,6200240493,Porcentaje de la población de 5 años y más hablante de lengua indígena,2020,26.2339158824659,Porcentaje
23,Quintana Roo,009,Tulum,6200240495,Porcentaje de la población con discapacidad por otra causa,2020,39.327485380117,Porcentaje
23,Quintana Roo,009,Tulum,6200240496,Población de 5 años y más hablante de Náhuatl,2020,44,Personas
23,Quintana Roo,009,Tulum,6200240497,Población no católica,2020,11172,Miles DE personas
23,Quintana Roo,009,Tulum,6200240499,Porcentaje de la población que profesa la religión protestante y evangélica,2020,23.6767192483038,Porcentaje
23,Quintana Roo,009,Tulum,6200240507,Porcentaje de mujeres de 50 a 54 años,2020,1.88824828000086,Porcentaje
23,Quintana Roo,009,Tulum,6200240509,Tasa de monolingüismo de la población de 5 años y más hablante de Tarahumara,2020,0,Porcentaje
23,Quintana Roo,009,Tulum,6200240518,Porcentaje de hombres de 30 a 34 años,2020,5.20822170306706,Porcentaje
23,Quintana Roo,009,Tulum,6200240520,Porcentaje de hombres de 20 a 24 años,2020,5.37754249094455,Porcentaje
23,Quintana Roo,009,Tulum,6200240521,Población de 5 años y más hablante de Zoque,2020,23,Personas
23,Quintana Roo,009,Tulum,6200240522,Tasa de monolingüismo de la población de 5 años y más hablante de Purépecha (Tarasco),2020,0,Porcentaje
23,Quintana Roo,009,Tulum,6200240532,Porcentaje de hombres de 45 a 49 años,2020,2.84844717834409,Porcentaje
23,Quintana Roo,009,Tulum,6200240533,Porcentaje de hombres de 50 a 54 años,2020,2.11543819791242,Porcentaje
23,Quintana Roo,009,Tulum,6200240534,Tasa de monolingüismo de la población de 5 años y más hablante de Resto de lenguas,2020,3.49650349650349,Porcentaje
23,Quintana Roo,009,Tulum,6200240535,Población de 5 años y más hablante de Mazateco,2020,2,Personas
23,Quintana Roo,009,Tulum,6200240536,Tasa de monolingüismo de la población de 5 años y más hablante de Tlapaneco,2020,0,Porcentaje
23,Quintana Roo,009,Tulum,6200240537,Tasa de monolingüismo de la población de 5 años y más hablante de Tzeltal (Tseltal),2020,2.80898876404494,Porcentaje
23,Quintana Roo,009,Tulum,6200240538,Población de 5 años y más hablante del Resto de lenguas,2020,143,Personas
23,Quintana Roo,009,Tulum,6200240539,Tasa de monolingüismo de la población de 5 años y más hablante de Lenguas chinantecas,2020,0,Porcentaje
23,Quintana Roo,009,Tulum,6200240540,Porcentaje de la población con discapacidad por enfermedad,2020,12.7923976608187,Porcentaje
23,Quintana Roo,009,Tulum,6200240548,Porcentaje de mujeres de 25 a 29 años,2020,5.15463917525773,Porcentaje
23,Quintana Roo,009,Tulum,6200240549,Porcentaje de mujeres de 30 a 34 años,2020,4.86315022397497,Porcentaje
23,Quintana Roo,009,Tulum,6205370864,Porcentaje de población que se considera afrodescendiente,2020,4.2507651805398,Porcentaje
23,Quintana Roo,009,Tulum,6207019007,Porcentaje de la población de 12 años y más viuda,2020,2.27196230225513,Porcentaje
23,Quintana Roo,009,Tulum,6207019009,Porcentaje de la población de 12 años y más casada,2020,31.1090541905082,Porcentaje
23,Quintana Roo,009,Tulum,6207019010,Porcentaje de población de 25 años y más alfabeta,2020,93.82686279238,Porcentaje
23,Quintana Roo,009,Tulum,6207019011,Porcentaje de la población de 12 años y más soltera,2020,32.6152810501515,Porcentaje
23,Quintana Roo,009,Tulum,6207019012,Porcentaje de la población de 12 años y más separada,2020,4.70380343318748,Porcentaje
23,Quintana Roo,009,Tulum,6207019016,Porcentaje de la población de 12 años y más divorciada,2020,1.34073824750365,Porcentaje
23,Quintana Roo,009,Tulum,6207019017,Porcentaje de población afiliada a otra institución,2020,1.3730542515266,Porcentaje
23,Quintana Roo,009,Tulum,6207019018,Porcentaje de población afiliada a servicios de salud,2020,60.6386849596541,Porcentaje
23,Quintana Roo,009,Tulum,6207019019,Porcentaje de la población de 12 años y más en unión libre,2020,27.8665993492651,Porcentaje
23,Quintana Roo,009,Tulum,6207019020,Porcentaje de población de 15 años y más sin escolaridad,2020,5.61579010422906,Porcentaje
23,Quintana Roo,009,Tulum,6207019022,Porcentaje de viviendas particulares habitadas propias,2020,43.6366328570371,Porcentaje
23,Quintana Roo,009,Tulum,6207019023,Porcentaje de hijos fallecidos de las mujeres de 15 a 49 años,2020,4.10830999066293,Porcentaje
23,Quintana Roo,009,Tulum,6207019024,Porcentaje de la población de 3 a 5 años que asiste a la escuela,2020,57.9085827030582,Porcentaje
23,Quintana Roo,009,Tulum,6207019026,Porcentaje de la población de 6 a 11 años que asiste a la escuela,2020,90.4123501929718,Porcentaje
23,Quintana Roo,009,Tulum,6207019028,Porcentaje de la población de 12 a 14 años que asiste a la escuela,2020,84.4964664310954,Porcentaje
23,Quintana Roo,009,Tulum,6207019029,Porcentaje de la población de 15 a 24 años que asiste a la escuela,2020,27.4747237244298,Porcentaje
23,Quintana Roo,009,Tulum,6207019030,Porcentaje de población de 12 años y más económicamente activa,2020,72.840233366992,Porcentaje
23,Quintana Roo,009,Tulum,6207019031,Porcentaje de población de 15 años y más con escolaridad básica,2020,53.6180663711513,Porcentaje
23,Quintana Roo,009,Tulum,6207019034,Porcentaje de población de 3 años y más hablante de lengua indígena,2020,25.4218635363169,Porcentaje
23,Quintana Roo,009,Tulum,6207019035,Porcentaje de la población de 12 años y más No Económicamente Activa,2020,26.8820823516212,Porcentaje
23,Quintana Roo,009,Tulum,6207019036,Promedio de hijos nacidos vivos de las mujeres de 15 a 49 años EI2015,2020,1.52991581479254,Promedio
23,Quintana Roo,009,Tulum,6207019039,Porcentaje de la población de 12 años y más económicamente activa ocupada,2020,99.2221494859255,Porcentaje
23,Quintana Roo,009,Tulum,6207019040,Porcentaje de la población femenina de 12 años y más económicamente activa,2020,39.0234510377758,Porcentaje
23,Quintana Roo,009,Tulum,6207019042,Porcentaje de viviendas particulares habitadas que disponen de Internet,2020,45.0845019777059,Porcentaje
23,Quintana Roo,009,Tulum,6207019043,Porcentaje de la población masculina de 12 años y más económicamente activa,2020,60.9765489622242,Porcentaje
23,Quintana Roo,009,Tulum,6207019046,Porcentaje de viviendas particulares habitadas que disponen de computadora,2020,27.3642574613448,Porcentaje
23,Quintana Roo,009,Tulum,6207019047,Porcentaje de la población de 12 años y más no económicamente activa que estudia,2020,35.0792988313856,Porcentaje
23,Quintana Roo,009,Tulum,6207019050,Porcentaje de viviendas particulares habitadas que disponen de teléfono fijo,2020,14.9874145990651,Porcentaje
23,Quintana Roo,009,Tulum,6207019051,Porcentaje de la población de 12 años y más sin especificar su situación conyugal,2020,0.0925614271289128,Porcentaje
23,Quintana Roo,009,Tulum,6207019054,Porcentaje de la población femenina de 12 años y más económicamente activa ocupada,2020,99.3585948292876,Porcentaje
23,Quintana Roo,009,Tulum,6207019055,Porcentaje de viviendas particulares habitadas que disponen de teléfono celular,2020,87.299532542251,Porcentaje
23,Quintana Roo,009,Tulum,6207019056,Porcentaje de la población masculina de 12 años y más económicamente activa ocupada,2020,99.1348279128513,Porcentaje
23,Quintana Roo,009,Tulum,6207019057,Porcentaje de viviendas particulares habitadas que disponen de televisión de paga,2020,48.9679971233369,Porcentaje
23,Quintana Roo,009,Tulum,6207019058,Porcentaje de población de 3 años y más hablante de lengua indígena que no habla español,2020,5.59163059163059,Porcentaje
23,Quintana Roo,009,Tulum,6207019059,Porcentaje de población de 12 años con condición de actividad económica no especificada,2020,0.277684281386739,Porcentaje
23,Quintana Roo,009,Tulum,6207019060,Porcentaje de la población de 12 años y más no económicamente activa que es pensionada o jubilada,2020,2.49373956594324,Porcentaje
23,Quintana Roo,009,Tulum,6207019063,Porcentaje de superficie en el ámbito geográfico de referencia respecto a la unidad geográfica superior,2020,4.51536804148373,Porcentaje
23,Quintana Roo,009,Tulum,6207019064,Porcentaje de la población de 12 años y más no económicamente activa que se dedica a los quehaceres del hogar,2020,45.2212020033389,Porcentaje
23,Quintana Roo,009,Tulum,6207019065,Porcentaje de la población de 12 años y más no económicamente activa que realiza otras actividades no económicas,2020,14.5450751252087,Porcentaje
23,Quintana Roo,009,Tulum,6207019070,Porcentaje de la población de 12 años y más no económicamente activa con alguna limitación física o mental que les impide trabajar,2020,2.66068447412354,Porcentaje
23,Quintana Roo,009,Tulum,6207020032,Porcentaje de hombres,2020,52.2035059181096,Porcentaje
23,Quintana Roo,009,Tulum,6207020033,Porcentaje de mujeres,2020,47.7964940818904,Porcentaje
23,Quintana Roo,009,Tulum,6207020035,Promedio de ocupantes por cuarto (Índice de hacinamiento),2020,1.69504326147529,Promedio
23,Quintana Roo,009,Tulum,6207049066,Población de 6 a 14 años que sabe leer y escribir,2020,6326,Porcentaje
23,Quintana Roo,009,Tulum,6207049067,Población de 6 a 14 años que no sabe leer y escribir,2020,801,Porcentaje
23,Quintana Roo,009,Tulum,6207049068,Porcentaje de la población de 3 años y más que asiste a la escuela,2020,24.9885363169479,Porcentaje
23,Quintana Roo,009,Tulum,6207049069,Porcentaje de la población de 3 años y más que no asiste a la escuela,2020,74.9059977989729,Porcentaje
23,Quintana Roo,009,Tulum,6207049070,Población de 6 a 14 años que no especificó si sabe o no leer y escribir,2020,60,Porcentaje
23,Quintana Roo,009,Tulum,6207049071,Porcentaje de la población de 3 años y más que no especificó si asiste o no a la escuela,2020,0.105465884079237,Porcentaje
23,Quintana Roo,009,Tulum,6207051593,Porcentaje de población de 6 a 14 años que no asiste a la escuela,2020,11.339919,Porcentaje
23,Quintana Roo,009,Tulum,6207068394,Porcentaje de viviendas con agua entubada dentro de la vivienda,2020,68.8673139158576,Porcentaje
23,Quintana Roo,009,Tulum,6207129629,Porcentaje de la población nacional/estatal que representa,2020,2.51460587679664,Porcentaje
23,Quintana Roo,009,Tulum,6207129630,Promedio de ocupantes por dormitorio,2020,2.34896362527941,Promedio
23,Quintana Roo,009,Tulum,6207129631,Porcentaje de viviendas particulares habitadas que disponen de tinaco,2020,80.3595828838547,Porcentaje
23,Quintana Roo,009,Tulum,6207129632,Porcentaje de viviendas particulares habitadas que disponen de cisterna o aljibe,2020,20.8701905789284,Porcentaje
23,Quintana Roo,009,Tulum,6207129635,Porcentaje de viviendas particulares habitadas que disponen de Automóvil o camioneta,2020,31.9813016900396,Porcentaje
23,Quintana Roo,009,Tulum,6207129636,Porcentaje de viviendas particulares habitadas que disponen de motocicleta o motoneta,2020,21.8554476806904,Porcentaje
23,Quintana Roo,009,Tulum,6207129637,Porcentaje de viviendas particulares habitadas que disponen de bicicleta como medio de transporte,2020,51.0391945343402,Porcentaje
23,Quintana Roo,009,Tulum,6207129638,Porcentaje de la población con algún tipo de  discapacidad,2020,2.59198219216198,Porcentaje
23,Quintana Roo,009,Tulum,6207129639,Porcentaje de la población entre 0 y 17 años con algún tipo de  discapacidad,2020,1.83658900642482,Porcentaje
23,Quintana Roo,009,Tulum,6207129640,Porcentaje de la población entre 18 y 29 años con algún tipo de  discapacidad,2020,1.28953559292498,Porcentaje
23,Quintana Roo,009,Tulum,6207129641,Porcentaje de la población entre 30 y 59 años con algún tipo de  discapacidad,2020,2.39316239316239,Porcentaje
23,Quintana Roo,009,Tulum,6207129642,Porcentaje de la población de 60 años y más con algún tipo de  discapacidad,2020,16.2089149031968,Porcentaje
23,Quintana Roo,009,Tulum,6207129643,Porcentaje de la población de 5 y más años migrante según causa: Trabajo,2020,64.7742103889324,Porcentaje
23,Quintana Roo,009,Tulum,6207129644,Porcentaje de la población de 5 y más años migrante según causa: Familiar,2020,26.128948055338,Porcentaje
23,Quintana Roo,009,Tulum,6207129645,Porcentaje de la población de 5 y más años migrante según causa: Educativa,2020,2.77995301487862,Porcentaje
23,Quintana Roo,009,Tulum,6207129646,Porcentaje de la población de 5 y más años migrante según causa: Inseguridad delictiva o violencia,2020,1.39650221874184,Porcentaje
23,Quintana Roo,009,Tulum,6207129647,Porcentaje de la población de 5 y más años migrante según causa: Otra causa,2020,2.88436439571913,Porcentaje
23,Quintana Roo,009,Tulum,6207129648,Promedio de hijos nacidos vivos por grupo de edad: 15-19,2020,0.15203426124197,Promedio
23,Quintana Roo,009,Tulum,6207129649,Promedio de hijos nacidos vivos por grupo de edad: 20-24,2020,0.713574660633484,Promedio
23,Quintana Roo,009,Tulum,6207129650,Promedio de hijos nacidos vivos por grupo de edad: 25-29,2020,1.19650291423813,Promedio
23,Quintana Roo,009,Tulum,6207129651,Promedio de hijos nacidos vivos por grupo de edad: 30-34,2020,1.81183745583039,Promedio
23,Quintana Roo,009,Tulum,6207129652,Promedio de hijos nacidos vivos por grupo de edad: 35-39,2020,2.1787012987013,Promedio
23,Quintana Roo,009,Tulum,6207129653,Promedio de hijos nacidos vivos por grupo de edad: 40-44,2020,2.63757495003331,Promedio
23,Quintana Roo,009,Tulum,6207129654,Promedio de hijos nacidos vivos por grupo de edad: 45-49,2020,2.96649029982363,Promedio
23,Quintana Roo,009,Tulum,6207129812,Porcentaje de viviendas particulares habitadas que disponen de refrigerador,2020,73.4412081984897,Porcentaje
23,Quintana Roo,009,Tulum,6207129813,Porcentaje de viviendas particulares habitadas que disponen de lavadora,2020,64.8903272204243,Porcentaje
23,Quintana Roo,009,Tulum,6207129818,Porcentaje de la población derechohabiente en Instituto de Salud para el Bienestar (IMSS-PROSPERA o IMSS-BIENESTAR),2020,1.86368289153224,Porcentaje
23,Quintana Roo,009,Tulum,6207129822,Ubicación geográfica con la mayor cantidad de pobladores. Primer lugar,2020,230090001,No aplica
23,Quintana Roo,009,Tulum,6207129825,Población de la ubicación geográfica con la mayor cantidad de pobladores. Primer lugar,2020,33374,Personas
23,Quintana Roo,009,Tulum,6207129828,Lengua indígena más frecuente. Descripción. Primer lugar,2020,602,No aplica
23,Quintana Roo,009,Tulum,6207129830,Lengua indígena más frecuente. Porcentaje. Primer lugar,2020,92.2985781990521,Porcentaje
23,Quintana Roo,009,Tulum,6207129840,Total de áreas geográficas,2020,177,Municipios
23,Quintana Roo,010,Bacalar,1001000001,Superficie continental,2020,6058.49631808,Kilómetros cuadrados
23,Quintana Roo,010,Bacalar,1002000001,Población total,2020,41754,Personas
23,Quintana Roo,010,Bacalar,1002000002,Población total hombres,2020,21051,Personas
23,Quintana Roo,010,Bacalar,1002000003,Población total mujeres,2020,20703,Personas
23,Quintana Roo,010,Bacalar,1002000004,Porcentaje de población de 15 a 29 años,2020,26.2201988738469,Porcentaje
23,Quintana Roo,010,Bacalar,1002000005,Porcentaje de hombres de 15 a 29 años,2020,25.8197889934417,Porcentaje
23,Quintana Roo,010,Bacalar,1002000006,Porcentaje de mujeres de 15 a 29 años,2020,26.6273619098246,Porcentaje
23,Quintana Roo,010,Bacalar,1002000007,Porcentaje de población de 60 y más años,2020,10.2192404456691,Porcentaje
23,Quintana Roo,010,Bacalar,1002000008,Porcentaje de hombres de 60 y más años,2020,11.0825967113392,Porcentaje
23,Quintana Roo,010,Bacalar,1002000009,Porcentaje de mujeres de 60 y más años,2020,9.34132315275697,Porcentaje
23,Quintana Roo,010,Bacalar,1002000010,Edad mediana,2020,26,Años
23,Quintana Roo,010,Bacalar,1002000011,Edad mediana hombres,2020,26,Años
23,Quintana Roo,010,Bacalar,1002000012,Edad mediana mujeres,2020,25,Años
23,Quintana Roo,010,Bacalar,1002000013,Promedio de hijos nacidos vivos de las mujeres de 12 años y más,2020,2.58210191082803,Promedio
23,Quintana Roo,010,Bacalar,1002000014,Población en hogares censales,2020,41744,Personas
23,Quintana Roo,010,Bacalar,1002000015,Población en hogares familiares,2020,40224,Personas
23,Quintana Roo,010,Bacalar,1002000016,Población en hogares no familiares,2020,1501,Personas
23,Quintana Roo,010,Bacalar,1002000018,Hogares censales,2020,11182,Hogares
23,Quintana Roo,010,Bacalar,1002000019,Hogares con jefatura masculina,2020,8378,Hogares
23,Quintana Roo,010,Bacalar,1002000020,Hogares con jefatura femenina,2020,2804,Hogares
23,Quintana Roo,010,Bacalar,1002000021,Tamaño promedio de los hogares censales,2020,3.73314255052763,Personas
23,Quintana Roo,010,Bacalar,1002000022,Tamaño promedio de los hogares con jefe hombre,2020,3.84125089520172,Personas
23,Quintana Roo,010,Bacalar,1002000023,Tamaño promedio de los hogares con jefe mujer,2020,3.41012838801712,Personas
23,Quintana Roo,010,Bacalar,1002000024,Relación hombres-mujeres,2020,101.680915809303,Hombres por cada 100 mujeres
23,Quintana Roo,010,Bacalar,1002000041,Porcentaje de personas de 15 años y más alfabetas,2020,88.8142793518106,Porcentaje
23,Quintana Roo,010,Bacalar,1002000050,Tasa de alfabetización de las personas de 15 a 24 años,2020,98.3238748845189,Tasa
23,Quintana Roo,010,Bacalar,1002000055,Población de edad no especificada,2020,19,Personas
23,Quintana Roo,010,Bacalar,1002000056,Población de edad no especificada. Hombres,2020,9,Personas
23,Quintana Roo,010,Bacalar,1002000057,Población de edad no especificada. Mujeres,2020,10,Personas
23,Quintana Roo,010,Bacalar,1002000058,Población de 0 a 4 años,2020,4181,Personas
23,Quintana Roo,010,Bacalar,1002000059,Población de 0 a 4 años. Hombres,2020,2110,Personas
23,Quintana Roo,010,Bacalar,1002000060,Población de 0 a 4 años. Mujeres,2020,2071,Personas
23,Quintana Roo,010,Bacalar,1002000061,Población de 10 a 14 años,2020,4221,Personas
23,Quintana Roo,010,Bacalar,1002000062,Población de 10 a 14 años. Hombres,2020,2133,Personas
23,Quintana Roo,010,Bacalar,1002000063,Población de 10 a 14 años. Mujeres,2020,2088,Personas
23,Quintana Roo,010,Bacalar,1002000064,Población de 100 años y más,2020,10,Personas
23,Quintana Roo,010,Bacalar,1002000065,Población de 100 años y más. Hombres,2020,5,Personas
23,Quintana Roo,010,Bacalar,1002000066,Población de 100 años y más. Mujeres,2020,5,Personas
23,Quintana Roo,010,Bacalar,1002000067,Población de 15 a 19 años,2020,3912,Personas
23,Quintana Roo,010,Bacalar,1002000068,Población de 15 a 19 años. Hombres,2020,1959,Personas
23,Quintana Roo,010,Bacalar,1002000069,Población de 15 a 19 años. Mujeres,2020,1953,Personas
23,Quintana Roo,010,Bacalar,1002000070,Población de 20 a 24 años,2020,3665,Personas
23,Quintana Roo,010,Bacalar,1002000071,Población de 20 a 24 años. Hombres,2020,1857,Personas
23,Quintana Roo,010,Bacalar,1002000072,Población de 20 a 24 años. Mujeres,2020,1808,Personas
23,Quintana Roo,010,Bacalar,1002000073,Población de 25 a 29 años,2020,3366,Personas
23,Quintana Roo,010,Bacalar,1002000074,Población de 25 a 29 años. Hombres,2020,1617,Personas
23,Quintana Roo,010,Bacalar,1002000075,Población de 25 a 29 años. Mujeres,2020,1749,Personas
23,Quintana Roo,010,Bacalar,1002000076,Población de 30 a 34 años,2020,3090,Personas
23,Quintana Roo,010,Bacalar,1002000077,Población de 30 a 34 años. Hombres,2020,1547,Personas
23,Quintana Roo,010,Bacalar,1002000078,Población de 30 a 34 años. Mujeres,2020,1543,Personas
23,Quintana Roo,010,Bacalar,1002000079,Población de 35 a 39 años,2020,2668,Personas
23,Quintana Roo,010,Bacalar,1002000080,Población de 35 a 39 años. Hombres,2020,1327,Personas
23,Quintana Roo,010,Bacalar,1002000081,Población de 35 a 39 años. Mujeres,2020,1341,Personas
23,Quintana Roo,010,Bacalar,1002000082,Población de 40 a 44 años,2020,2452,Personas
23,Quintana Roo,010,Bacalar,1002000083,Población de 40 a 44 años. Hombres,2020,1193,Personas
23,Quintana Roo,010,Bacalar,1002000084,Población de 40 a 44 años. Mujeres,2020,1259,Personas
23,Quintana Roo,010,Bacalar,1002000085,Población de 45 a 49 años,2020,2222,Personas
23,Quintana Roo,010,Bacalar,1002000086,Población de 45 a 49 años. Hombres,2020,1115,Personas
23,Quintana Roo,010,Bacalar,1002000087,Población de 45 a 49 años. Mujeres,2020,1107,Personas
23,Quintana Roo,010,Bacalar,1002000088,Población de 5 a 9 años,2020,4144,Personas
23,Quintana Roo,010,Bacalar,1002000089,Población de 5 a 9 años. Hombres,2020,2056,Personas
23,Quintana Roo,010,Bacalar,1002000090,Población de 5 a 9 años. Mujeres,2020,2088,Personas
23,Quintana Roo,010,Bacalar,1002000091,Población de 50 a 54 años,2020,1937,Personas
23,Quintana Roo,010,Bacalar,1002000092,Población de 50 a 54 años. Hombres,2020,971,Personas
23,Quintana Roo,010,Bacalar,1002000093,Población de 50 a 54 años. Mujeres,2020,966,Personas
23,Quintana Roo,010,Bacalar,1002000094,Población de 55 a 59 años,2020,1612,Personas
23,Quintana Roo,010,Bacalar,1002000095,Población de 55 a 59 años. Hombres,2020,825,Número de personas
23,Quintana Roo,010,Bacalar,1002000096,Población de 55 a 59 años. Mujeres,2020,787,Número de personas
23,Quintana Roo,010,Bacalar,1002000097,Población de 60 a 64 años,2020,1284,Personas
23,Quintana Roo,010,Bacalar,1002000098,Población de 60 a 64 años. Hombres,2020,698,Número de personas
23,Quintana Roo,010,Bacalar,1002000099,Población de 60 a 64 años. Mujeres,2020,586,Número de personas
23,Quintana Roo,010,Bacalar,1002000100,Población de 65 a 69 años,2020,1068,Personas
23,Quintana Roo,010,Bacalar,1002000101,Población de 65 a 69 años. Hombres,2020,551,Número de personas
23,Quintana Roo,010,Bacalar,1002000102,Población de 65 a 69 años. Mujeres,2020,517,Número de personas
23,Quintana Roo,010,Bacalar,1002000103,Población de 70 a 74 años,2020,747,Personas
23,Quintana Roo,010,Bacalar,1002000104,Población de 70 a 74 años. Hombres,2020,419,Número de personas
23,Quintana Roo,010,Bacalar,1002000105,Población de 70 a 74 años. Mujeres,2020,328,Número de personas
23,Quintana Roo,010,Bacalar,1002000106,Población de 75 a 79 años,2020,543,Personas
23,Quintana Roo,010,Bacalar,1002000107,Población de 75 a 79 años. Hombres,2020,290,Número de personas
23,Quintana Roo,010,Bacalar,1002000108,Población de 75 a 79 años. Mujeres,2020,253,Número de personas
23,Quintana Roo,010,Bacalar,1002000109,Población de 80 a 84 años,2020,318,Personas
23,Quintana Roo,010,Bacalar,1002000110,Población de 80 a 84 años. Hombres,2020,197,Número de personas
23,Quintana Roo,010,Bacalar,1002000111,Población de 80 a 84 años. Mujeres,2020,121,Número de personas
23,Quintana Roo,010,Bacalar,1002000112,Población de 85 a 89 años,2020,195,Personas
23,Quintana Roo,010,Bacalar,1002000113,Población de 85 a 89 años. Hombres,2020,113,Número de personas
23,Quintana Roo,010,Bacalar,1002000114,Población de 85 a 89 años. Mujeres,2020,82,Número de personas
23,Quintana Roo,010,Bacalar,1002000115,Población de 90 a 94 años,2020,68,Personas
23,Quintana Roo,010,Bacalar,1002000116,Población de 90 a 94 años. Hombres,2020,38,Número de personas
23,Quintana Roo,010,Bacalar,1002000117,Población de 90 a 94 años. Mujeres,2020,30,Número de personas
23,Quintana Roo,010,Bacalar,1002000118,Población de 95 a 99 años,2020,32,Personas
23,Quintana Roo,010,Bacalar,1002000119,Población de 95 a 99 años. Hombres,2020,21,Número de personas
23,Quintana Roo,010,Bacalar,1002000120,Población de 95 a 99 años. Mujeres,2020,11,Número de personas
23,Quintana Roo,010,Bacalar,1002000127,Relación de dependencia,2020,59.2452686202686,Personas dependientes por cada 100 personas en edad de trabajar
23,Quintana Roo,010,Bacalar,1003000001,Total de viviendas particulares habitadas,2020,11182,Viviendas
23,Quintana Roo,010,Bacalar,1003000011,Viviendas particulares habitadas,2020,11069,Número de Viviendas
23,Quintana Roo,010,Bacalar,1003000015,Promedio de ocupantes en viviendas particulares habitadas,2020,3.73603878613755,Promedio
23,Quintana Roo,010,Bacalar,1003000017,Viviendas particulares habitadas que disponen de energía eléctrica,2020,10757,Viviendas
23,Quintana Roo,010,Bacalar,1003000018,Viviendas particulares habitadas que disponen de agua de la red pública en el ámbito de la vivienda,2020,10932,Viviendas
23,Quintana Roo,010,Bacalar,1003000019,Viviendas particulares habitadas que disponen de drenaje,2020,10310,Viviendas
23,Quintana Roo,010,Bacalar,1003000020,Viviendas particulares habitadas que disponen de excusado o sanitario,2020,10726,Viviendas
23,Quintana Roo,010,Bacalar,1003000023,Viviendas particulares habitadas que disponen de lavadora,2020,7541,Viviendas
23,Quintana Roo,010,Bacalar,1003000024,Viviendas particulares habitadas que disponen de computadora,2020,1586,Viviendas
23,Quintana Roo,010,Bacalar,1004000001,Población derechohabiente a servicios de salud,2020,33383,Personas
23,Quintana Roo,010,Bacalar,1005000012,Población de 5 años y más que asiste a la escuela,2020,10843,Personas
23,Quintana Roo,010,Bacalar,1005000038,Grado promedio de escolaridad de la población de 15 y más años,2020,7.86142925725259,Años de escolaridad
23,Quintana Roo,010,Bacalar,1005000039,Población de 5 años y más hablante de lengua indígena,2020,8635,Personas
23,Quintana Roo,010,Bacalar,3104003001,Porcentaje de población inmigrante (migración reciente),2020,3.69685767097967,Porcentaje
23,Quintana Roo,010,Bacalar,3105001001,Densidad de población,2020,6.89180909054877,Habitantes por kilómetro cuadrado
23,Quintana Roo,010,Bacalar,3105004001,Porcentaje de población en localidades de menos de 2 500 habitantes,2020,57.0747712793984,Porcentaje
23,Quintana Roo,010,Bacalar,3108001001,Porcentaje de analfabetas total,2020,11.1103497893042,Porcentaje
23,Quintana Roo,010,Bacalar,3108001002,Porcentaje de analfabetas hombres,2020,9.60455809536729,Porcentaje
23,Quintana Roo,010,Bacalar,3108001003,Porcentaje de analfabetas mujeres,2020,12.6470995431261,Porcentaje
23,Quintana Roo,010,Bacalar,3114004001,Porcentaje de viviendas con piso de tierra,2020,6.34763871431137,Porcentaje
23,Quintana Roo,010,Bacalar,3114006001,Porcentaje de viviendas con electricidad,2020,96.5792781468845,Porcentaje
23,Quintana Roo,010,Bacalar,6200031290,Porcentaje de viviendas particulares habitadas con disponibilidad de drenaje,2020,92.5659903034656,Porcentaje
23,Quintana Roo,010,Bacalar,6200031291,Porcentaje de viviendas particulares habitadas con disponibilidad de excusado,2020,96.3009516968935,Porcentaje
23,Quintana Roo,010,Bacalar,6200108938,Porcentaje de viviendas con techos de materiales resistentes,2020,60.591831310357,Porcentaje
23,Quintana Roo,010,Bacalar,6200205238,Población de 8 a 14 años que sabe leer y escribir,2020,5636,Personas
23,Quintana Roo,010,Bacalar,6200205244,Viviendas que son cuarto de azotea,2020,0,Viviendas
23,Quintana Roo,010,Bacalar,6200205245,Viviendas móviles,2020,3,Viviendas
23,Quintana Roo,010,Bacalar,6200205246,Viviendas que son departamento en edificio o vivienda en vecindad,2020,127,Viviendas
23,Quintana Roo,010,Bacalar,6200205247,Viviendas que son refugio,2020,0,Viviendas
23,Quintana Roo,010,Bacalar,6200205248,Viviendas colectivas,2020,4,Viviendas
23,Quintana Roo,010,Bacalar,6200205249,Viviendas que son casa independiente o local no construido para habitación,2020,9149,Viviendas
23,Quintana Roo,010,Bacalar,6200205251,Promedio de hijos nacidos vivos de las mujeres de 12 años y más casada sólo religiosamente,2020,4.1498127340824,Promedio
23,Quintana Roo,010,Bacalar,6200205252,Población de 5 años y más inmigrante,2020,1898,Personas
23,Quintana Roo,010,Bacalar,6200205253,Población total sin limitación en la actividad,2020,35301,Personas
23,Quintana Roo,010,Bacalar,6200205254,Población total que no especificó limitación en la actividad,2020,26,Personas
23,Quintana Roo,010,Bacalar,6200205255,Porcentaje de la población migrante internacional destino otro país,2020,0,Porcentaje
23,Quintana Roo,010,Bacalar,6200205256,Población de 5 años y más con religión no especificada,2020,70,Personas
23,Quintana Roo,010,Bacalar,6200205257,Población de 5 años y más católica,2020,15237,Personas
23,Quintana Roo,010,Bacalar,6200205258,Promedio de hijos nacidos vivos de las mujeres de 12 años y más solteras,2020,0.224994380759721,Promedio
23,Quintana Roo,010,Bacalar,6200205259,Población nacida en otro país residente en México,2020,2105,Personas
23,Quintana Roo,010,Bacalar,6200205260,Población con limitación en la actividad para escuchar,2020,953,Personas
23,Quintana Roo,010,Bacalar,6200205261,Población con limitación en la actividad para hablar o comunicarse,2020,329,Personas
23,Quintana Roo,010,Bacalar,6200205263,Población con limitación en la actividad para caminar o moverse,2020,1336,Personas
23,Quintana Roo,010,Bacalar,6200205264,Porcentaje de la población migrante internacional destino no especificado,2020,31.8181818181818,Porcentaje
23,Quintana Roo,010,Bacalar,6200205265,Promedio de hijos nacidos vivos de las mujeres de 12 años y más que no especificó estado conyugal,2020,0,Promedio
23,Quintana Roo,010,Bacalar,6200205266,Promedio de hijos nacidos vivos de las mujeres de 12 años y más casada civil y religiosamente,2020,4.00038226299694,Promedio
23,Quintana Roo,010,Bacalar,6200205267,Promedio de hijos nacidos vivos de las mujeres de 12 años y más separadas,2020,3.2991347342398,Promedio
23,Quintana Roo,010,Bacalar,6200205268,Población nacida en otro país residente en México hombres,2020,1050,Personas
23,Quintana Roo,010,Bacalar,6200205269,Población con limitación en la actividad para atender el cuidado personal,2020,225,Personas
23,Quintana Roo,010,Bacalar,6200205270,Población con limitación en la actividad para poner atención o aprender,2020,799,Personas
23,Quintana Roo,010,Bacalar,6200205271,Población con limitación en la actividad,2020,4095,Personas
23,Quintana Roo,010,Bacalar,6200205272,Porcentaje de población nacida en otro país residente en México,2020,5.0414331561048,Porcentaje
23,Quintana Roo,010,Bacalar,6200205273,Población de 5 años y más con religión distinta de católica,2020,14839,Personas
23,Quintana Roo,010,Bacalar,6200205274,Porcentaje de población masculina nacida en otro país residente en México,2020,4.98788656120849,Porcentaje
23,Quintana Roo,010,Bacalar,6200205275,Promedio de hijos nacidos vivos de las mujeres de 12 años y más divorciadas,2020,2.95375722543353,Promedio
23,Quintana Roo,010,Bacalar,6200205276,Promedio de hijos nacidos vivos de las mujeres de 12 años y más en unión libre,2020,2.52017448200654,Promedio
23,Quintana Roo,010,Bacalar,6200205277,Población de 5 años y más emigrante,2020,1224,Personas
23,Quintana Roo,010,Bacalar,6200205279,Promedio de hijos nacidos vivos de las mujeres de 12 años y más casada sólo por lo civil,2020,3.64469510045823,Promedio
23,Quintana Roo,010,Bacalar,6200205280,Población con limitación en la actividad para ver,2020,2611,Personas
23,Quintana Roo,010,Bacalar,6200205282,Porcentaje de población femenina nacida en otro país residente en México,2020,5.09587982418007,Porcentaje
23,Quintana Roo,010,Bacalar,6200205283,Promedio de hijos nacidos vivos de las mujeres de 12 años y más viudas,2020,5.90351872871737,Promedio
23,Quintana Roo,010,Bacalar,6200205284,Población nacida en otro país residente en México mujeres,2020,1055,Personas
23,Quintana Roo,010,Bacalar,6200205285,Porcentaje de la población migrante internacional destino Estados Unidos de América,2020,68.1818181818182,Porcentaje
23,Quintana Roo,010,Bacalar,6200205286,Población con limitación en la actividad mental,2020,558,Personas
23,Quintana Roo,010,Bacalar,6200205288,Índice de masculinidad de la población nacida en otro país residente en México,2020,99.5260663507109,Índice
23,Quintana Roo,010,Bacalar,6200205289,Población de 5 años y más sin religión,2020,7408,Personas
23,Quintana Roo,010,Bacalar,6200240300,Porcentaje de hombres de 0 a 4 años,2020,5.05570863783395,Porcentaje
23,Quintana Roo,010,Bacalar,6200240301,Población católica,2020,16.646,Miles DE personas
23,Quintana Roo,010,Bacalar,6200240302,Porcentaje de la población de 60 a 84 años con limitación en la actividad,2020,34.3434343434343,Porcentaje
23,Quintana Roo,010,Bacalar,6200240304,Tasa de monolingüismo de la población de 5 años y más hablante de Tojolabal,2020,0,Porcentaje
23,Quintana Roo,010,Bacalar,6200240305,Porcentaje de la población que profesa la religión católica,2020,39.8668391052354,Porcentaje
23,Quintana Roo,010,Bacalar,6200240310,Porcentaje de mujeres de 75 a 79 años,2020,0.60620582245118,Porcentaje
23,Quintana Roo,010,Bacalar,6200240311,Porcentaje de hombres de 10 a 14 años,2020,5.11081825805679,Porcentaje
23,Quintana Roo,010,Bacalar,6200240312,Porcentaje de mujeres de 5 a 9 años,2020,5.00299508805559,Porcentaje
23,Quintana Roo,010,Bacalar,6200240314,Porcentaje de la población de 15 años y más con instrucción media superior,2020,19.4936448662167,Porcentaje
23,Quintana Roo,010,Bacalar,6200240315,Porcentaje de la población con limitación mental,2020,1.42223581587399,Porcentaje
23,Quintana Roo,010,Bacalar,6200240316,Tasa de monolingüismo de la población de 5 años y más hablante de Maya,2020,2.97979797979798,Porcentaje
23,Quintana Roo,010,Bacalar,6200240318,Población de 5 años y más hablante de Tzeltal  (Tseltal),2020,63,Personas
23,Quintana Roo,010,Bacalar,6200240319,Tasa de monolingüismo de la población de 5 años y más hablante de Mazateco,2020,0,Porcentaje
23,Quintana Roo,010,Bacalar,6200240320,Población de 5 años y más hablante de Lenguas chinantecas,2020,2,Personas
23,Quintana Roo,010,Bacalar,6200240323,Porcentaje de la población derechohabiente en el Seguro popular,2020,85.157115897313,Porcentaje
23,Quintana Roo,010,Bacalar,6200240325,Tasa de monolingüismo de la población de 5 años y más hablante de Náhuatl,2020,3.57142857142857,Porcentaje
23,Quintana Roo,010,Bacalar,6200240326,Población de 5 años y más hablante de Lenguas zapotecas,2020,7,Personas
23,Quintana Roo,010,Bacalar,6200240328,Porcentaje de mujeres de 55 a 59 años,2020,1.88570743979873,Porcentaje
23,Quintana Roo,010,Bacalar,6200240330,Porcentaje de hombres de 75 a 79 años,2020,0.69486042889661,Porcentaje
23,Quintana Roo,010,Bacalar,6200240331,Población de 5 años y más hablante de Maya,2020,5940,Personas
23,Quintana Roo,010,Bacalar,6200240332,Población de 5 años y más hablante de Otomí,2020,7,Personas
23,Quintana Roo,010,Bacalar,6200240334,Población de 5 años y más hablante de Tojolabal,2020,2,Personas
23,Quintana Roo,010,Bacalar,6200240341,Porcentaje de mujeres de 40 a 44 años,2020,3.01665268958907,Porcentaje
23,Quintana Roo,010,Bacalar,6200240342,Porcentaje de mujeres de 70 a 74 años,2020,0.78591110578651,Porcentaje
23,Quintana Roo,010,Bacalar,6200240343,Porcentaje de hombres de 15 a 19 años,2020,4.69390200071882,Porcentaje
23,Quintana Roo,010,Bacalar,6200240344,Porcentaje de mujeres de 85 años y más,2020,0.306697016892297,Porcentaje
23,Quintana Roo,010,Bacalar,6200240345,Población de 5 años y más hablante de Mixe,2020,1,Personas
23,Quintana Roo,010,Bacalar,6200240354,Porcentaje de mujeres de 10 a 14 años,2020,5.00299508805559,Porcentaje
23,Quintana Roo,010,Bacalar,6200240356,Porcentaje de mujeres de 20 a 24 años,2020,4.33209536360369,Porcentaje
23,Quintana Roo,010,Bacalar,6200240357,Porcentaje de hombres de 35 a 39 años,2020,3.17958547981311,Porcentaje
23,Quintana Roo,010,Bacalar,6200240358,Porcentaje de la población de 0 a 14 años con limitación en la actividad,2020,3.02885381794994,Porcentaje
23,Quintana Roo,010,Bacalar,6200240361,Población de 5 años y más hablante de Mazahua,2020,0,Personas
23,Quintana Roo,010,Bacalar,6200240364,Tasa de monolingüismo de la población de 5 años y más hablante de Chatino,2020,0,Porcentaje
23,Quintana Roo,010,Bacalar,6200240365,Porcentaje de la población de 15 años y más con instrucción superior,2020,9.94552742471479,Porcentaje
23,Quintana Roo,010,Bacalar,6200240366,Tasa de monolingüismo de la población de 5 años y más hablante de Lenguas mixtecas,2020,0,Porcentaje
23,Quintana Roo,010,Bacalar,6200240367,Porcentaje de la población con limitación para hablar o comunicarse,2020,7.29656195894138,Porcentaje
23,Quintana Roo,010,Bacalar,6200240368,Porcentaje de la población de 15 años y más con instrucción no especificada,2020,0.0753708588851965,Porcentaje
23,Quintana Roo,010,Bacalar,6200240377,Porcentaje de mujeres de 45 a 49 años,2020,2.65244998202947,Porcentaje
23,Quintana Roo,010,Bacalar,6200240378,Porcentaje de mujeres de 0 a 4 años,2020,4.96226189049958,Porcentaje
23,Quintana Roo,010,Bacalar,6200240379,Porcentaje de mujeres de 80 a 84 años,2020,0.289924523780999,Porcentaje
23,Quintana Roo,010,Bacalar,6200240381,Tasa de monolingüismo de la población de 5 años y más hablante de Tzotzil (Tsotsil),2020,1.51515151515151,Porcentaje
23,Quintana Roo,010,Bacalar,6200240384,Porcentaje de mujeres de 15 a 19 años,2020,4.67952557805199,Porcentaje
23,Quintana Roo,010,Bacalar,6200240386,Población de 5 años y más hablante de Lenguas mixtecas,2020,3,Personas
23,Quintana Roo,010,Bacalar,6200240388,Porcentaje de hombres de 65 a 69 años,2020,1.32023481490356,Porcentaje
23,Quintana Roo,010,Bacalar,6200240389,Tasa de crecimiento promedio anual de las viviendas particulares habitadas,2020,NA,Tasa
23,Quintana Roo,010,Bacalar,6200240390,Porcentaje de la población con discapacidad por accidente,2020,11.2947658402204,Porcentaje
23,Quintana Roo,010,Bacalar,6200240395,"Viviendas, de cada cien que cuentan con electricidad, agua y drenaje",2020,89.7019213503322,Porcentaje
23,Quintana Roo,010,Bacalar,6200240396,Porcentaje de la población de 30 a 59 años con limitación en la actividad,2020,13.1964809384164,Porcentaje
23,Quintana Roo,010,Bacalar,6200240397,Tasa de monolingüismo de la población de 5 años y más hablante de Chol (Ch''ol),2020,0,Porcentaje
23,Quintana Roo,010,Bacalar,6200240398,Tasa de monolingüismo de la población de 5 años y más hablante de Totonaca (Totonaco),2020,2.63157894736842,Porcentaje
23,Quintana Roo,010,Bacalar,6200240407,Índice de envejecimiento,2020,33.9948987725171,Porcentaje
23,Quintana Roo,010,Bacalar,6200240410,Porcentaje de hombres de 60 a 64 años,2020,1.67245717024081,Porcentaje
23,Quintana Roo,010,Bacalar,6200240411,Porcentaje de hombres de 85 años y más,2020,0.424104468671379,Porcentaje
23,Quintana Roo,010,Bacalar,6200240413,Tasa de monolingüismo de la población de 5 años y más hablante de Huasteco,2020,0,Porcentaje
23,Quintana Roo,010,Bacalar,6200240414,"Porcentaje de la población derechohabiente en PEMEX, SDN o SM",2020,0.287571518437528,Porcentaje
23,Quintana Roo,010,Bacalar,6200240416,Porcentaje de la población usuaria de servicios de salud en instituciones de servicios médicos privados,2020,0.530209987119192,Porcentaje
23,Quintana Roo,010,Bacalar,6200240421,Porcentaje de la población derechohabiente en el ISSSTE,2020,8.49234640385825,Porcentaje
23,Quintana Roo,010,Bacalar,6200240423,Porcentaje de hombres de 40 a 44 años,2020,2.85851204025398,Porcentaje
23,Quintana Roo,010,Bacalar,6200240424,Tasa de monolingüismo de la población de 5 años y más hablante de Mixe,2020,0,Porcentaje
23,Quintana Roo,010,Bacalar,6200240425,Porcentaje de hombres de 70 a 74 años,2020,1.00395351623338,Porcentaje
23,Quintana Roo,010,Bacalar,6200240426,Porcentaje de mujeres de 60 a 64 años,2020,1.40409728046005,Porcentaje
23,Quintana Roo,010,Bacalar,6200240427,Porcentaje de mujeres de 65 a 69 años,2020,1.23876841979154,Porcentaje
23,Quintana Roo,010,Bacalar,6200240428,Tasa de monolingüismo de la población de 5 años y más hablante de Otomí,2020,0,Porcentaje
23,Quintana Roo,010,Bacalar,6200240430,Porcentaje de la población con limitación para caminar y moverse,2020,32.6251526251526,Porcentaje
23,Quintana Roo,010,Bacalar,6200240431,Población de 5 años y más hablante de Purépecha (Tarasco),2020,0,Personas
23,Quintana Roo,010,Bacalar,6200240432,Tasa de monolingüismo de la población de 5 años y más hablante de Zoque,2020,0,Porcentaje
23,Quintana Roo,010,Bacalar,6200240433,Tasa de monolingüismo de la población de 5 años y más hablante de Lenguas zapotecas,2020,0,Porcentaje
23,Quintana Roo,010,Bacalar,6200240434,Población de 5 años y más hablante de Chatino,2020,1,Personas
23,Quintana Roo,010,Bacalar,6200240435,Porcentaje de la población con limitación para atender el cuidado personal,2020,5.49450549450549,Porcentaje
23,Quintana Roo,010,Bacalar,6200240443,Porcentaje de mujeres de 35 a 39 años,2020,3.2131304660357,Porcentaje
23,Quintana Roo,010,Bacalar,6200240444,Porcentaje de hombres de 55 a 59 años,2020,1.97675811668863,Porcentaje
23,Quintana Roo,010,Bacalar,6200240445,Porcentaje de hombres de 5 a 9 años,2020,4.92632083383251,Porcentaje
23,Quintana Roo,010,Bacalar,6200240447,Porcentaje de la población de 15 años y más sin instrucción,2020,11.3604440028778,Porcentaje
23,Quintana Roo,010,Bacalar,6200240449,Tasa de monolingüismo de la población de 5 años y más hablante de lengua indígena,2020,2.88361320208454,Porcentaje
23,Quintana Roo,010,Bacalar,6200240450,Porcentaje de la población con limitación para ver,2020,63.7606837606838,Porcentaje
23,Quintana Roo,010,Bacalar,6200240451,Población de 5 años y más hablante de Tarahumara,2020,0,Personas
23,Quintana Roo,010,Bacalar,6200240452,Población de 5 años y más hablante de Chol (Ch''ol),2020,81,Personas
23,Quintana Roo,010,Bacalar,6200240453,Población de 5 años y más hablante de Totonaca (Totonaco),2020,114,Personas
23,Quintana Roo,010,Bacalar,6200240454,Tasa de monolingüismo de la población de 5 años y más hablante de Mazahua,2020,0,Porcentaje
23,Quintana Roo,010,Bacalar,6200240458,Porcentaje de la población con discapacidad por edad avanzada,2020,30.7621671258035,Porcentaje
23,Quintana Roo,010,Bacalar,6200240459,Porcentaje de la población con discapacidad por nacimiento,2020,17.5390266299357,Porcentaje
23,Quintana Roo,010,Bacalar,6200240466,Población de 5 años y más hablante de Tlapaneco,2020,0,Personas
23,Quintana Roo,010,Bacalar,6200240471,Porcentaje de la población derechohabiente en el IMSS,2020,5.89521612796933,Porcentaje
23,Quintana Roo,010,Bacalar,6200240475,Porcentaje de hombres de 80 a 84 años,2020,0.4720258775608,Porcentaje
23,Quintana Roo,010,Bacalar,6200240477,Porcentaje de la población de 85 y más con limitación en la actividad,2020,23.2786885245902,Porcentaje
23,Quintana Roo,010,Bacalar,6200240478,Porcentaje de la población con limitación para escuchar,2020,23.2722832722833,Porcentaje
23,Quintana Roo,010,Bacalar,6200240479,Porcentaje de la población con limitación para poner atención o aprender,2020,19.5115995115995,Porcentaje
23,Quintana Roo,010,Bacalar,6200240480,Población de 5 años y más hablante de Huasteco,2020,0,Personas
23,Quintana Roo,010,Bacalar,6200240481,Población de 5 años y más hablante de Tzotzil (Tsotsil),2020,66,Personas
23,Quintana Roo,010,Bacalar,6200240486,Porcentaje de hombres de 25 a 29 años,2020,3.87444590870972,Porcentaje
23,Quintana Roo,010,Bacalar,6200240488,Porcentaje de la población de 15 a 29 años con limitación en la actividad,2020,4.01169697523531,Porcentaje
23,Quintana Roo,010,Bacalar,6200240493,Porcentaje de la población de 5 años y más hablante de lengua indígena,2020,22.9935559461043,Porcentaje
23,Quintana Roo,010,Bacalar,6200240495,Porcentaje de la población con discapacidad por otra causa,2020,13.406795224977,Porcentaje
23,Quintana Roo,010,Bacalar,6200240496,Población de 5 años y más hablante de Náhuatl,2020,28,Personas
23,Quintana Roo,010,Bacalar,6200240497,Población no católica,2020,16271,Miles DE personas
23,Quintana Roo,010,Bacalar,6200240499,Porcentaje de la población que profesa la religión protestante y evangélica,2020,38.7867030703645,Porcentaje
23,Quintana Roo,010,Bacalar,6200240507,Porcentaje de mujeres de 50 a 54 años,2020,2.31460404935905,Porcentaje
23,Quintana Roo,010,Bacalar,6200240509,Tasa de monolingüismo de la población de 5 años y más hablante de Tarahumara,2020,0,Porcentaje
23,Quintana Roo,010,Bacalar,6200240518,Porcentaje de hombres de 30 a 34 años,2020,3.70672097759674,Porcentaje
23,Quintana Roo,010,Bacalar,6200240520,Porcentaje de hombres de 20 a 24 años,2020,4.44950281538277,Porcentaje
23,Quintana Roo,010,Bacalar,6200240521,Población de 5 años y más hablante de Zoque,2020,42,Personas
23,Quintana Roo,010,Bacalar,6200240522,Tasa de monolingüismo de la población de 5 años y más hablante de Purépecha (Tarasco),2020,0,Porcentaje
23,Quintana Roo,010,Bacalar,6200240532,Porcentaje de hombres de 45 a 49 años,2020,2.67161854558524,Porcentaje
23,Quintana Roo,010,Bacalar,6200240533,Porcentaje de hombres de 50 a 54 años,2020,2.32658440158141,Porcentaje
23,Quintana Roo,010,Bacalar,6200240534,Tasa de monolingüismo de la población de 5 años y más hablante de Resto de lenguas,2020,2.9010989010989,Porcentaje
23,Quintana Roo,010,Bacalar,6200240535,Población de 5 años y más hablante de Mazateco,2020,3,Personas
23,Quintana Roo,010,Bacalar,6200240536,Tasa de monolingüismo de la población de 5 años y más hablante de Tlapaneco,2020,0,Porcentaje
23,Quintana Roo,010,Bacalar,6200240537,Tasa de monolingüismo de la población de 5 años y más hablante de Tzeltal (Tseltal),2020,1.58730158730158,Porcentaje
23,Quintana Roo,010,Bacalar,6200240538,Población de 5 años y más hablante del Resto de lenguas,2020,2275,Personas
23,Quintana Roo,010,Bacalar,6200240539,Tasa de monolingüismo de la población de 5 años y más hablante de Lenguas chinantecas,2020,0,Porcentaje
23,Quintana Roo,010,Bacalar,6200240540,Porcentaje de la población con discapacidad por enfermedad,2020,32.7823691460055,Porcentaje
23,Quintana Roo,010,Bacalar,6200240548,Porcentaje de mujeres de 25 a 29 años,2020,4.1907272073799,Porcentaje
23,Quintana Roo,010,Bacalar,6200240549,Porcentaje de mujeres de 30 a 34 años,2020,3.69713669581886,Porcentaje
23,Quintana Roo,010,Bacalar,6205370864,Porcentaje de población que se considera afrodescendiente,2020,1.45614791397231,Porcentaje
23,Quintana Roo,010,Bacalar,6207019007,Porcentaje de la población de 12 años y más viuda,2020,4.0306315391403,Porcentaje
23,Quintana Roo,010,Bacalar,6207019009,Porcentaje de la población de 12 años y más casada,2020,36.0802974914912,Porcentaje
23,Quintana Roo,010,Bacalar,6207019010,Porcentaje de población de 25 años y más alfabeta,2020,85.4802887284842,Porcentaje
23,Quintana Roo,010,Bacalar,6207019011,Porcentaje de la población de 12 años y más soltera,2020,32.0465145594353,Porcentaje
23,Quintana Roo,010,Bacalar,6207019012,Porcentaje de la población de 12 años y más separada,2020,4.00542039581495,Porcentaje
23,Quintana Roo,010,Bacalar,6207019016,Porcentaje de la población de 12 años y más divorciada,2020,0.942266481784949,Porcentaje
23,Quintana Roo,010,Bacalar,6207019017,Porcentaje de población afiliada a otra institución,2020,0.0748884162597729,Porcentaje
23,Quintana Roo,010,Bacalar,6207019018,Porcentaje de población afiliada a servicios de salud,2020,79.9516214015424,Porcentaje
23,Quintana Roo,010,Bacalar,6207019019,Porcentaje de la población de 12 años y más en unión libre,2020,22.8854153535863,Porcentaje
23,Quintana Roo,010,Bacalar,6207019020,Porcentaje de población de 15 años y más sin escolaridad,2020,11.0384048785501,Porcentaje
23,Quintana Roo,010,Bacalar,6207019022,Porcentaje de viviendas particulares habitadas propias,2020,78.2670328696731,Porcentaje
23,Quintana Roo,010,Bacalar,6207019023,Porcentaje de hijos fallecidos de las mujeres de 15 a 49 años,2020,3.45727653287368,Porcentaje
23,Quintana Roo,010,Bacalar,6207019024,Porcentaje de la población de 3 a 5 años que asiste a la escuela,2020,55.001977066034,Porcentaje
23,Quintana Roo,010,Bacalar,6207019026,Porcentaje de la población de 6 a 11 años que asiste a la escuela,2020,95.4755680675649,Porcentaje
23,Quintana Roo,010,Bacalar,6207019028,Porcentaje de la población de 12 a 14 años que asiste a la escuela,2020,90.8769170271333,Porcentaje
23,Quintana Roo,010,Bacalar,6207019029,Porcentaje de la población de 15 a 24 años que asiste a la escuela,2020,36.4260261317144,Porcentaje
23,Quintana Roo,010,Bacalar,6207019030,Porcentaje de población de 12 años y más económicamente activa,2020,61.5120383209379,Porcentaje
23,Quintana Roo,010,Bacalar,6207019031,Porcentaje de población de 15 años y más con escolaridad básica,2020,59.4470519716331,Porcentaje
23,Quintana Roo,010,Bacalar,6207019034,Porcentaje de población de 3 años y más hablante de lengua indígena,2020,22.0803384819289,Porcentaje
23,Quintana Roo,010,Bacalar,6207019035,Porcentaje de la población de 12 años y más No Económicamente Activa,2020,38.279969746628,Porcentaje
23,Quintana Roo,010,Bacalar,6207019036,Promedio de hijos nacidos vivos de las mujeres de 15 a 49 años EI2015,2020,1.88760806916427,Promedio
23,Quintana Roo,010,Bacalar,6207019039,Porcentaje de la población de 12 años y más económicamente activa ocupada,2020,99.6260054306061,Porcentaje
23,Quintana Roo,010,Bacalar,6207019040,Porcentaje de la población femenina de 12 años y más económicamente activa,2020,33.7773451508786,Porcentaje
23,Quintana Roo,010,Bacalar,6207019042,Porcentaje de viviendas particulares habitadas que disponen de Internet,2020,18.611959059077,Porcentaje
23,Quintana Roo,010,Bacalar,6207019043,Porcentaje de la población masculina de 12 años y más económicamente activa,2020,66.2226548491214,Porcentaje
23,Quintana Roo,010,Bacalar,6207019046,Porcentaje de viviendas particulares habitadas que disponen de computadora,2020,14.2395403124439,Porcentaje
23,Quintana Roo,010,Bacalar,6207019047,Porcentaje de la población de 12 años y más no económicamente activa que estudia,2020,30.7894953486458,Porcentaje
23,Quintana Roo,010,Bacalar,6207019050,Porcentaje de viviendas particulares habitadas que disponen de teléfono fijo,2020,8.69994613036452,Porcentaje
23,Quintana Roo,010,Bacalar,6207019051,Porcentaje de la población de 12 años y más sin especificar su situación conyugal,2020,0.00945417874700618,Porcentaje
23,Quintana Roo,010,Bacalar,6207019054,Porcentaje de la población femenina de 12 años y más económicamente activa ocupada,2020,99.635977551949,Porcentaje
23,Quintana Roo,010,Bacalar,6207019055,Porcentaje de viviendas particulares habitadas que disponen de teléfono celular,2020,66.2057820075417,Porcentaje
23,Quintana Roo,010,Bacalar,6207019056,Porcentaje de la población masculina de 12 años y más económicamente activa ocupada,2020,99.6209190778276,Porcentaje
23,Quintana Roo,010,Bacalar,6207019057,Porcentaje de viviendas particulares habitadas que disponen de televisión de paga,2020,49.0931944693841,Porcentaje
23,Quintana Roo,010,Bacalar,6207019058,Porcentaje de población de 3 años y más hablante de lengua indígena que no habla español,2020,2.87429297010274,Porcentaje
23,Quintana Roo,010,Bacalar,6207019059,Porcentaje de población de 12 años con condición de actividad económica no especificada,2020,0.207991932434136,Porcentaje
23,Quintana Roo,010,Bacalar,6207019060,Porcentaje de la población de 12 años y más no económicamente activa que es pensionada o jubilada,2020,2.80727751708241,Porcentaje
23,Quintana Roo,010,Bacalar,6207019063,Porcentaje de superficie en el ámbito geográfico de referencia respecto a la unidad geográfica superior,2020,13.5520947195512,Porcentaje
23,Quintana Roo,010,Bacalar,6207019064,Porcentaje de la población de 12 años y más no económicamente activa que se dedica a los quehaceres del hogar,2020,53.8157569770314,Porcentaje
23,Quintana Roo,010,Bacalar,6207019065,Porcentaje de la población de 12 años y más no económicamente activa que realiza otras actividades no económicas,2020,7.94434839878159,Porcentaje
23,Quintana Roo,010,Bacalar,6207019070,Porcentaje de la población de 12 años y más no económicamente activa con alguna limitación física o mental que les impide trabajar,2020,4.64312175845888,Porcentaje
23,Quintana Roo,010,Bacalar,6207020032,Porcentaje de hombres,2020,50.4167265411697,Porcentaje
23,Quintana Roo,010,Bacalar,6207020033,Porcentaje de mujeres,2020,49.5832734588303,Porcentaje
23,Quintana Roo,010,Bacalar,6207020035,Promedio de ocupantes por cuarto (Índice de hacinamiento),2020,1.5394751452789,Promedio
23,Quintana Roo,010,Bacalar,6207049066,Población de 6 a 14 años que sabe leer y escribir,2020,6413,Porcentaje
23,Quintana Roo,010,Bacalar,6207049067,Población de 6 a 14 años que no sabe leer y escribir,2020,1080,Porcentaje
23,Quintana Roo,010,Bacalar,6207049068,Porcentaje de la población de 3 años y más que asiste a la escuela,2020,29.2756282815925,Porcentaje
23,Quintana Roo,010,Bacalar,6207049069,Porcentaje de la población de 3 años y más que no asiste a la escuela,2020,70.714176479584,Porcentaje
23,Quintana Roo,010,Bacalar,6207049070,Población de 6 a 14 años que no especificó si sabe o no leer y escribir,2020,23,Porcentaje
23,Quintana Roo,010,Bacalar,6207049071,Porcentaje de la población de 3 años y más que no especificó si asiste o no a la escuela,2020,0.0101952388234694,Porcentaje
23,Quintana Roo,010,Bacalar,6207051593,Porcentaje de población de 6 a 14 años que no asiste a la escuela,2020,6.080362,Porcentaje
23,Quintana Roo,010,Bacalar,6207068394,Porcentaje de viviendas con agua entubada dentro de la vivienda,2020,49.7755431854911,Porcentaje
23,Quintana Roo,010,Bacalar,6207129629,Porcentaje de la población nacional/estatal que representa,2020,2.24727325570443,Porcentaje
23,Quintana Roo,010,Bacalar,6207129630,Promedio de ocupantes por dormitorio,2020,2.45206933144676,Promedio
23,Quintana Roo,010,Bacalar,6207129631,Porcentaje de viviendas particulares habitadas que disponen de tinaco,2020,85.1589154246723,Porcentaje
23,Quintana Roo,010,Bacalar,6207129632,Porcentaje de viviendas particulares habitadas que disponen de cisterna o aljibe,2020,9.20272939486443,Porcentaje
23,Quintana Roo,010,Bacalar,6207129635,Porcentaje de viviendas particulares habitadas que disponen de Automóvil o camioneta,2020,28.6766026216556,Porcentaje
23,Quintana Roo,010,Bacalar,6207129636,Porcentaje de viviendas particulares habitadas que disponen de motocicleta o motoneta,2020,32.5641946489495,Porcentaje
23,Quintana Roo,010,Bacalar,6207129637,Porcentaje de viviendas particulares habitadas que disponen de bicicleta como medio de transporte,2020,48.258215119411,Porcentaje
23,Quintana Roo,010,Bacalar,6207129638,Porcentaje de la población con algún tipo de  discapacidad,2020,4.96000383196819,Porcentaje
23,Quintana Roo,010,Bacalar,6207129639,Porcentaje de la población entre 0 y 17 años con algún tipo de  discapacidad,2020,2.37279021308059,Porcentaje
23,Quintana Roo,010,Bacalar,6207129640,Porcentaje de la población entre 18 y 29 años con algún tipo de  discapacidad,2020,1.74175568973525,Porcentaje
23,Quintana Roo,010,Bacalar,6207129641,Porcentaje de la población entre 30 y 59 años con algún tipo de  discapacidad,2020,4.35591159430656,Porcentaje
23,Quintana Roo,010,Bacalar,6207129642,Porcentaje de la población de 60 años y más con algún tipo de  discapacidad,2020,22.4853458382181,Porcentaje
23,Quintana Roo,010,Bacalar,6207129643,Porcentaje de la población de 5 y más años migrante según causa: Trabajo,2020,30.806954971021,Porcentaje
23,Quintana Roo,010,Bacalar,6207129644,Porcentaje de la población de 5 y más años migrante según causa: Familiar,2020,48.372715113687,Porcentaje
23,Quintana Roo,010,Bacalar,6207129645,Porcentaje de la población de 5 y más años migrante según causa: Educativa,2020,4.50289790459206,Porcentaje
23,Quintana Roo,010,Bacalar,6207129646,Porcentaje de la población de 5 y más años migrante según causa: Inseguridad delictiva o violencia,2020,8.47079803834151,Porcentaje
23,Quintana Roo,010,Bacalar,6207129647,Porcentaje de la población de 5 y más años migrante según causa: Otra causa,2020,6.10789121711993,Porcentaje
23,Quintana Roo,010,Bacalar,6207129648,Promedio de hijos nacidos vivos por grupo de edad: 15-19,2020,0.145053818554587,Promedio
23,Quintana Roo,010,Bacalar,6207129649,Promedio de hijos nacidos vivos por grupo de edad: 20-24,2020,0.856747787610619,Promedio
23,Quintana Roo,010,Bacalar,6207129650,Promedio de hijos nacidos vivos por grupo de edad: 25-29,2020,1.56946826758148,Promedio
23,Quintana Roo,010,Bacalar,6207129651,Promedio de hijos nacidos vivos por grupo de edad: 30-34,2020,2.25858716785483,Promedio
23,Quintana Roo,010,Bacalar,6207129652,Promedio de hijos nacidos vivos por grupo de edad: 35-39,2020,2.82848620432513,Promedio
23,Quintana Roo,010,Bacalar,6207129653,Promedio de hijos nacidos vivos por grupo de edad: 40-44,2020,3.35980937251787,Promedio
23,Quintana Roo,010,Bacalar,6207129654,Promedio de hijos nacidos vivos por grupo de edad: 45-49,2020,3.81555153707052,Promedio
23,Quintana Roo,010,Bacalar,6207129812,Porcentaje de viviendas particulares habitadas que disponen de refrigerador,2020,69.1326988687376,Porcentaje
23,Quintana Roo,010,Bacalar,6207129813,Porcentaje de viviendas particulares habitadas que disponen de lavadora,2020,67.7051535284611,Porcentaje
23,Quintana Roo,010,Bacalar,6207129818,Porcentaje de la población derechohabiente en Instituto de Salud para el Bienestar (IMSS-PROSPERA o IMSS-BIENESTAR),2020,0.19470988227541,Porcentaje
23,Quintana Roo,010,Bacalar,6207129822,Ubicación geográfica con la mayor cantidad de pobladores. Primer lugar,2020,230100001,No aplica
23,Quintana Roo,010,Bacalar,6207129825,Población de la ubicación geográfica con la mayor cantidad de pobladores. Primer lugar,2020,12527,Personas
23,Quintana Roo,010,Bacalar,6207129828,Lengua indígena más frecuente. Descripción. Primer lugar,2020,602,No aplica
23,Quintana Roo,010,Bacalar,6207129830,Lengua indígena más frecuente. Porcentaje. Primer lugar,2020,68.8873467499422,Porcentaje
23,Quintana Roo,010,Bacalar,6207129840,Total de áreas geográficas,2020,201,Municipios
23,Quintana Roo,011,Puerto Morelos,1001000001,Superficie continental,2020,1040.49235708,Kilómetros cuadrados
23,Quintana Roo,011,Puerto Morelos,1002000001,Población total,2020,26921,Personas
23,Quintana Roo,011,Puerto Morelos,1002000002,Población total hombres,2020,13831,Personas
23,Quintana Roo,011,Puerto Morelos,1002000003,Población total mujeres,2020,13090,Personas
23,Quintana Roo,011,Puerto Morelos,1002000004,Porcentaje de población de 15 a 29 años,2020,25.825546331112,Porcentaje
23,Quintana Roo,011,Puerto Morelos,1002000005,Porcentaje de hombres de 15 a 29 años,2020,25.4093609621794,Porcentaje
23,Quintana Roo,011,Puerto Morelos,1002000006,Porcentaje de mujeres de 15 a 29 años,2020,26.2654108277816,Porcentaje
23,Quintana Roo,011,Puerto Morelos,1002000007,Porcentaje de población de 60 y más años,2020,8.40996239901716,Porcentaje
23,Quintana Roo,011,Puerto Morelos,1002000008,Porcentaje de hombres de 60 y más años,2020,8.47703231415737,Porcentaje
23,Quintana Roo,011,Puerto Morelos,1002000009,Porcentaje de mujeres de 60 y más años,2020,8.33907649896623,Porcentaje
23,Quintana Roo,011,Puerto Morelos,1002000010,Edad mediana,2020,29,Años
23,Quintana Roo,011,Puerto Morelos,1002000011,Edad mediana hombres,2020,30,Años
23,Quintana Roo,011,Puerto Morelos,1002000012,Edad mediana mujeres,2020,29,Años
23,Quintana Roo,011,Puerto Morelos,1002000013,Promedio de hijos nacidos vivos de las mujeres de 12 años y más,2020,1.72070256262597,Promedio
23,Quintana Roo,011,Puerto Morelos,1002000014,Población en hogares censales,2020,26872,Personas
23,Quintana Roo,011,Puerto Morelos,1002000015,Población en hogares familiares,2020,24491,Personas
23,Quintana Roo,011,Puerto Morelos,1002000016,Población en hogares no familiares,2020,2322,Personas
23,Quintana Roo,011,Puerto Morelos,1002000018,Hogares censales,2020,8731,Hogares
23,Quintana Roo,011,Puerto Morelos,1002000019,Hogares con jefatura masculina,2020,5867,Hogares
23,Quintana Roo,011,Puerto Morelos,1002000020,Hogares con jefatura femenina,2020,2864,Hogares
23,Quintana Roo,011,Puerto Morelos,1002000021,Tamaño promedio de los hogares censales,2020,3.0777688695453,Personas
23,Quintana Roo,011,Puerto Morelos,1002000022,Tamaño promedio de los hogares con jefe hombre,2020,3.14368501789671,Personas
23,Quintana Roo,011,Puerto Morelos,1002000023,Tamaño promedio de los hogares con jefe mujer,2020,2.9427374301676,Personas
23,Quintana Roo,011,Puerto Morelos,1002000024,Relación hombres-mujeres,2020,105.660809778457,Hombres por cada 100 mujeres
23,Quintana Roo,011,Puerto Morelos,1002000041,Porcentaje de personas de 15 años y más alfabetas,2020,95.9015584927994,Porcentaje
23,Quintana Roo,011,Puerto Morelos,1002000050,Tasa de alfabetización de las personas de 15 a 24 años,2020,97.6973684210526,Tasa
23,Quintana Roo,011,Puerto Morelos,1002000055,Población de edad no especificada,2020,60,Personas
23,Quintana Roo,011,Puerto Morelos,1002000056,Población de edad no especificada. Hombres,2020,29,Personas
23,Quintana Roo,011,Puerto Morelos,1002000057,Población de edad no especificada. Mujeres,2020,31,Personas
23,Quintana Roo,011,Puerto Morelos,1002000058,Población de 0 a 4 años,2020,2210,Personas
23,Quintana Roo,011,Puerto Morelos,1002000059,Población de 0 a 4 años. Hombres,2020,1138,Personas
23,Quintana Roo,011,Puerto Morelos,1002000060,Población de 0 a 4 años. Mujeres,2020,1072,Personas
23,Quintana Roo,011,Puerto Morelos,1002000061,Población de 10 a 14 años,2020,2137,Personas
23,Quintana Roo,011,Puerto Morelos,1002000062,Población de 10 a 14 años. Hombres,2020,1089,Personas
23,Quintana Roo,011,Puerto Morelos,1002000063,Población de 10 a 14 años. Mujeres,2020,1048,Personas
23,Quintana Roo,011,Puerto Morelos,1002000064,Población de 100 años y más,2020,1,Personas
23,Quintana Roo,011,Puerto Morelos,1002000065,Población de 100 años y más. Hombres,2020,1,Personas
23,Quintana Roo,011,Puerto Morelos,1002000066,Población de 100 años y más. Mujeres,2020,0,Personas
23,Quintana Roo,011,Puerto Morelos,1002000067,Población de 15 a 19 años,2020,1984,Personas
23,Quintana Roo,011,Puerto Morelos,1002000068,Población de 15 a 19 años. Hombres,2020,976,Personas
23,Quintana Roo,011,Puerto Morelos,1002000069,Población de 15 a 19 años. Mujeres,2020,1008,Personas
23,Quintana Roo,011,Puerto Morelos,1002000070,Población de 20 a 24 años,2020,2272,Personas
23,Quintana Roo,011,Puerto Morelos,1002000071,Población de 20 a 24 años. Hombres,2020,1195,Personas
23,Quintana Roo,011,Puerto Morelos,1002000072,Población de 20 a 24 años. Mujeres,2020,1077,Personas
23,Quintana Roo,011,Puerto Morelos,1002000073,Población de 25 a 29 años,2020,2681,Personas
23,Quintana Roo,011,Puerto Morelos,1002000074,Población de 25 a 29 años. Hombres,2020,1336,Personas
23,Quintana Roo,011,Puerto Morelos,1002000075,Población de 25 a 29 años. Mujeres,2020,1345,Personas
23,Quintana Roo,011,Puerto Morelos,1002000076,Población de 30 a 34 años,2020,2715,Personas
23,Quintana Roo,011,Puerto Morelos,1002000077,Población de 30 a 34 años. Hombres,2020,1338,Personas
23,Quintana Roo,011,Puerto Morelos,1002000078,Población de 30 a 34 años. Mujeres,2020,1377,Personas
23,Quintana Roo,011,Puerto Morelos,1002000079,Población de 35 a 39 años,2020,2427,Personas
23,Quintana Roo,011,Puerto Morelos,1002000080,Población de 35 a 39 años. Hombres,2020,1253,Personas
23,Quintana Roo,011,Puerto Morelos,1002000081,Población de 35 a 39 años. Mujeres,2020,1174,Personas
23,Quintana Roo,011,Puerto Morelos,1002000082,Población de 40 a 44 años,2020,2016,Personas
23,Quintana Roo,011,Puerto Morelos,1002000083,Población de 40 a 44 años. Hombres,2020,1059,Personas
23,Quintana Roo,011,Puerto Morelos,1002000084,Población de 40 a 44 años. Mujeres,2020,957,Personas
23,Quintana Roo,011,Puerto Morelos,1002000085,Población de 45 a 49 años,2020,1572,Personas
23,Quintana Roo,011,Puerto Morelos,1002000086,Población de 45 a 49 años. Hombres,2020,854,Personas
23,Quintana Roo,011,Puerto Morelos,1002000087,Población de 45 a 49 años. Mujeres,2020,718,Personas
23,Quintana Roo,011,Puerto Morelos,1002000088,Población de 5 a 9 años,2020,2238,Personas
23,Quintana Roo,011,Puerto Morelos,1002000089,Población de 5 a 9 años. Hombres,2020,1151,Personas
23,Quintana Roo,011,Puerto Morelos,1002000090,Población de 5 a 9 años. Mujeres,2020,1087,Personas
23,Quintana Roo,011,Puerto Morelos,1002000091,Población de 50 a 54 años,2020,1349,Personas
23,Quintana Roo,011,Puerto Morelos,1002000092,Población de 50 a 54 años. Hombres,2020,746,Personas
23,Quintana Roo,011,Puerto Morelos,1002000093,Población de 50 a 54 años. Mujeres,2020,603,Personas
23,Quintana Roo,011,Puerto Morelos,1002000094,Población de 55 a 59 años,2020,1001,Personas
23,Quintana Roo,011,Puerto Morelos,1002000095,Población de 55 a 59 años. Hombres,2020,497,Número de personas
23,Quintana Roo,011,Puerto Morelos,1002000096,Población de 55 a 59 años. Mujeres,2020,504,Número de personas
23,Quintana Roo,011,Puerto Morelos,1002000097,Población de 60 a 64 años,2020,785,Personas
23,Quintana Roo,011,Puerto Morelos,1002000098,Población de 60 a 64 años. Hombres,2020,396,Número de personas
23,Quintana Roo,011,Puerto Morelos,1002000099,Población de 60 a 64 años. Mujeres,2020,389,Número de personas
23,Quintana Roo,011,Puerto Morelos,1002000100,Población de 65 a 69 años,2020,623,Personas
23,Quintana Roo,011,Puerto Morelos,1002000101,Población de 65 a 69 años. Hombres,2020,318,Número de personas
23,Quintana Roo,011,Puerto Morelos,1002000102,Población de 65 a 69 años. Mujeres,2020,305,Número de personas
23,Quintana Roo,011,Puerto Morelos,1002000103,Población de 70 a 74 años,2020,430,Personas
23,Quintana Roo,011,Puerto Morelos,1002000104,Población de 70 a 74 años. Hombres,2020,220,Número de personas
23,Quintana Roo,011,Puerto Morelos,1002000105,Población de 70 a 74 años. Mujeres,2020,210,Número de personas
23,Quintana Roo,011,Puerto Morelos,1002000106,Población de 75 a 79 años,2020,225,Personas
23,Quintana Roo,011,Puerto Morelos,1002000107,Población de 75 a 79 años. Hombres,2020,137,Número de personas
23,Quintana Roo,011,Puerto Morelos,1002000108,Población de 75 a 79 años. Mujeres,2020,88,Número de personas
23,Quintana Roo,011,Puerto Morelos,1002000109,Población de 80 a 84 años,2020,121,Personas
23,Quintana Roo,011,Puerto Morelos,1002000110,Población de 80 a 84 años. Hombres,2020,59,Número de personas
23,Quintana Roo,011,Puerto Morelos,1002000111,Población de 80 a 84 años. Mujeres,2020,62,Número de personas
23,Quintana Roo,011,Puerto Morelos,1002000112,Población de 85 a 89 años,2020,44,Personas
23,Quintana Roo,011,Puerto Morelos,1002000113,Población de 85 a 89 años. Hombres,2020,26,Número de personas
23,Quintana Roo,011,Puerto Morelos,1002000114,Población de 85 a 89 años. Mujeres,2020,18,Número de personas
23,Quintana Roo,011,Puerto Morelos,1002000115,Población de 90 a 94 años,2020,18,Personas
23,Quintana Roo,011,Puerto Morelos,1002000116,Población de 90 a 94 años. Hombres,2020,6,Número de personas
23,Quintana Roo,011,Puerto Morelos,1002000117,Población de 90 a 94 años. Mujeres,2020,12,Número de personas
23,Quintana Roo,011,Puerto Morelos,1002000118,Población de 95 a 99 años,2020,12,Personas
23,Quintana Roo,011,Puerto Morelos,1002000119,Población de 95 a 99 años. Hombres,2020,7,Número de personas
23,Quintana Roo,011,Puerto Morelos,1002000120,Población de 95 a 99 años. Mujeres,2020,5,Número de personas
23,Quintana Roo,011,Puerto Morelos,1002000127,Relación de dependencia,2020,42.8624614402723,Personas dependientes por cada 100 personas en edad de trabajar
23,Quintana Roo,011,Puerto Morelos,1003000001,Total de viviendas particulares habitadas,2020,8731,Viviendas
23,Quintana Roo,011,Puerto Morelos,1003000011,Viviendas particulares habitadas,2020,7837,Número de Viviendas
23,Quintana Roo,011,Puerto Morelos,1003000015,Promedio de ocupantes en viviendas particulares habitadas,2020,3.07865426570215,Promedio
23,Quintana Roo,011,Puerto Morelos,1003000017,Viviendas particulares habitadas que disponen de energía eléctrica,2020,8560,Viviendas
23,Quintana Roo,011,Puerto Morelos,1003000018,Viviendas particulares habitadas que disponen de agua de la red pública en el ámbito de la vivienda,2020,8530,Viviendas
23,Quintana Roo,011,Puerto Morelos,1003000019,Viviendas particulares habitadas que disponen de drenaje,2020,8527,Viviendas
23,Quintana Roo,011,Puerto Morelos,1003000020,Viviendas particulares habitadas que disponen de excusado o sanitario,2020,8598,Viviendas
23,Quintana Roo,011,Puerto Morelos,1003000023,Viviendas particulares habitadas que disponen de lavadora,2020,6245,Viviendas
23,Quintana Roo,011,Puerto Morelos,1003000024,Viviendas particulares habitadas que disponen de computadora,2020,3418,Viviendas
23,Quintana Roo,011,Puerto Morelos,1004000001,Población derechohabiente a servicios de salud,2020,17545,Personas
23,Quintana Roo,011,Puerto Morelos,1005000012,Población de 5 años y más que asiste a la escuela,2020,5726,Personas
23,Quintana Roo,011,Puerto Morelos,1005000038,Grado promedio de escolaridad de la población de 15 y más años,2020,10.3589628744899,Años de escolaridad
23,Quintana Roo,011,Puerto Morelos,1005000039,Población de 5 años y más hablante de lengua indígena,2020,2462,Personas
23,Quintana Roo,011,Puerto Morelos,3104003001,Porcentaje de población inmigrante (migración reciente),2020,16.8754666887912,Porcentaje
23,Quintana Roo,011,Puerto Morelos,3105001001,Densidad de población,2020,25.8733279651858,Habitantes por kilómetro cuadrado
23,Quintana Roo,011,Puerto Morelos,3105004001,Porcentaje de población en localidades de menos de 2 500 habitantes,2020,2.55562571969838,Porcentaje
23,Quintana Roo,011,Puerto Morelos,3108001001,Porcentaje de analfabetas total,2020,3.5066087985796,Porcentaje
23,Quintana Roo,011,Puerto Morelos,3108001002,Porcentaje de analfabetas hombres,2020,3.06024558710668,Porcentaje
23,Quintana Roo,011,Puerto Morelos,3108001003,Porcentaje de analfabetas mujeres,2020,3.97888753552578,Porcentaje
23,Quintana Roo,011,Puerto Morelos,3114004001,Porcentaje de viviendas con piso de tierra,2020,3.20358250086118,Porcentaje
23,Quintana Roo,011,Puerto Morelos,3114006001,Porcentaje de viviendas con electricidad,2020,98.2891261912964,Porcentaje
23,Quintana Roo,011,Puerto Morelos,6200031290,Porcentaje de viviendas particulares habitadas con disponibilidad de drenaje,2020,97.9102078309794,Porcentaje
23,Quintana Roo,011,Puerto Morelos,6200031291,Porcentaje de viviendas particulares habitadas con disponibilidad de excusado,2020,98.7254564243886,Porcentaje
23,Quintana Roo,011,Puerto Morelos,6200108938,Porcentaje de viviendas con techos de materiales resistentes,2020,90.5252659574468,Porcentaje
23,Quintana Roo,011,Puerto Morelos,6200205238,Población de 8 a 14 años que sabe leer y escribir,2020,2899,Personas
23,Quintana Roo,011,Puerto Morelos,6200205244,Viviendas que son cuarto de azotea,2020,0,Viviendas
23,Quintana Roo,011,Puerto Morelos,6200205245,Viviendas móviles,2020,0,Viviendas
23,Quintana Roo,011,Puerto Morelos,6200205246,Viviendas que son departamento en edificio o vivienda en vecindad,2020,825,Viviendas
23,Quintana Roo,011,Puerto Morelos,6200205247,Viviendas que son refugio,2020,2,Viviendas
23,Quintana Roo,011,Puerto Morelos,6200205248,Viviendas colectivas,2020,4,Viviendas
23,Quintana Roo,011,Puerto Morelos,6200205249,Viviendas que son casa independiente o local no construido para habitación,2020,6919,Viviendas
23,Quintana Roo,011,Puerto Morelos,6200205251,Promedio de hijos nacidos vivos de las mujeres de 12 años y más casada sólo religiosamente,2020,2.26744186046512,Promedio
23,Quintana Roo,011,Puerto Morelos,6200205252,Población de 5 años y más inmigrante,2020,4455,Personas
23,Quintana Roo,011,Puerto Morelos,6200205253,Población total sin limitación en la actividad,2020,23573,Personas
23,Quintana Roo,011,Puerto Morelos,6200205254,Población total que no especificó limitación en la actividad,2020,122,Personas
23,Quintana Roo,011,Puerto Morelos,6200205255,Porcentaje de la población migrante internacional destino otro país,2020,36.283185840708,Porcentaje
23,Quintana Roo,011,Puerto Morelos,6200205256,Población de 5 años y más con religión no especificada,2020,136,Personas
23,Quintana Roo,011,Puerto Morelos,6200205257,Población de 5 años y más católica,2020,11809,Personas
23,Quintana Roo,011,Puerto Morelos,6200205258,Promedio de hijos nacidos vivos de las mujeres de 12 años y más solteras,2020,0.348580968280467,Promedio
23,Quintana Roo,011,Puerto Morelos,6200205259,Población nacida en otro país residente en México,2020,973,Personas
23,Quintana Roo,011,Puerto Morelos,6200205260,Población con limitación en la actividad para escuchar,2020,352,Personas
23,Quintana Roo,011,Puerto Morelos,6200205261,Población con limitación en la actividad para hablar o comunicarse,2020,133,Personas
23,Quintana Roo,011,Puerto Morelos,6200205263,Población con limitación en la actividad para caminar o moverse,2020,543,Personas
23,Quintana Roo,011,Puerto Morelos,6200205264,Porcentaje de la población migrante internacional destino no especificado,2020,35.3982300884956,Porcentaje
23,Quintana Roo,011,Puerto Morelos,6200205265,Promedio de hijos nacidos vivos de las mujeres de 12 años y más que no especificó estado conyugal,2020,2,Promedio
23,Quintana Roo,011,Puerto Morelos,6200205266,Promedio de hijos nacidos vivos de las mujeres de 12 años y más casada civil y religiosamente,2020,2.76523702031603,Promedio
23,Quintana Roo,011,Puerto Morelos,6200205267,Promedio de hijos nacidos vivos de las mujeres de 12 años y más separadas,2020,2.53420669577875,Promedio
23,Quintana Roo,011,Puerto Morelos,6200205268,Población nacida en otro país residente en México hombres,2020,473,Personas
23,Quintana Roo,011,Puerto Morelos,6200205269,Población con limitación en la actividad para atender el cuidado personal,2020,99,Personas
23,Quintana Roo,011,Puerto Morelos,6200205270,Población con limitación en la actividad para poner atención o aprender,2020,328,Personas
23,Quintana Roo,011,Puerto Morelos,6200205271,Población con limitación en la actividad,2020,2193,Personas
23,Quintana Roo,011,Puerto Morelos,6200205272,Porcentaje de población nacida en otro país residente en México,2020,3.61427881579436,Porcentaje
23,Quintana Roo,011,Puerto Morelos,6200205273,Población de 5 años y más con religión distinta de católica,2020,5898,Personas
23,Quintana Roo,011,Puerto Morelos,6200205274,Porcentaje de población masculina nacida en otro país residente en México,2020,3.41985395126889,Porcentaje
23,Quintana Roo,011,Puerto Morelos,6200205275,Promedio de hijos nacidos vivos de las mujeres de 12 años y más divorciadas,2020,2.03571428571429,Promedio
23,Quintana Roo,011,Puerto Morelos,6200205276,Promedio de hijos nacidos vivos de las mujeres de 12 años y más en unión libre,2020,1.75559265442404,Promedio
23,Quintana Roo,011,Puerto Morelos,6200205277,Población de 5 años y más emigrante,2020,970,Personas
23,Quintana Roo,011,Puerto Morelos,6200205279,Promedio de hijos nacidos vivos de las mujeres de 12 años y más casada sólo por lo civil,2020,2.22546583850932,Promedio
23,Quintana Roo,011,Puerto Morelos,6200205280,Población con limitación en la actividad para ver,2020,1547,Personas
23,Quintana Roo,011,Puerto Morelos,6200205282,Porcentaje de población femenina nacida en otro país residente en México,2020,3.81970970206264,Porcentaje
23,Quintana Roo,011,Puerto Morelos,6200205283,Promedio de hijos nacidos vivos de las mujeres de 12 años y más viudas,2020,4.23041474654378,Promedio
23,Quintana Roo,011,Puerto Morelos,6200205284,Población nacida en otro país residente en México mujeres,2020,500,Personas
23,Quintana Roo,011,Puerto Morelos,6200205285,Porcentaje de la población migrante internacional destino Estados Unidos de América,2020,28.3185840707965,Porcentaje
23,Quintana Roo,011,Puerto Morelos,6200205286,Población con limitación en la actividad mental,2020,242,Personas
23,Quintana Roo,011,Puerto Morelos,6200205288,Índice de masculinidad de la población nacida en otro país residente en México,2020,94.6,Índice
23,Quintana Roo,011,Puerto Morelos,6200205289,Población de 5 años y más sin religión,2020,6808,Personas
23,Quintana Roo,011,Puerto Morelos,6200240300,Porcentaje de hombres de 0 a 4 años,2020,4.23662559100555,Porcentaje
23,Quintana Roo,011,Puerto Morelos,6200240301,Población católica,2020,12.688,Miles DE personas
23,Quintana Roo,011,Puerto Morelos,6200240302,Porcentaje de la población de 60 a 84 años con limitación en la actividad,2020,27.518315018315,Porcentaje
23,Quintana Roo,011,Puerto Morelos,6200240304,Tasa de monolingüismo de la población de 5 años y más hablante de Tojolabal,2020,0,Porcentaje
23,Quintana Roo,011,Puerto Morelos,6200240305,Porcentaje de la población que profesa la religión católica,2020,47.1304929237398,Porcentaje
23,Quintana Roo,011,Puerto Morelos,6200240310,Porcentaje de mujeres de 75 a 79 años,2020,0.327612523733294,Porcentaje
23,Quintana Roo,011,Puerto Morelos,6200240311,Porcentaje de hombres de 10 a 14 años,2020,4.05420498119951,Porcentaje
23,Quintana Roo,011,Puerto Morelos,6200240312,Porcentaje de mujeres de 5 a 9 años,2020,4.04675924202375,Porcentaje
23,Quintana Roo,011,Puerto Morelos,6200240314,Porcentaje de la población de 15 años y más con instrucción media superior,2020,26.8297494574867,Porcentaje
23,Quintana Roo,011,Puerto Morelos,6200240315,Porcentaje de la población con limitación mental,2020,0.947533281127643,Porcentaje
23,Quintana Roo,011,Puerto Morelos,6200240316,Tasa de monolingüismo de la población de 5 años y más hablante de Maya,2020,2.00300450676014,Porcentaje
23,Quintana Roo,011,Puerto Morelos,6200240318,Población de 5 años y más hablante de Tzeltal  (Tseltal),2020,181,Personas
23,Quintana Roo,011,Puerto Morelos,6200240319,Tasa de monolingüismo de la población de 5 años y más hablante de Mazateco,2020,0,Porcentaje
23,Quintana Roo,011,Puerto Morelos,6200240320,Población de 5 años y más hablante de Lenguas chinantecas,2020,0,Personas
23,Quintana Roo,011,Puerto Morelos,6200240323,Porcentaje de la población derechohabiente en el Seguro popular,2020,29.7520661157025,Porcentaje
23,Quintana Roo,011,Puerto Morelos,6200240325,Tasa de monolingüismo de la población de 5 años y más hablante de Náhuatl,2020,3.44827586206896,Porcentaje
23,Quintana Roo,011,Puerto Morelos,6200240326,Población de 5 años y más hablante de Lenguas zapotecas,2020,50,Personas
23,Quintana Roo,011,Puerto Morelos,6200240328,Porcentaje de mujeres de 55 a 59 años,2020,1.87632627229068,Porcentaje
23,Quintana Roo,011,Puerto Morelos,6200240330,Porcentaje de hombres de 75 a 79 años,2020,0.510033133539332,Porcentaje
23,Quintana Roo,011,Puerto Morelos,6200240331,Población de 5 años y más hablante de Maya,2020,1997,Personas
23,Quintana Roo,011,Puerto Morelos,6200240332,Población de 5 años y más hablante de Otomí,2020,0,Personas
23,Quintana Roo,011,Puerto Morelos,6200240334,Población de 5 años y más hablante de Tojolabal,2020,13,Personas
23,Quintana Roo,011,Puerto Morelos,6200240341,Porcentaje de mujeres de 40 a 44 años,2020,3.56278619559957,Porcentaje
23,Quintana Roo,011,Puerto Morelos,6200240342,Porcentaje de mujeres de 70 a 74 años,2020,0.781802613454451,Porcentaje
23,Quintana Roo,011,Puerto Morelos,6200240343,Porcentaje de hombres de 15 a 19 años,2020,3.63352071776926,Porcentaje
23,Quintana Roo,011,Puerto Morelos,6200240344,Porcentaje de mujeres de 85 años y más,2020,0.130300435575742,Porcentaje
23,Quintana Roo,011,Puerto Morelos,6200240345,Población de 5 años y más hablante de Mixe,2020,14,Personas
23,Quintana Roo,011,Puerto Morelos,6200240354,Porcentaje de mujeres de 10 a 14 años,2020,3.9015673280965,Porcentaje
23,Quintana Roo,011,Puerto Morelos,6200240356,Porcentaje de mujeres de 20 a 24 años,2020,4.00953054614497,Porcentaje
23,Quintana Roo,011,Puerto Morelos,6200240357,Porcentaje de hombres de 35 a 39 años,2020,4.66475559361156,Porcentaje
23,Quintana Roo,011,Puerto Morelos,6200240358,Porcentaje de la población de 0 a 14 años con limitación en la actividad,2020,3.02201974183751,Porcentaje
23,Quintana Roo,011,Puerto Morelos,6200240361,Población de 5 años y más hablante de Mazahua,2020,5,Personas
23,Quintana Roo,011,Puerto Morelos,6200240364,Tasa de monolingüismo de la población de 5 años y más hablante de Chatino,2020,0,Porcentaje
23,Quintana Roo,011,Puerto Morelos,6200240365,Porcentaje de la población de 15 años y más con instrucción superior,2020,25.3205760505031,Porcentaje
23,Quintana Roo,011,Puerto Morelos,6200240366,Tasa de monolingüismo de la población de 5 años y más hablante de Lenguas mixtecas,2020,0,Porcentaje
23,Quintana Roo,011,Puerto Morelos,6200240367,Porcentaje de la población con limitación para hablar o comunicarse,2020,5.61435803037276,Porcentaje
23,Quintana Roo,011,Puerto Morelos,6200240368,Porcentaje de la población de 15 años y más con instrucción no especificada,2020,0.621424344052081,Porcentaje
23,Quintana Roo,011,Puerto Morelos,6200240377,Porcentaje de mujeres de 45 a 49 años,2020,2.67302036409665,Porcentaje
23,Quintana Roo,011,Puerto Morelos,6200240378,Porcentaje de mujeres de 0 a 4 años,2020,3.99091619820558,Porcentaje
23,Quintana Roo,011,Puerto Morelos,6200240379,Porcentaje de mujeres de 80 a 84 años,2020,0.230817914448457,Porcentaje
23,Quintana Roo,011,Puerto Morelos,6200240381,Tasa de monolingüismo de la población de 5 años y más hablante de Tzotzil (Tsotsil),2020,0,Porcentaje
23,Quintana Roo,011,Puerto Morelos,6200240384,Porcentaje de mujeres de 15 a 19 años,2020,3.75265254458136,Porcentaje
23,Quintana Roo,011,Puerto Morelos,6200240386,Población de 5 años y más hablante de Lenguas mixtecas,2020,4,Personas
23,Quintana Roo,011,Puerto Morelos,6200240388,Porcentaje de hombres de 65 a 69 años,2020,1.18387252894531,Porcentaje
23,Quintana Roo,011,Puerto Morelos,6200240389,Tasa de crecimiento promedio anual de las viviendas particulares habitadas,2020,NA,Tasa
23,Quintana Roo,011,Puerto Morelos,6200240390,Porcentaje de la población con discapacidad por accidente,2020,17.2413793103448,Porcentaje
23,Quintana Roo,011,Puerto Morelos,6200240395,"Viviendas, de cada cien que cuentan con electricidad, agua y drenaje",2020,95.5563210471926,Porcentaje
23,Quintana Roo,011,Puerto Morelos,6200240396,Porcentaje de la población de 30 a 59 años con limitación en la actividad,2020,9.57581227436823,Porcentaje
23,Quintana Roo,011,Puerto Morelos,6200240397,Tasa de monolingüismo de la población de 5 años y más hablante de Chol (Ch''ol),2020,0,Porcentaje
23,Quintana Roo,011,Puerto Morelos,6200240398,Tasa de monolingüismo de la población de 5 años y más hablante de Totonaca (Totonaco),2020,0,Porcentaje
23,Quintana Roo,011,Puerto Morelos,6200240407,Índice de envejecimiento,2020,34.3052391799544,Porcentaje
23,Quintana Roo,011,Puerto Morelos,6200240410,Porcentaje de hombres de 60 a 64 años,2020,1.47425635679982,Porcentaje
23,Quintana Roo,011,Puerto Morelos,6200240411,Porcentaje de hombres de 85 años y más,2020,0.148914783515133,Porcentaje
23,Quintana Roo,011,Puerto Morelos,6200240413,Tasa de monolingüismo de la población de 5 años y más hablante de Huasteco,2020,0,Porcentaje
23,Quintana Roo,011,Puerto Morelos,6200240414,"Porcentaje de la población derechohabiente en PEMEX, SDN o SM",2020,0.188087774294671,Porcentaje
23,Quintana Roo,011,Puerto Morelos,6200240416,Porcentaje de la población usuaria de servicios de salud en instituciones de servicios médicos privados,2020,4.38301510401824,Porcentaje
23,Quintana Roo,011,Puerto Morelos,6200240421,Porcentaje de la población derechohabiente en el ISSSTE,2020,4.64519806212596,Porcentaje
23,Quintana Roo,011,Puerto Morelos,6200240423,Porcentaje de hombres de 40 a 44 años,2020,3.94251889356316,Porcentaje
23,Quintana Roo,011,Puerto Morelos,6200240424,Tasa de monolingüismo de la población de 5 años y más hablante de Mixe,2020,0,Porcentaje
23,Quintana Roo,011,Puerto Morelos,6200240425,Porcentaje de hombres de 70 a 74 años,2020,0.819031309333234,Porcentaje
23,Quintana Roo,011,Puerto Morelos,6200240426,Porcentaje de mujeres de 60 a 64 años,2020,1.44819626968467,Porcentaje
23,Quintana Roo,011,Puerto Morelos,6200240427,Porcentaje de mujeres de 65 a 69 años,2020,1.13547522430289,Porcentaje
23,Quintana Roo,011,Puerto Morelos,6200240428,Tasa de monolingüismo de la población de 5 años y más hablante de Otomí,2020,0,Porcentaje
23,Quintana Roo,011,Puerto Morelos,6200240430,Porcentaje de la población con limitación para caminar y moverse,2020,24.7606019151847,Porcentaje
23,Quintana Roo,011,Puerto Morelos,6200240431,Población de 5 años y más hablante de Purépecha (Tarasco),2020,0,Personas
23,Quintana Roo,011,Puerto Morelos,6200240432,Tasa de monolingüismo de la población de 5 años y más hablante de Zoque,2020,5.26315789473684,Porcentaje
23,Quintana Roo,011,Puerto Morelos,6200240433,Tasa de monolingüismo de la población de 5 años y más hablante de Lenguas zapotecas,2020,0,Porcentaje
23,Quintana Roo,011,Puerto Morelos,6200240434,Población de 5 años y más hablante de Chatino,2020,0,Personas
23,Quintana Roo,011,Puerto Morelos,6200240435,Porcentaje de la población con limitación para atender el cuidado personal,2020,4.51436388508892,Porcentaje
23,Quintana Roo,011,Puerto Morelos,6200240443,Porcentaje de mujeres de 35 a 39 años,2020,4.37064889616917,Porcentaje
23,Quintana Roo,011,Puerto Morelos,6200240444,Porcentaje de hombres de 55 a 59 años,2020,1.85026618517553,Porcentaje
23,Quintana Roo,011,Puerto Morelos,6200240445,Porcentaje de hombres de 5 a 9 años,2020,4.28502289564797,Porcentaje
23,Quintana Roo,011,Puerto Morelos,6200240447,Porcentaje de la población de 15 años y más sin instrucción,2020,4.77411718287631,Porcentaje
23,Quintana Roo,011,Puerto Morelos,6200240449,Tasa de monolingüismo de la población de 5 años y más hablante de lengua indígena,2020,1.78716490658001,Porcentaje
23,Quintana Roo,011,Puerto Morelos,6200240450,Porcentaje de la población con limitación para ver,2020,70.5426356589147,Porcentaje
23,Quintana Roo,011,Puerto Morelos,6200240451,Población de 5 años y más hablante de Tarahumara,2020,0,Personas
23,Quintana Roo,011,Puerto Morelos,6200240452,Población de 5 años y más hablante de Chol (Ch''ol),2020,65,Personas
23,Quintana Roo,011,Puerto Morelos,6200240453,Población de 5 años y más hablante de Totonaca (Totonaco),2020,0,Personas
23,Quintana Roo,011,Puerto Morelos,6200240454,Tasa de monolingüismo de la población de 5 años y más hablante de Mazahua,2020,0,Porcentaje
23,Quintana Roo,011,Puerto Morelos,6200240458,Porcentaje de la población con discapacidad por edad avanzada,2020,19.644723092999,Porcentaje
23,Quintana Roo,011,Puerto Morelos,6200240459,Porcentaje de la población con discapacidad por nacimiento,2020,13.3751306165099,Porcentaje
23,Quintana Roo,011,Puerto Morelos,6200240466,Población de 5 años y más hablante de Tlapaneco,2020,0,Personas
23,Quintana Roo,011,Puerto Morelos,6200240471,Porcentaje de la población derechohabiente en el IMSS,2020,61.1684240524366,Porcentaje
23,Quintana Roo,011,Puerto Morelos,6200240475,Porcentaje de hombres de 80 a 84 años,2020,0.219649305684822,Porcentaje
23,Quintana Roo,011,Puerto Morelos,6200240477,Porcentaje de la población de 85 y más con limitación en la actividad,2020,17.3333333333333,Porcentaje
23,Quintana Roo,011,Puerto Morelos,6200240478,Porcentaje de la población con limitación para escuchar,2020,16.0510715914273,Porcentaje
23,Quintana Roo,011,Puerto Morelos,6200240479,Porcentaje de la población con limitación para poner atención o aprender,2020,14.9566803465572,Porcentaje
23,Quintana Roo,011,Puerto Morelos,6200240480,Población de 5 años y más hablante de Huasteco,2020,2,Personas
23,Quintana Roo,011,Puerto Morelos,6200240481,Población de 5 años y más hablante de Tzotzil (Tsotsil),2020,44,Personas
23,Quintana Roo,011,Puerto Morelos,6200240486,Porcentaje de hombres de 25 a 29 años,2020,4.97375376940546,Porcentaje
23,Quintana Roo,011,Puerto Morelos,6200240488,Porcentaje de la población de 15 a 29 años con limitación en la actividad,2020,4.59852962375667,Porcentaje
23,Quintana Roo,011,Puerto Morelos,6200240493,Porcentaje de la población de 5 años y más hablante de lengua indígena,2020,9.98742444525577,Porcentaje
23,Quintana Roo,011,Puerto Morelos,6200240495,Porcentaje de la población con discapacidad por otra causa,2020,20.6896551724138,Porcentaje
23,Quintana Roo,011,Puerto Morelos,6200240496,Población de 5 años y más hablante de Náhuatl,2020,29,Personas
23,Quintana Roo,011,Puerto Morelos,6200240497,Población no católica,2020,6029,Miles DE personas
23,Quintana Roo,011,Puerto Morelos,6200240499,Porcentaje de la población que profesa la religión protestante y evangélica,2020,22.0422718323985,Porcentaje
23,Quintana Roo,011,Puerto Morelos,6200240507,Porcentaje de mujeres de 50 a 54 años,2020,2.24489036149064,Porcentaje
23,Quintana Roo,011,Puerto Morelos,6200240509,Tasa de monolingüismo de la población de 5 años y más hablante de Tarahumara,2020,0,Porcentaje
23,Quintana Roo,011,Puerto Morelos,6200240518,Porcentaje de hombres de 30 a 34 años,2020,4.98119950858121,Porcentaje
23,Quintana Roo,011,Puerto Morelos,6200240520,Porcentaje de hombres de 20 a 24 años,2020,4.44882915751461,Porcentaje
23,Quintana Roo,011,Puerto Morelos,6200240521,Población de 5 años y más hablante de Zoque,2020,19,Personas
23,Quintana Roo,011,Puerto Morelos,6200240522,Tasa de monolingüismo de la población de 5 años y más hablante de Purépecha (Tarasco),2020,0,Porcentaje
23,Quintana Roo,011,Puerto Morelos,6200240532,Porcentaje de hombres de 45 a 49 años,2020,3.1793306280481,Porcentaje
23,Quintana Roo,011,Puerto Morelos,6200240533,Porcentaje de hombres de 50 a 54 años,2020,2.77726071255724,Porcentaje
23,Quintana Roo,011,Puerto Morelos,6200240534,Tasa de monolingüismo de la población de 5 años y más hablante de Resto de lenguas,2020,0,Porcentaje
23,Quintana Roo,011,Puerto Morelos,6200240535,Población de 5 años y más hablante de Mazateco,2020,3,Personas
23,Quintana Roo,011,Puerto Morelos,6200240536,Tasa de monolingüismo de la población de 5 años y más hablante de Tlapaneco,2020,0,Porcentaje
23,Quintana Roo,011,Puerto Morelos,6200240537,Tasa de monolingüismo de la población de 5 años y más hablante de Tzeltal (Tseltal),2020,1.1049723756906,Porcentaje
23,Quintana Roo,011,Puerto Morelos,6200240538,Población de 5 años y más hablante del Resto de lenguas,2020,36,Personas
23,Quintana Roo,011,Puerto Morelos,6200240539,Tasa de monolingüismo de la población de 5 años y más hablante de Lenguas chinantecas,2020,0,Porcentaje
23,Quintana Roo,011,Puerto Morelos,6200240540,Porcentaje de la población con discapacidad por enfermedad,2020,29.6760710553814,Porcentaje
23,Quintana Roo,011,Puerto Morelos,6200240548,Porcentaje de mujeres de 25 a 29 años,2020,5.00725959569636,Porcentaje
23,Quintana Roo,011,Puerto Morelos,6200240549,Porcentaje de mujeres de 30 a 34 años,2020,5.12639142250847,Porcentaje
23,Quintana Roo,011,Puerto Morelos,6205370864,Porcentaje de población que se considera afrodescendiente,2020,2.97165781360276,Porcentaje
23,Quintana Roo,011,Puerto Morelos,6207019007,Porcentaje de la población de 12 años y más viuda,2020,2.72769516728625,Porcentaje
23,Quintana Roo,011,Puerto Morelos,6207019009,Porcentaje de la población de 12 años y más casada,2020,29.9581784386617,Porcentaje
23,Quintana Roo,011,Puerto Morelos,6207019010,Porcentaje de población de 25 años y más alfabeta,2020,95.4244694132335,Porcentaje
23,Quintana Roo,011,Puerto Morelos,6207019011,Porcentaje de la población de 12 años y más soltera,2020,31.4265799256506,Porcentaje
23,Quintana Roo,011,Puerto Morelos,6207019012,Porcentaje de la población de 12 años y más separada,2020,5.64126394052045,Porcentaje
23,Quintana Roo,011,Puerto Morelos,6207019016,Porcentaje de la población de 12 años y más divorciada,2020,1.72862453531599,Porcentaje
23,Quintana Roo,011,Puerto Morelos,6207019017,Porcentaje de población afiliada a otra institución,2020,0.889142205756626,Porcentaje
23,Quintana Roo,011,Puerto Morelos,6207019018,Porcentaje de población afiliada a servicios de salud,2020,65.1721704245756,Porcentaje
23,Quintana Roo,011,Puerto Morelos,6207019019,Porcentaje de la población de 12 años y más en unión libre,2020,28.2806691449814,Porcentaje
23,Quintana Roo,011,Puerto Morelos,6207019020,Porcentaje de población de 15 años y más sin escolaridad,2020,4.52258828171237,Porcentaje
23,Quintana Roo,011,Puerto Morelos,6207019022,Porcentaje de viviendas particulares habitadas propias,2020,56.7043439716312,Porcentaje
23,Quintana Roo,011,Puerto Morelos,6207019023,Porcentaje de hijos fallecidos de las mujeres de 15 a 49 años,2020,2.94430992736077,Porcentaje
23,Quintana Roo,011,Puerto Morelos,6207019024,Porcentaje de la población de 3 a 5 años que asiste a la escuela,2020,53.7291817523534,Porcentaje
23,Quintana Roo,011,Puerto Morelos,6207019026,Porcentaje de la población de 6 a 11 años que asiste a la escuela,2020,90.4509283819629,Porcentaje
23,Quintana Roo,011,Puerto Morelos,6207019028,Porcentaje de la población de 12 a 14 años que asiste a la escuela,2020,89.0675241157556,Porcentaje
23,Quintana Roo,011,Puerto Morelos,6207019029,Porcentaje de la población de 15 a 24 años que asiste a la escuela,2020,32.2368421052632,Porcentaje
23,Quintana Roo,011,Puerto Morelos,6207019030,Porcentaje de población de 12 años y más económicamente activa,2020,69.8373605947955,Porcentaje
23,Quintana Roo,011,Puerto Morelos,6207019031,Porcentaje de población de 15 años y más con escolaridad básica,2020,42.7056618662458,Porcentaje
23,Quintana Roo,011,Puerto Morelos,6207019034,Porcentaje de población de 3 años y más hablante de lengua indígena,2020,9.65935787000783,Porcentaje
23,Quintana Roo,011,Puerto Morelos,6207019035,Porcentaje de la población de 12 años y más No Económicamente Activa,2020,29.7026022304833,Porcentaje
23,Quintana Roo,011,Puerto Morelos,6207019036,Promedio de hijos nacidos vivos de las mujeres de 15 a 49 años EI2015,2020,1.35463133035949,Promedio
23,Quintana Roo,011,Puerto Morelos,6207019039,Porcentaje de la población de 12 años y más económicamente activa ocupada,2020,98.8755073524519,Porcentaje
23,Quintana Roo,011,Puerto Morelos,6207019040,Porcentaje de la población femenina de 12 años y más económicamente activa,2020,39.7897398363165,Porcentaje
23,Quintana Roo,011,Puerto Morelos,6207019042,Porcentaje de viviendas particulares habitadas que disponen de Internet,2020,52.4514869675049,Porcentaje
23,Quintana Roo,011,Puerto Morelos,6207019043,Porcentaje de la población masculina de 12 años y más económicamente activa,2020,60.2102601636836,Porcentaje
23,Quintana Roo,011,Puerto Morelos,6207019046,Porcentaje de viviendas particulares habitadas que disponen de computadora,2020,39.2467562291882,Porcentaje
23,Quintana Roo,011,Puerto Morelos,6207019047,Porcentaje de la población de 12 años y más no económicamente activa que estudia,2020,33.2916145181477,Porcentaje
23,Quintana Roo,011,Puerto Morelos,6207019050,Porcentaje de viviendas particulares habitadas que disponen de teléfono fijo,2020,21.0471925594213,Porcentaje
23,Quintana Roo,011,Puerto Morelos,6207019051,Porcentaje de la población de 12 años y más sin especificar su situación conyugal,2020,0.236988847583643,Porcentaje
23,Quintana Roo,011,Puerto Morelos,6207019054,Porcentaje de la población femenina de 12 años y más económicamente activa ocupada,2020,99.180602006689,Porcentaje
23,Quintana Roo,011,Puerto Morelos,6207019055,Porcentaje de viviendas particulares habitadas que disponen de teléfono celular,2020,91.7671374440234,Porcentaje
23,Quintana Roo,011,Puerto Morelos,6207019056,Porcentaje de la población masculina de 12 años y más económicamente activa ocupada,2020,98.6738866173058,Porcentaje
23,Quintana Roo,011,Puerto Morelos,6207019057,Porcentaje de viviendas particulares habitadas que disponen de televisión de paga,2020,52.0151567344127,Porcentaje
23,Quintana Roo,011,Puerto Morelos,6207019058,Porcentaje de población de 3 años y más hablante de lengua indígena que no habla español,2020,1.78354276449128,Porcentaje
23,Quintana Roo,011,Puerto Morelos,6207019059,Porcentaje de población de 12 años con condición de actividad económica no especificada,2020,0.46003717472119,Porcentaje
23,Quintana Roo,011,Puerto Morelos,6207019060,Porcentaje de la población de 12 años y más no económicamente activa que es pensionada o jubilada,2020,9.98122653316646,Porcentaje
23,Quintana Roo,011,Puerto Morelos,6207019063,Porcentaje de superficie en el ámbito geográfico de referencia respecto a la unidad geográfica superior,2020,2.32745061444321,Porcentaje
23,Quintana Roo,011,Puerto Morelos,6207019064,Porcentaje de la población de 12 años y más no económicamente activa que se dedica a los quehaceres del hogar,2020,42.0838548185232,Porcentaje
23,Quintana Roo,011,Puerto Morelos,6207019065,Porcentaje de la población de 12 años y más no económicamente activa que realiza otras actividades no económicas,2020,12.1558197747184,Porcentaje
23,Quintana Roo,011,Puerto Morelos,6207019070,Porcentaje de la población de 12 años y más no económicamente activa con alguna limitación física o mental que les impide trabajar,2020,2.48748435544431,Porcentaje
23,Quintana Roo,011,Puerto Morelos,6207020032,Porcentaje de hombres,2020,51.3762490249248,Porcentaje
23,Quintana Roo,011,Puerto Morelos,6207020033,Porcentaje de mujeres,2020,48.6237509750752,Porcentaje
23,Quintana Roo,011,Puerto Morelos,6207020035,Promedio de ocupantes por cuarto (Índice de hacinamiento),2020,1.11908946355344,Promedio
23,Quintana Roo,011,Puerto Morelos,6207049066,Población de 6 a 14 años que sabe leer y escribir,2020,3393,Porcentaje
23,Quintana Roo,011,Puerto Morelos,6207049067,Población de 6 a 14 años que no sabe leer y escribir,2020,453,Porcentaje
23,Quintana Roo,011,Puerto Morelos,6207049068,Porcentaje de la población de 3 años y más que asiste a la escuela,2020,23.664839467502,Porcentaje
23,Quintana Roo,011,Puerto Morelos,6207049069,Porcentaje de la población de 3 años y más que no asiste a la escuela,2020,76.0845732184808,Porcentaje
23,Quintana Roo,011,Puerto Morelos,6207049070,Población de 6 a 14 años que no especificó si sabe o no leer y escribir,2020,37,Porcentaje
23,Quintana Roo,011,Puerto Morelos,6207049071,Porcentaje de la población de 3 años y más que no especificó si asiste o no a la escuela,2020,0.250587314017228,Porcentaje
23,Quintana Roo,011,Puerto Morelos,6207051593,Porcentaje de población de 6 a 14 años que no asiste a la escuela,2020,9.605975,Porcentaje
23,Quintana Roo,011,Puerto Morelos,6207068394,Porcentaje de viviendas con agua entubada dentro de la vivienda,2020,82.8453324147434,Porcentaje
23,Quintana Roo,011,Puerto Morelos,6207129629,Porcentaje de la población nacional/estatal que representa,2020,1.44893527127506,Porcentaje
23,Quintana Roo,011,Puerto Morelos,6207129630,Promedio de ocupantes por dormitorio,2020,1.81870112206732,Promedio
23,Quintana Roo,011,Puerto Morelos,6207129631,Porcentaje de viviendas particulares habitadas que disponen de tinaco,2020,85.4173843150764,Porcentaje
23,Quintana Roo,011,Puerto Morelos,6207129632,Porcentaje de viviendas particulares habitadas que disponen de cisterna o aljibe,2020,14.8696750488001,Porcentaje
23,Quintana Roo,011,Puerto Morelos,6207129635,Porcentaje de viviendas particulares habitadas que disponen de Automóvil o camioneta,2020,42.7029509702607,Porcentaje
23,Quintana Roo,011,Puerto Morelos,6207129636,Porcentaje de viviendas particulares habitadas que disponen de motocicleta o motoneta,2020,13.9510850843955,Porcentaje
23,Quintana Roo,011,Puerto Morelos,6207129637,Porcentaje de viviendas particulares habitadas que disponen de bicicleta como medio de transporte,2020,44.6664370191756,Porcentaje
23,Quintana Roo,011,Puerto Morelos,6207129638,Porcentaje de la población con algún tipo de  discapacidad,2020,3.30596931763307,Porcentaje
23,Quintana Roo,011,Puerto Morelos,6207129639,Porcentaje de la población entre 0 y 17 años con algún tipo de  discapacidad,2020,1.80738445649367,Porcentaje
23,Quintana Roo,011,Puerto Morelos,6207129640,Porcentaje de la población entre 18 y 29 años con algún tipo de  discapacidad,2020,1.45429362880886,Porcentaje
23,Quintana Roo,011,Puerto Morelos,6207129641,Porcentaje de la población entre 30 y 59 años con algún tipo de  discapacidad,2020,2.83393501805054,Porcentaje
23,Quintana Roo,011,Puerto Morelos,6207129642,Porcentaje de la población de 60 años y más con algún tipo de  discapacidad,2020,15.5821159805224,Porcentaje
23,Quintana Roo,011,Puerto Morelos,6207129643,Porcentaje de la población de 5 y más años migrante según causa: Trabajo,2020,47.6086561192944,Porcentaje
23,Quintana Roo,011,Puerto Morelos,6207129644,Porcentaje de la población de 5 y más años migrante según causa: Familiar,2020,27.4231678486998,Porcentaje
23,Quintana Roo,011,Puerto Morelos,6207129645,Porcentaje de la población de 5 y más años migrante según causa: Educativa,2020,3.47335879250773,Porcentaje
23,Quintana Roo,011,Puerto Morelos,6207129646,Porcentaje de la población de 5 y más años migrante según causa: Inseguridad delictiva o violencia,2020,6.91034733587925,Porcentaje
23,Quintana Roo,011,Puerto Morelos,6207129647,Porcentaje de la población de 5 y más años migrante según causa: Otra causa,2020,12.3658847063102,Porcentaje
23,Quintana Roo,011,Puerto Morelos,6207129648,Promedio de hijos nacidos vivos por grupo de edad: 15-19,2020,0.154690618762475,Promedio
23,Quintana Roo,011,Puerto Morelos,6207129649,Promedio de hijos nacidos vivos por grupo de edad: 20-24,2020,0.712686567164179,Promedio
23,Quintana Roo,011,Puerto Morelos,6207129650,Promedio de hijos nacidos vivos por grupo de edad: 25-29,2020,1.15178571428571,Promedio
23,Quintana Roo,011,Puerto Morelos,6207129651,Promedio de hijos nacidos vivos por grupo de edad: 30-34,2020,1.46895544192841,Promedio
23,Quintana Roo,011,Puerto Morelos,6207129652,Promedio de hijos nacidos vivos por grupo de edad: 35-39,2020,1.83804627249357,Promedio
23,Quintana Roo,011,Puerto Morelos,6207129653,Promedio de hijos nacidos vivos por grupo de edad: 40-44,2020,2.14884696016771,Promedio
23,Quintana Roo,011,Puerto Morelos,6207129654,Promedio de hijos nacidos vivos por grupo de edad: 45-49,2020,2.31372549019608,Promedio
23,Quintana Roo,011,Puerto Morelos,6207129812,Porcentaje de viviendas particulares habitadas que disponen de refrigerador,2020,87.1971523711103,Porcentaje
23,Quintana Roo,011,Puerto Morelos,6207129813,Porcentaje de viviendas particulares habitadas que disponen de lavadora,2020,71.7074290963371,Porcentaje
23,Quintana Roo,011,Puerto Morelos,6207129818,Porcentaje de la población derechohabiente en Instituto de Salud para el Bienestar (IMSS-PROSPERA o IMSS-BIENESTAR),2020,0.558563693359932,Porcentaje
23,Quintana Roo,011,Puerto Morelos,6207129822,Ubicación geográfica con la mayor cantidad de pobladores. Primer lugar,2020,230110001,No aplica
23,Quintana Roo,011,Puerto Morelos,6207129825,Población de la ubicación geográfica con la mayor cantidad de pobladores. Primer lugar,2020,19205,Personas
23,Quintana Roo,011,Puerto Morelos,6207129828,Lengua indígena más frecuente. Descripción. Primer lugar,2020,602,No aplica
23,Quintana Roo,011,Puerto Morelos,6207129830,Lengua indígena más frecuente. Porcentaje. Primer lugar,2020,81.9672131147541,Porcentaje
23,Quintana Roo,011,Puerto Morelos,6207129840,Total de áreas geográficas,2020,241,Municipios

